categoria_es,categoria_pl,palabra_es,palabra_pl
"La Familia","Rodzina","la madre","matka"
"La Familia","Rodzina","el padre","ojciec"
"La Familia","Rodzina","el hijo","syn"
"La Familia","Rodzina","la hija","córka"
"La Familia","Rodzina","el hermano","brat"
"La Familia","Rodzina","la hermana","siostra"
"La Familia","Rodzina","el abuelo","dziadek"
"La Familia","Rodzina","la abuela","babcia"
"La Familia","Rodzina","el nieto","wnuk"
"La Familia","Rodzina","la nieta","wnuczka"
"La Familia","Rodzina","el tío","wujek"
"La Familia","Rodzina","la tía","ciocia"
"La Familia","Rodzina","el primo","kuzyn"
"La Familia","Rodzina","la prima","kuzynka"
"La Familia","Rodzina","el sobrino","siostrzeniec/bratanek"
"La Familia","Rodzina","la sobrina","siostrzenica/bratanica"
"La Familia","Rodzina","el esposo","mąż"
"La Familia","Rodzina","la esposa","żona"
"La Familia","Rodzina","el marido","mąż"
"La Familia","Rodzina","la mujer","kobieta/żona"
"La Familia","Rodzina","el suegro","teść"
"La Familia","Rodzina","la suegra","teściowa"
"La Familia","Rodzina","el yerno","zięć"
"La Familia","Rodzina","la nuera","synowa"
"La Familia","Rodzina","el cuñado","szwagier"
"La Familia","Rodzina","la cuñada","szwagierka"
"La Familia","Rodzina","el padrastro","ojczym"
"La Familia","Rodzina","la madrastra","macocha"
"La Familia","Rodzina","el hijastro","pasierb"
"La Familia","Rodzina","la hijastra","pasierbica"
"La Familia","Rodzina","el hermanastro","przyrodni brat"
"La Familia","Rodzina","la hermanastra","przyrodnia siostra"
"La Familia","Rodzina","el padrino","ojciec chrzestny"
"La Familia","Rodzina","la madrina","matka chrzestna"
"La Familia","Rodzina","el ahijado","chrześniak"
"La Familia","Rodzina","la ahijada","chrześniaczka"
"La Familia","Rodzina","los padres","rodzice"
"La Familia","Rodzina","los hijos","dzieci"
"La Familia","Rodzina","los abuelos","dziadkowie"
"La Familia","Rodzina","los suegros","teściowie"
"La Familia","Rodzina","el pariente","krewny"
"La Familia","Rodzina","la parienta","krewna"
"La Familia","Rodzina","el huérfano","sierota (chłopiec)"
"La Familia","Rodzina","la huérfana","sierota (dziewczynka)"
"La Familia","Rodzina","los gemelos","bliźniacy"
"La Familia","Rodzina","las gemelas","bliźniaczki"
"La Familia","Rodzina","el primogénito","pierworodny"
"La Familia","Rodzina","la familia política","rodzina ze strony męża/żony"
"La Familia","Rodzina","el antepasado","przodek"
"La Familia","Rodzina","la descendencia","potomstwo"
"El Cuerpo Humano","Ciało ludzkie","la cabeza","głowa"
"El Cuerpo Humano","Ciało ludzkie","el pelo","włosy"
"El Cuerpo Humano","Ciało ludzkie","la cara","twarz"
"El Cuerpo Humano","Ciało ludzkie","la frente","czoło"
"El Cuerpo Humano","Ciało ludzkie","el ojo","oko"
"El Cuerpo Humano","Ciało ludzkie","la ceja","brew"
"El Cuerpo Humano","Ciało ludzkie","la pestaña","rzęsa"
"El Cuerpo Humano","Ciało ludzkie","la nariz","nos"
"El Cuerpo Humano","Ciało ludzkie","la boca","usta"
"El Cuerpo Humano","Ciało ludzkie","el labio","warga"
"El Cuerpo Humano","Ciało ludzkie","el diente","ząb"
"El Cuerpo Humano","Ciało ludzkie","la lengua","język"
"El Cuerpo Humano","Ciało ludzkie","la oreja","ucho (zewnętrzne)"
"El Cuerpo Humano","Ciało ludzkie","el oído","ucho (wewnętrzne)"
"El Cuerpo Humano","Ciało ludzkie","la mejilla","policzek"
"El Cuerpo Humano","Ciało ludzkie","la barbilla","broda (część twarzy)"
"El Cuerpo Humano","Ciało ludzkie","el cuello","szyja"
"El Cuerpo Humano","Ciało ludzkie","la garganta","gardło"
"El Cuerpo Humano","Ciało ludzkie","el hombro","ramię (staw)"
"El Cuerpo Humano","Ciało ludzkie","el brazo","ręka (od ramienia do dłoni)"
"El Cuerpo Humano","Ciało ludzkie","el codo","łokieć"
"El Cuerpo Humano","Ciało ludzkie","la muñeca","nadgarstek"
"El Cuerpo Humano","Ciało ludzkie","la mano","dłoń"
"El Cuerpo Humano","Ciało ludzkie","el dedo","palec (u ręki)"
"El Cuerpo Humano","Ciało ludzkie","la uña","paznokieć"
"El Cuerpo Humano","Ciało ludzkie","el pecho","klatka piersiowa"
"El Cuerpo Humano","Ciało ludzkie","el corazón","serce"
"El Cuerpo Humano","Ciało ludzkie","el estómago","żołądek"
"El Cuerpo Humano","Ciało ludzkie","la barriga","brzuch"
"El Cuerpo Humano","Ciało ludzkie","el ombligo","pępek"
"El Cuerpo Humano","Ciało ludzkie","la espalda","plecy"
"El Cuerpo Humano","Ciało ludzkie","la columna vertebral","kręgosłup"
"El Cuerpo Humano","Ciało ludzkie","la cintura","talia"
"El Cuerpo Humano","Ciało ludzkie","la cadera","biodro"
"El Cuerpo Humano","Ciało ludzkie","el trasero","pośladki"
"El Cuerpo Humano","Ciało ludzkie","la pierna","noga"
"El Cuerpo Humano","Ciało ludzkie","el muslo","udo"
"El Cuerpo Humano","Ciało ludzkie","la rodilla","kolano"
"El Cuerpo Humano","Ciało ludzkie","el tobillo","kostka"
"El Cuerpo Humano","Ciało ludzkie","el pie","stopa"
"El Cuerpo Humano","Ciało ludzkie","el dedo del pie","palec u nogi"
"El Cuerpo Humano","Ciało ludzkie","el talón","pięta"
"El Cuerpo Humano","Ciało ludzkie","la piel","skóra"
"El Cuerpo Humano","Ciało ludzkie","el hueso","kość"
"El Cuerpo Humano","Ciało ludzkie","el músculo","mięsień"
"El Cuerpo Humano","Ciało ludzkie","la sangre","krew"
"El Cuerpo Humano","Ciało ludzkie","la vena","żyła"
"El Cuerpo Humano","Ciało ludzkie","el pulmón","płuco"
"El Cuerpo Humano","Ciało ludzkie","el cerebro","mózg"
"El Cuerpo Humano","Ciało ludzkie","el hígado","wątroba"
"La Ciudad","Miasto","la ciudad","miasto"
"La Ciudad","Miasto","el pueblo","wioska/miasteczko"
"La Ciudad","Miasto","el centro","centrum"
"La Ciudad","Miasto","el barrio","dzielnica"
"La Ciudad","Miasto","las afueras","przedmieścia"
"La Ciudad","Miasto","la calle","ulica"
"La Ciudad","Miasto","la avenida","aleja"
"La Ciudad","Miasto","la plaza","plac"
"La Ciudad","Miasto","el parque","park"
"La Ciudad","Miasto","el jardín","ogród"
"La Ciudad","Miasto","el edificio","budynek"
"La Ciudad","Miasto","el rascacielos","drapacz chmur"
"La Ciudad","Miasto","la casa","dom"
"La Ciudad","Miasto","el apartamento","apartament/mieszkanie"
"La Ciudad","Miasto","la tienda","sklep"
"La Ciudad","Miasto","el centro comercial","centrum handlowe"
"La Ciudad","Miasto","el supermercado","supermarket"
"La Ciudad","Miasto","el mercado","rynek/targ"
"La Ciudad","Miasto","la panadería","piekarnia"
"La Ciudad","Miasto","la carnicería","rzeźnik"
"La Ciudad","Miasto","la farmacia","apteka"
"La Ciudad","Miasto","el hospital","szpital"
"La Ciudad","Miasto","la clínica","klinika"
"La Ciudad","Miasto","la escuela","szkoła"
"La Ciudad","Miasto","el colegio","szkoła podstawowa/średnia"
"La Ciudad","Miasto","la universidad","uniwersytet"
"La Ciudad","Miasto","la biblioteca","biblioteka"
"La Ciudad","Miasto","el museo","muzeum"
"La Ciudad","Miasto","el teatro","teatr"
"La Ciudad","Miasto","el cine","kino"
"La Ciudad","Miasto","el restaurante","restauracja"
"La Ciudad","Miasto","el café","kawiarnia"
"La Ciudad","Miasto","el bar","bar"
"La Ciudad","Miasto","el banco","bank"
"La Ciudad","Miasto","el cajero automático","bankomat"
"La Ciudad","Miasto","la oficina de correos","poczta"
"La Ciudad","Miasto","la comisaría","posterunek policji"
"La Ciudad","Miasto","la estación de bomberos","remiza strażacka"
"La Ciudad","Miasto","el ayuntamiento","ratusz"
"La Ciudad","Miasto","la iglesia","kościół"
"La Ciudad","Miasto","la catedral","katedra"
"La Ciudad","Miasto","la estación de tren","stacja kolejowa"
"La Ciudad","Miasto","la estación de autobuses","dworzec autobusowy"
"La Ciudad","Miasto","el aeropuerto","lotnisko"
"La Ciudad","Miasto","el puente","most"
"La Ciudad","Miasto","el monumento","pomnik"
"La Ciudad","Miasto","la fuente","fontanna"
"La Ciudad","Miasto","el semáforo","sygnalizacja świetlna"
"La Ciudad","Miasto","la acera","chodnik"
"La Ciudad","Miasto","el paso de cebra","przejście dla pieszych"
"La Casa","Dom","la casa","dom"
"La Casa","Dom","el piso","mieszkanie/piętro"
"La Casa","Dom","el edificio","budynek"
"La Casa","Dom","el tejado","dach"
"La Casa","Dom","la chimenea","komin"
"La Casa","Dom","la pared","ściana"
"La Casa","Dom","el suelo","podłoga"
"La Casa","Dom","el techo","sufit"
"La Casa","Dom","la ventana","okno"
"La Casa","Dom","la puerta","drzwi"
"La Casa","Dom","el balcón","balkon"
"La Casa","Dom","la terraza","taras"
"La Casa","Dom","el jardín","ogród"
"La Casa","Dom","el garaje","garaż"
"La Casa","Dom","el sótano","piwnica"
"La Casa","Dom","el ático","strych"
"La Casa","Dom","la escalera","schody"
"La Casa","Dom","el ascensor","winda"
"La Casa","Dom","el pasillo","korytarz"
"La Casa","Dom","el recibidor","przedpokój"
"La Casa","Dom","el salón","salon"
"La Casa","Dom","el comedor","jadalnia"
"La Casa","Dom","la cocina","kuchnia"
"La Casa","Dom","el dormitorio","sypialnia"
"La Casa","Dom","el cuarto de baño","łazienka"
"La Casa","Dom","el aseo","toaleta"
"La Casa","Dom","el estudio","gabinet"
"La Casa","Dom","el cuarto de invitados","pokój gościnny"
"La Casa","Dom","el mueble","mebel"
"La Casa","Dom","la silla","krzesło"
"La Casa","Dom","la mesa","stół"
"La Casa","Dom","el sofá","kanapa"
"La Casa","Dom","el sillón","fotel"
"La Casa","Dom","la estantería","regał"
"La Casa","Dom","el armario","szafa"
"La Casa","Dom","la cama","łóżko"
"La Casa","Dom","la mesita de noche","stolik nocny"
"La Casa","Dom","el escritorio","biurko"
"La Casa","Dom","la lámpara","lampa"
"La Casa","Dom","la alfombra","dywan"
"La Casa","Dom","el espejo","lustro"
"La Casa","Dom","el cuadro","obraz"
"La Casa","Dom","la cortina","zasłona"
"La Casa","Dom","la persiana","roleta"
"La Casa","Dom","el cojín","poduszka (dekoracyjna)"
"La Casa","Dom","la almohada","poduszka (do spania)"
"La Casa","Dom","la manta","koc"
"La Casa","Dom","la sábana","prześcieradło"
"La Casa","Dom","la calefacción","ogrzewanie"
"La Casa","Dom","el aire acondicionado","klimatyzacja"
"La Comida","Jedzenie","el desayuno","śniadanie"
"La Comida","Jedzenie","el almuerzo","drugie śniadanie/lunch"
"La Comida","Jedzenie","la comida","obiad/jedzenie"
"La Comida","Jedzenie","la cena","kolacja"
"La Comida","Jedzenie","el plato","danie/talerz"
"La Comida","Jedzenie","el primer plato","pierwsze danie"
"La Comida","Jedzenie","el segundo plato","drugie danie"
"La Comida","Jedzenie","el postre","deser"
"La Comida","Jedzenie","el pan","chleb"
"La Comida","Jedzenie","el panecillo","bułka"
"La Comida","Jedzenie","la mantequilla","masło"
"La Comida","Jedzenie","el queso","ser"
"La Comida","Jedzenie","el huevo","jajko"
"La Comida","Jedzenie","la carne","mięso"
"La Comida","Jedzenie","el pollo","kurczak"
"La Comida","Jedzenie","el cerdo","wieprzowina"
"La Comida","Jedzenie","la ternera","cielęcina"
"La Comida","Jedzenie","el pescado","ryba"
"La Comida","Jedzenie","el marisco","owoce morza"
"La Comida","Jedzenie","la sopa","zupa"
"La Comida","Jedzenie","la ensalada","sałatka"
"La Comida","Jedzenie","la pasta","makaron"
"La Comida","Jedzenie","el arroz","ryż"
"La Comida","Jedzenie","la patata","ziemniak"
"La Comida","Jedzenie","la verdura","warzywo"
"La Comida","Jedzenie","el tomate","pomidor"
"La Comida","Jedzenie","la cebolla","cebula"
"La Comida","Jedzenie","el ajo","czosnek"
"La Comida","Jedzenie","la fruta","owoc"
"La Comida","Jedzenie","la manzana","jabłko"
"La Comida","Jedzenie","el plátano","banan"
"La Comida","Jedzenie","la naranja","pomarańcza"
"La Comida","Jedzenie","el limón","cytryna"
"La Comida","Jedzenie","la fresa","truskawka"
"La Comida","Jedzenie","la uva","winogrono"
"La Comida","Jedzenie","el azúcar","cukier"
"La Comida","Jedzenie","la sal","sól"
"La Comida","Jedzenie","la pimienta","pieprz"
"La Comida","Jedzenie","el aceite","olej/oliwa"
"La Comida","Jedzenie","el vinagre","ocet"
"La Comida","Jedzenie","la salsa","sos"
"La Comida","Jedzenie","el chocolate","czekolada"
"La Comida","Jedzenie","el caramelo","cukierek"
"La Comida","Jedzenie","el helado","lody"
"La Comida","Jedzenie","el pastel","ciasto"
"La Comida","Jedzenie","la galleta","ciastko"
"La Comida","Jedzenie","el bocadillo","kanapka (z bagietki)"
"La Comida","Jedzenie","el sándwich","kanapka (z chleba tostowego)"
"La Comida","Jedzenie","la hamburguesa","hamburger"
"La Comida","Jedzenie","la pizza","pizza"
"Las Bebidas","Napoje","el agua","woda"
"Las Bebidas","Napoje","el agua mineral","woda mineralna"
"Las Bebidas","Napoje","el agua con gas","woda gazowana"
"Las Bebidas","Napoje","el agua sin gas","woda niegazowana"
"Las Bebidas","Napoje","el té","herbata"
"Las Bebidas","Napoje","el té negro","czarna herbata"
"Las Bebidas","Napoje","el té verde","zielona herbata"
"Las Bebidas","Napoje","el café","kawa"
"Las Bebidas","Napoje","el café solo","czarna kawa"
"Las Bebidas","Napoje","el café con leche","kawa z mlekiem"
"Las Bebidas","Napoje","el cortado","kawa z odrobiną mleka"
"Las Bebidas","Napoje","el capuchino","cappuccino"
"Las Bebidas","Napoje","el zumo / el jugo","sok"
"Las Bebidas","Napoje","el zumo de naranja","sok pomarańczowy"
"Las Bebidas","Napoje","el zumo de manzana","sok jabłkowy"
"Las Bebidas","Napoje","el zumo de piña","sok ananasowy"
"Las Bebidas","Napoje","la leche","mleko"
"Las Bebidas","Napoje","el batido","koktajl mleczny / szejk"
"Las Bebidas","Napoje","el refresco","napój gazowany"
"Las Bebidas","Napoje","la cola","cola"
"Las Bebidas","Napoje","la limonada","lemoniada"
"Las Bebidas","Napoje","la naranjada","oranżada"
"Las Bebidas","Napoje","el jarabe","syrop"
"Las Bebidas","Napoje","la cerveza","piwo"
"Las Bebidas","Napoje","la cerveza rubia","jasne piwo"
"Las Bebidas","Napoje","la cerveza negra","ciemne piwo"
"Las Bebidas","Napoje","el vino","wino"
"Las Bebidas","Napoje","el vino tinto","czerwone wino"
"Las Bebidas","Napoje","el vino blanco","białe wino"
"Las Bebidas","Napoje","el vino rosado","różowe wino"
"Las Bebidas","Napoje","el champán","szampan"
"Las Bebidas","Napoje","el cava","wino musujące"
"Las Bebidas","Napoje","el licor","likier"
"Las Bebidas","Napoje","el ron","rum"
"Las Bebidas","Napoje","el vodka","wódka"
"Las Bebidas","Napoje","el whisky","whisky"
"Las Bebidas","Napoje","la ginebra","dżin"
"Las Bebidas","Napoje","el cóctel","koktajl (alkoholowy)"
"Las Bebidas","Napoje","el aguardiente","wódka / bimber"
"Las Bebidas","Napoje","el vermú","wermut"
"Las Bebidas","Napoje","la sangría","sangria"
"Las Bebidas","Napoje","el chocolate caliente","gorąca czekolada"
"Las Bebidas","Napoje","el hielo","lód"
"Las Bebidas","Napoje","la bebida isotónica","napój izotoniczny"
"Las Bebidas","Napoje","la infusión","napar"
"Las Bebidas","Napoje","el vaso","szklanka"
"Las Bebidas","Napoje","la taza","filiżanka"
"Las Bebidas","Napoje","la botella","butelka"
"Las Bebidas","Napoje","la jarra","dzbanek"
"Las Bebidas","Napoje","la lata","puszka"
"La Ropa","Ubrania","la camisa","koszula"
"La Ropa","Ubrania","la camiseta","koszulka / t-shirt"
"La Ropa","Ubrania","el pantalón","spodnie"
"La Ropa","Ubrania","los vaqueros","dżinsy"
"La Ropa","Ubrania","la falda","spódnica"
"La Ropa","Ubrania","el vestido","sukienka"
"La Ropa","Ubrania","el traje","garnitur"
"La Ropa","Ubrania","la chaqueta","kurtka / marynarka"
"La Ropa","Ubrania","el abrigo","płaszcz"
"La Ropa","Ubrania","el jersey / el suéter","sweter"
"La Ropa","Ubrania","la sudadera","bluza"
"La Ropa","Ubrania","el chaleco","kamizelka"
"La Ropa","Ubrania","los pantalones cortos","krótkie spodenki"
"La Ropa","Ubrania","la ropa interior","bielizna"
"La Ropa","Ubrania","las bragas","majtki (damskie)"
"La Ropa","Ubrania","los calzoncillos","majtki (męskie)"
"La Ropa","Ubrania","el sujetador","biustonosz"
"La Ropa","Ubrania","los calcetines","skarpetki"
"La Ropa","Ubrania","las medias","rajstopy / pończochy"
"La Ropa","Ubrania","el pijama","piżama"
"La Ropa","Ubrania","el camisón","koszula nocna"
"La Ropa","Ubrania","el albornoz","szlafrok"
"La Ropa","Ubrania","el bañador","strój kąpielowy"
"La Ropa","Ubrania","el bikini","bikini"
"La Ropa","Ubrania","los zapatos","buty"
"La Ropa","Ubrania","las zapatillas de deporte","buty sportowe"
"La Ropa","Ubrania","las botas","kozaki / buty za kostkę"
"La Ropa","Ubrania","las sandalias","sandały"
"La Ropa","Ubrania","los tacones","buty na obcasie"
"La Ropa","Ubrania","las zapatillas de casa","kapcie"
"La Ropa","Ubrania","el gorro","czapka"
"La Ropa","Ubrania","el sombrero","kapelusz"
"La Ropa","Ubrania","la bufanda","szalik"
"La Ropa","Ubrania","los guantes","rękawiczki"
"La Ropa","Ubrania","el cinturón","pasek"
"La Ropa","Ubrania","la corbata","krawat"
"La Ropa","Ubrania","la pajarita","mucha (do garnituru)"
"La Ropa","Ubrania","el pañuelo","chustka"
"La Ropa","Ubrania","el bolso","torebka"
"La Ropa","Ubrania","la cartera","portfel"
"La Ropa","Ubrania","la mochila","plecak"
"La Ropa","Ubrania","el paraguas","parasol"
"La Ropa","Ubrania","las gafas de sol","okulary przeciwsłoneczne"
"La Ropa","Ubrania","el botón","guzik"
"La Ropa","Ubrania","la cremallera","zamek błyskawiczny"
"La Ropa","Ubrania","el bolsillo","kieszeń"
"La Ropa","Ubrania","la manga","rękaw"
"La Ropa","Ubrania","el cuello","kołnierzyk"
"La Ropa","Ubrania","el algodón","bawełna"
"La Ropa","Ubrania","la lana","wełna"
"Los Colores","Kolory","el color","kolor"
"Los Colores","Kolory","rojo","czerwony"
"Los Colores","Kolory","azul","niebieski"
"Los Colores","Kolory","amarillo","żółty"
"Los Colores","Kolory","verde","zielony"
"Los Colores","Kolory","negro","czarny"
"Los Colores","Kolory","blanco","biały"
"Los Colores","Kolory","gris","szary"
"Los Colores","Kolory","marrón / café","brązowy"
"Los Colores","Kolory","naranja","pomarańczowy"
"Los Colores","Kolory","rosa","różowy"
"Los Colores","Kolory","morado / púrpura","fioletowy"
"Los Colores","Kolory","violeta","fiołkowy"
"Los Colores","Kolory","celeste","błękitny"
"Los Colores","Kolory","azul marino","granatowy"
"Los Colores","Kolory","verde oliva","oliwkowy"
"Los Colores","Kolory","verde esmeralda","szmaragdowy"
"Los Colores","Kolory","beige","beżowy"
"Los Colores","Kolory","granate / burdeos","bordowy"
"Los Colores","Kolory","fucsia","fuksja"
"Los Colores","Kolory","turquesa","turkusowy"
"Los Colores","Kolory","coral","koralowy"
"Los Colores","Kolory","magenta","magenta"
"Los Colores","Kolory","lila","liliowy"
"Los Colores","Kolory","dorado","złoty"
"Los Colores","Kolory","plateado","srebrny"
"Los Colores","Kolory","bronce","brązowy (odlew) / spiżowy"
"Los Colores","Kolory","cobre","miedziany"
"Los Colores","Kolory","claro","jasny"
"Los Colores","Kolory","oscuro","ciemny"
"Los Colores","Kolory","brillante","błyszczący"
"Los Colores","Kolory","mate","matowy"
"Los Colores","Kolory","pálido","blady"
"Los Colores","Kolory","vivo","żywy / jaskrawy"
"Los Colores","Kolory","intenso","intensywny"
"Los Colores","Kolory","pastel","pastelowy"
"Los Colores","Kolory","multicolor","wielokolorowy"
"Los Colores","Kolory","a rayas","w paski"
"Los Colores","Kolory","a cuadros","w kratkę"
"Los Colores","Kolory","a lunares","w grochy"
"Los Colores","Kolory","liso","gładki / jednolity"
"Los Colores","Kolory","teñir","farbować"
"Los Colores","Kolory","pintar","malować"
"Los Colores","Kolory","el tono","odcień"
"Los Colores","Kolory","el matiz","tonacja / niuans"
"Los Colores","Kolory","el arcoíris","tęcza"
"Los Colores","Kolory","transparente","przezroczysty"
"Los Colores","Kolory","opaco","nieprzezroczysty"
"Los Colores","Kolory","translúcido","półprzezroczysty"
"Los Colores","Kolory","fosforescente","fosforyzujący"
"Los Números","Liczby","cero","zero"
"Los Números","Liczby","uno","jeden"
"Los Números","Liczby","dos","dwa"
"Los Números","Liczby","tres","trzy"
"Los Números","Liczby","cuatro","cztery"
"Los Números","Liczby","cinco","pięć"
"Los Números","Liczby","seis","sześć"
"Los Números","Liczby","siete","siedem"
"Los Números","Liczby","ocho","osiem"
"Los Números","Liczby","nueve","dziewięć"
"Los Números","Liczby","diez","dziesięć"
"Los Números","Liczby","once","jedenaście"
"Los Números","Liczby","doce","dwanaście"
"Los Números","Liczby","trece","trzynaście"
"Los Números","Liczby","catorce","czternaście"
"Los Números","Liczby","quince","piętnaście"
"Los Números","Liczby","dieciséis","szesnaście"
"Los Números","Liczby","diecisiete","siedemnaście"
"Los Números","Liczby","dieciocho","osiemnaście"
"Los Números","Liczby","diecinueve","dziewiętnaście"
"Los Números","Liczby","veinte","dwadzieścia"
"Los Números","Liczby","veintiuno","dwadzieścia jeden"
"Los Números","Liczby","treinta","trzydzieści"
"Los Números","Liczby","cuarenta","czterdzieści"
"Los Números","Liczby","cincuenta","pięćdziesiąt"
"Los Números","Liczby","sesenta","sześćdziesiąt"
"Los Números","Liczby","setenta","siedemdziesiąt"
"Los Números","Liczby","ochenta","osiemdziesiąt"
"Los Números","Liczby","noventa","dziewięćdziesiąt"
"Los Números","Liczby","cien","sto"
"Los Números","Liczby","ciento uno","sto jeden"
"Los Números","Liczby","doscientos","dwieście"
"Los Números","Liczby","trescientos","trzysta"
"Los Números","Liczby","quinientos","pięćset"
"Los Números","Liczby","mil","tysiąc"
"Los Números","Liczby","un millón","milion"
"Los Números","Liczby","un billón","bilion"
"Los Números","Liczby","la mitad","połowa"
"Los Números","Liczby","un tercio","jedna trzecia"
"Los Números","Liczby","un cuarto","jedna czwarta"
"Los Números","Liczby","primero","pierwszy"
"Los Números","Liczby","segundo","drugi"
"Los Números","Liczby","tercero","trzeci"
"Los Números","Liczby","cuarto","czwarty"
"Los Números","Liczby","quinto","piąty"
"Los Números","Liczby","sexto","szósty"
"Los Números","Liczby","séptimo","siódmy"
"Los Números","Liczby","octavo","ósmy"
"Los Números","Liczby","noveno","dziewiąty"
"Los Números","Liczby","décimo","dziesiąty"
"El Tiempo","Czas","el tiempo","czas / pogoda"
"El Tiempo","Czas","la hora","godzina"
"El Tiempo","Czas","el minuto","minuta"
"El Tiempo","Czas","el segundo","sekunda"
"El Tiempo","Czas","el día","dzień"
"El Tiempo","Czas","la semana","tydzień"
"El Tiempo","Czas","el fin de semana","weekend"
"El Tiempo","Czas","el mes","miesiąc"
"El Tiempo","Czas","el año","rok"
"El Tiempo","Czas","la década","dekada"
"El Tiempo","Czas","el siglo","wiek / stulecie"
"El Tiempo","Czas","el milenio","tysiąclecie"
"El Tiempo","Czas","hoy","dzisiaj"
"El Tiempo","Czas","mañana","jutro / rano"
"El Tiempo","Czas","ayer","wczoraj"
"El Tiempo","Czas","anteayer","przedwczoraj"
"El Tiempo","Czas","pasado mañana","pojutrze"
"El Tiempo","Czas","la madrugada","świt / wczesny ranek"
"El Tiempo","Czas","la mañana","poranek"
"El Tiempo","Czas","el mediodía","południe"
"El Tiempo","Czas","la tarde","popołudnie"
"El Tiempo","Czas","la noche","noc"
"El Tiempo","Czas","la medianoche","północ"
"El Tiempo","Czas","el amanecer","wschód słońca"
"El Tiempo","Czas","el atardecer","zachód słońca"
"El Tiempo","Czas","la fecha","data"
"El Tiempo","Czas","el calendario","kalendarz"
"El Tiempo","Czas","el reloj","zegar / zegarek"
"El Tiempo","Czas","el reloj de pulsera","zegarek na rękę"
"El Tiempo","Czas","el reloj de pared","zegar ścienny"
"El Tiempo","Czas","el despertador","budzik"
"El Tiempo","Czas","pronto","wkrótce / wcześnie"
"El Tiempo","Czas","tarde","późno"
"El Tiempo","Czas","temprano","wcześnie"
"El Tiempo","Czas","ahora","teraz"
"El Tiempo","Czas","luego","później"
"El Tiempo","Czas","antes","wcześniej / przedtem"
"El Tiempo","Czas","después","potem"
"El Tiempo","Czas","siempre","zawsze"
"El Tiempo","Czas","nunca","nigdy"
"El Tiempo","Czas","a veces","czasami"
"El Tiempo","Czas","a menudo","często"
"El Tiempo","Czas","de vez en cuando","od czasu do czasu"
"El Tiempo","Czas","diariamente","codziennie"
"El Tiempo","Czas","semanalmente","cotygodniowo"
"El Tiempo","Czas","mensualmente","miesięcznie"
"El Tiempo","Czas","anualmente","rocznie"
"El Tiempo","Czas","puntual","punktualny"
"El Tiempo","Czas","retrasado","opóźniony"
"El Tiempo","Czas","la duración","czas trwania"
"El Clima","Pogoda","el sol","słońce"
"El Clima","Pogoda","la lluvia","deszcz"
"El Clima","Pogoda","la nieve","śnieg"
"El Clima","Pogoda","el viento","wiatr"
"El Clima","Pogoda","la nube","chmura"
"El Clima","Pogoda","la tormenta","burza"
"El Clima","Pogoda","el relámpago","błyskawica"
"El Clima","Pogoda","el trueno","grzmot"
"El Clima","Pogoda","el granizo","grad"
"El Clima","Pogoda","la niebla","mgła"
"El Clima","Pogoda","el hielo","lód"
"El Clima","Pogoda","el calor","upał"
"El Clima","Pogoda","el frío","zimno / chłód"
"El Clima","Pogoda","la temperatura","temperatura"
"El Clima","Pogoda","el grado","stopień"
"El Clima","Pogoda","el pronóstico","prognoza pogody"
"El Clima","Pogoda","el huracán","huragan"
"El Clima","Pogoda","el tornado","tornado"
"El Clima","Pogoda","el arcoíris","tęcza"
"El Clima","Pogoda","el clima","klimat"
"El Clima","Pogoda","soleado","słoneczny"
"El Clima","Pogoda","nublado","pochmurny"
"El Clima","Pogoda","lluvioso","deszczowy"
"El Clima","Pogoda","ventoso","wietrzny"
"El Clima","Pogoda","despejado","bezchmurny"
"El Clima","Pogoda","húmedo","wilgotny"
"El Clima","Pogoda","seco","suchy"
"El Clima","Pogoda","la humedad","wilgotność"
"El Clima","Pogoda","la sequía","susza"
"El Clima","Pogoda","la inundación","powódź"
"El Clima","Pogoda","llover","padać (o deszczu)"
"El Clima","Pogoda","nevar","padać (o śniegu)"
"El Clima","Pogoda","helar","zamarzać"
"El Clima","Pogoda","derretir","topnieć"
"El Clima","Pogoda","la brisa","bryza"
"El Clima","Pogoda","el chaparrón","ulewa / kapuśniaczek"
"El Clima","Pogoda","el charco","kałuża"
"El Clima","Pogoda","el termómetro","termometr"
"El Clima","Pogoda","el invierno","zima"
"El Clima","Pogoda","la primavera","wiosna"
"El Clima","Pogoda","el verano","lato"
"El Clima","Pogoda","el otoño","jesień"
"El Clima","Pogoda","el chubasco","przlotny deszcz"
"El Clima","Pogoda","la ráfaga","poryw wiatru"
"El Clima","Pogoda","la escarcha","szron"
"El Clima","Pogoda","el bochorno","parno / duchota"
"El Clima","Pogoda","templado","umiarkowany / łagodny"
"El Clima","Pogoda","el monzón","monsun"
"El Clima","Pogoda","la gota","kropla"
"El Clima","Pogoda","el paraguas","parasol"
"La Naturaleza","Natura","la naturaleza","natura / przyroda"
"La Naturaleza","Natura","el árbol","drzewo"
"La Naturaleza","Natura","el bosque","las"
"La Naturaleza","Natura","la selva","dżungla / puszcza"
"La Naturaleza","Natura","la montaña","góra"
"La Naturaleza","Natura","la colina","wzgórze"
"La Naturaleza","Natura","el valle","dolina"
"La Naturaleza","Natura","el río","rzeka"
"La Naturaleza","Natura","el lago","jezioro"
"La Naturaleza","Natura","el mar","morze"
"La Naturaleza","Natura","el océano","ocean"
"La Naturaleza","Natura","la playa","plaża"
"La Naturaleza","Natura","la arena","piasek"
"La Naturaleza","Natura","la isla","wyspa"
"La Naturaleza","Natura","la costa","wybrzeże"
"La Naturaleza","Natura","el desierto","pustynia"
"La Naturaleza","Natura","la tierra","ziemia"
"La Naturaleza","Natura","el suelo","gleba / grunt"
"La Naturaleza","Natura","la piedra","kamień"
"La Naturaleza","Natura","la roca","skała"
"La Naturaleza","Natura","el mineral","minerał"
"La Naturaleza","Natura","la hierba","trawa"
"La Naturaleza","Natura","el césped","trawnik"
"La Naturaleza","Natura","la planta","roślina"
"La Naturaleza","Natura","la flor","kwiat"
"La Naturaleza","Natura","la hoja","liść"
"La Naturaleza","Natura","la rama","gałąź"
"La Naturaleza","Natura","la raíz","korzeń"
"La Naturaleza","Natura","el tronco","pień"
"La Naturaleza","Natura","el arbusto","krzew"
"La Naturaleza","Natura","la semilla","nasiono"
"La Naturaleza","Natura","el fuego","ogień"
"La Naturaleza","Natura","el aire","powietrze"
"La Naturaleza","Natura","el agua","woda"
"La Naturaleza","Natura","el paisaje","krajobraz"
"La Naturaleza","Natura","el volcán","wulkan"
"La Naturaleza","Natura","la cueva","jaskinia"
"La Naturaleza","Natura","la cascada","wodospad"
"La Naturaleza","Natura","el campo","pole / wieś"
"La Naturaleza","Natura","el prado","łąka"
"La Naturaleza","Natura","la fauna","fauna"
"La Naturaleza","Natura","la flora","flora"
"La Naturaleza","Natura","la ecología","ekologia"
"La Naturaleza","Natura","el medio ambiente","środowisko naturalne"
"La Naturaleza","Natura","la contaminación","zanieczyszczenie"
"La Naturaleza","Natura","proteger","chronić"
"La Naturaleza","Natura","el parque nacional","park narodowy"
"La Naturaleza","Natura","la reserva","rezerwat"
"La Naturaleza","Natura","el camino","ścieżka / droga"
"La Naturaleza","Natura","el cielo","niebo"
"Los Animales","Zwierzęta","el animal","zwierzę"
"Los Animales","Zwierzęta","el perro","pies"
"Los Animales","Zwierzęta","el gato","kot"
"Los Animales","Zwierzęta","el ratón","mysz"
"Los Animales","Zwierzęta","el caballo","koń"
"Los Animales","Zwierzęta","la vaca","krowa"
"Los Animales","Zwierzęta","el cerdo","świnia"
"Los Animales","Zwierzęta","la oveja","owca"
"Los Animales","Zwierzęta","la cabra","koza"
"Los Animales","Zwierzęta","el burro","osioł"
"Los Animales","Zwierzęta","la gallina","kura"
"Los Animales","Zwierzęta","el gallo","kogut"
"Los Animales","Zwierzęta","el pato","kaczka"
"Los Animales","Zwierzęta","el pájaro","ptak"
"Los Animales","Zwierzęta","el pez","ryba"
"Los Animales","Zwierzęta","la rana","żaba"
"Los Animales","Zwierzęta","la serpiente","wąż"
"Los Animales","Zwierzęta","el cocodrilo","krokodyl"
"Los Animales","Zwierzęta","la tortuga","żółw"
"Los Animales","Zwierzęta","el león","lew"
"Los Animales","Zwierzęta","el tigre","tygrys"
"Los Animales","Zwierzęta","el elefante","słoń"
"Los Animales","Zwierzęta","la jirafa","żyrafa"
"Los Animales","Zwierzęta","el mono","małpa"
"Los Animales","Zwierzęta","el oso","niedźwiedź"
"Los Animales","Zwierzęta","el lobo","wilk"
"Los Animales","Zwierzęta","el zorro","lis"
"Los Animales","Zwierzęta","el ciervo","jeleń"
"Los Animales","Zwierzęta","el conejo","królik"
"Los Animales","Zwierzęta","la liebre","zając"
"Los Animales","Zwierzęta","el murciélago","nietoperz"
"Los Animales","Zwierzęta","la mariposa","motyl"
"Los Animales","Zwierzęta","la mosca","mucha"
"Los Animales","Zwierzęta","el mosquito","komar"
"Los Animales","Zwierzęta","la abeja","pszczoła"
"Los Animales","Zwierzęta","la araña","pająk"
"Los Animales","Zwierzęta","la hormiga","mrówka"
"Los Animales","Zwierzęta","el gusano","robak / dżdżownica"
"Los Animales","Zwierzęta","el caracol","ślimak"
"Los Animales","Zwierzęta","el cangrejo","krab"
"Los Animales","Zwierzęta","la ballena","wieloryb"
"Los Animales","Zwierzęta","el delfín","delfin"
"Los Animales","Zwierzęta","el tiburón","rekin"
"Los Animales","Zwierzęta","el pulpo","ośmiornica"
"Los Animales","Zwierzęta","la foca","foka"
"Los Animales","Zwierzęta","el pingüino","pingwin"
"Los Animales","Zwierzęta","el búho","sowa"
"Los Animales","Zwierzęta","el águila","orzeł"
"Los Animales","Zwierzęta","el loro","papuga"
"Los Animales","Zwierzęta","la mascota","zwierzę domowe"
"Las Profesiones","Zawody","la profesión","zawód"
"Las Profesiones","Zawody","el trabajo","praca"
"Las Profesiones","Zawody","el médico / la médica","lekarz / lekarka"
"Las Profesiones","Zawody","el enfermero / la enfermera","pielęgniarz / pielęgniarka"
"Las Profesiones","Zawody","el dentista","dentysta"
"Las Profesiones","Zawody","el veterinario","weterynarz"
"Las Profesiones","Zawody","el profesor / la profesora","nauczyciel / nauczycielka"
"Las Profesiones","Zawody","el estudiante","student / uczeń"
"Las Profesiones","Zawody","el abogado / la abogada","prawnik / prawniczka"
"Las Profesiones","Zawody","el juez / la jueza","sędzia"
"Las Profesiones","Zawody","el policía","policjant"
"Las Profesiones","Zawody","el bombero","strażak"
"Las Profesiones","Zawody","el soldado","żołnierz"
"Las Profesiones","Zawody","el ingeniero / la ingeniera","inżynier"
"Las Profesiones","Zawody","el arquitecto","architekt"
"Las Profesiones","Zawody","el informático","informatyk"
"Las Profesiones","Zawody","el científico","naukowiec"
"Las Profesiones","Zawody","el periodista","dziennikarz"
"Las Profesiones","Zawody","el escritor / la escritora","pisarz / pisarka"
"Las Profesiones","Zawody","el actor / la actriz","aktor / aktorka"
"Las Profesiones","Zawody","el cantante","piosenkarz"
"Las Profesiones","Zawody","el músico","muzyk"
"Las Profesiones","Zawody","el artista","artysta"
"Las Profesiones","Zawody","el pintor / la pintora","malarz / malarka"
"Las Profesiones","Zawody","el fotógrafo","fotograf"
"Las Profesiones","Zawody","el cocinero / la cocinera","kucharz / kucharka"
"Las Profesiones","Zawody","el camarero / la camarera","kelner / kelnerka"
"Las Profesiones","Zawody","el panadero","piekarz"
"Las Profesiones","Zawody","el carnicero","rzeźnik"
"Las Profesiones","Zawody","el peluquero / la peluquera","fryzjer / fryzjerka"
"Las Profesiones","Zawody","el mecánico","mechanik"
"Las Profesiones","Zawody","el conductor","kierowca"
"Las Profesiones","Zawody","el piloto","pilot"
"Las Profesiones","Zawody","el albañil","murarz"
"Las Profesiones","Zawody","el electricista","elektryk"
"Las Profesiones","Zawody","el fontanero","hydraulik"
"Las Profesiones","Zawody","el carpintero","stolarz"
"Las Profesiones","Zawody","el agricultor","rolnik"
"Las Profesiones","Zawody","el jardinero","ogrodnik"
"Las Profesiones","Zawody","el cartero","listonosz"
"Las Profesiones","Zawody","el vendedor / la vendedora","sprzedawca / sprzedawczyni"
"Las Profesiones","Zawody","el dependiente","ekspedient"
"Las Profesiones","Zawody","el cajero / la cajera","kasjer / kasjerka"
"Las Profesiones","Zawody","el contable","księgowy"
"Las Profesiones","Zawody","el secretario / la secretaria","sekretarz / sekretarka"
"Las Profesiones","Zawody","el jefe / la jefa","szef / szefowa"
"Las Profesiones","Zawody","el empleado / la empleada","pracownik / pracownica"
"Las Profesiones","Zawody","el empresario","przedsiębiorca"
"Las Profesiones","Zawody","el político","polityk"
"Las Profesiones","Zawody","el gerente","menedżer / kierownik"
"La Educación","Edukacja","la educación","edukacja"
"La Educación","Edukacja","la escuela","szkoła"
"La Educación","Edukacja","el colegio","szkoła (podstawowa)"
"La Educación","Edukacja","el instituto","liceum / szkoła średnia"
"La Educación","Edukacja","la universidad","uniwersytet"
"La Educación","Edukacja","la clase","klasa / lekcja"
"La Educación","Edukacja","el aula","sala lekcyjna"
"La Educación","Edukacja","el curso","kurs / rok szkolny"
"La Educación","Edukacja","la asignatura","przedmiot szkolny"
"La Educación","Edukacja","el recreo","przerwa"
"La Educación","Edukacja","el maestro / la maestra","nauczyciel / nauczycielka (klas młodszych)"
"La Educación","Edukacja","el alumno / la alumna","uczeń / uczennica"
"La Educación","Edukacja","el compañero de clase","kolega z klasy"
"La Educación","Edukacja","el director","dyrektor"
"La Educación","Edukacja","el libro","książka"
"La Educación","Edukacja","el cuaderno","zeszyt"
"La Educación","Edukacja","el estuche","piórnik"
"La Educación","Edukacja","el bolígrafo / el boli","długopis"
"La Educación","Edukacja","el lápiz","ołówek"
"La Educación","Edukacja","la goma de borrar","gumka do ścierania"
"La Educación","Edukacja","el rotulador","flamaster / mazak"
"La Educación","Edukacja","la regla","linijka"
"La Educación","Edukacja","la mochila","plecak"
"La Educación","Edukacja","la pizarra","tablica"
"La Educación","Edukacja","la tiza","kreda"
"La Educación","Edukacja","el borrador","gąbka do tablicy"
"La Educación","Edukacja","el pupitre","ławka szkolna"
"La Educación","Edukacja","el escritorio","biurko"
"La Educación","Edukacja","la biblioteca","biblioteka"
"La Educación","Edukacja","el gimnasio","sala gimnastyczna"
"La Educación","Edukacja","el comedor","stołówka"
"La Educación","Edukacja","el examen","egzamin"
"La Educación","Edukacja","la prueba","sprawdzian"
"La Educación","Edukacja","el test","test"
"La Educación","Edukacja","la nota","ocena"
"La Educación","Edukacja","el sobresaliente","ocena bardzo dobra / celująca"
"La Educación","Edukacja","el aprobado","ocena dostateczna / zdany"
"La Educación","Edukacja","el suspenso","ocena niedostateczna / oblany"
"La Educación","Edukacja","los deberes","praca domowa"
"La Educación","Edukacja","la tarea","zadanie (domowe)"
"La Educación","Edukacja","estudiar","uczyć się (nauka)"
"La Educación","Edukacja","aprender","uczyć się (przyswajać wiedzę)"
"La Educación","Edukacja","enseñar","nauczać"
"La Educación","Edukacja","leer","czytać"
"La Educación","Edukacja","escribir","pisać"
"La Educación","Edukacja","preguntar","pytać"
"La Educación","Edukacja","responder","odpowiadać"
"La Educación","Edukacja","el conocimiento","wiedza"
"La Educación","Edukacja","el título","tytuł / dyplom"
"La Educación","Edukacja","la beca","stypendium"
"La Salud","Zdrowie","la salud","zdrowie"
"La Salud","Zdrowie","la enfermedad","choroba"
"La Salud","Zdrowie","el dolor","ból"
"La Salud","Zdrowie","el paciente","pacjent"
"La Salud","Zdrowie","la pastilla / la píldora","tabletka / pigułka"
"La Salud","Zdrowie","el jarabe","syrop"
"La Salud","Zdrowie","la inyección","zastrzyk"
"La Salud","Zdrowie","la receta","recepta"
"La Salud","Zdrowie","el termómetro","termometr"
"La Salud","Zdrowie","la fiebre","gorączka"
"La Salud","Zdrowie","la tos","kaszel"
"La Salud","Zdrowie","el resfriado","przeziębienie"
"La Salud","Zdrowie","la gripe","grypa"
"La Salud","Zdrowie","el síntoma","objaw / symptom"
"La Salud","Zdrowie","la tirita / la curita","plaster"
"La Salud","Zdrowie","el vendaje","bandaż / opatrunek"
"La Salud","Zdrowie","la sangre","krew"
"La Salud","Zdrowie","sangrar","krwawić"
"La Salud","Zdrowie","respirar","oddychać"
"La Salud","Zdrowie","desmayarse","zemdleć"
"La Salud","Zdrowie","vomitar","wymiotować"
"La Salud","Zdrowie","mareado","mający mdłości / zawroty głowy"
"La Salud","Zdrowie","la alergia","alergia"
"La Salud","Zdrowie","la vacuna","szczepionka"
"La Salud","Zdrowie","el virus","wirus"
"La Salud","Zdrowie","la bacteria","bakteria"
"La Salud","Zdrowie","la infección","infekcja"
"La Salud","Zdrowie","la cicatriz","blizna"
"La Salud","Zdrowie","la herida","rana"
"La Salud","Zdrowie","el pulso","tętno / puls"
"La Salud","Zdrowie","la presión arterial","ciśnienie krwi"
"La Salud","Zdrowie","el infarto","zawał"
"La Salud","Zdrowie","el asma","astma"
"La Salud","Zdrowie","el cáncer","rak (choroba)"
"La Salud","Zdrowie","la operación","operacja"
"La Salud","Zdrowie","el cirujano","chirurg"
"La Salud","Zdrowie","la sala de emergencias","ostry dyżur / SOR"
"La Salud","Zdrowie","la camilla","nosze"
"La Salud","Zdrowie","la silla de ruedas","wózek inwalidzki"
"La Salud","Zdrowie","la muleta","kula (ortopedyczna)"
"La Salud","Zdrowie","el yeso / la escayola","gips"
"La Salud","Zdrowie","romperse","złamać sobie (coś)"
"La Salud","Zdrowie","curar","leczyć / uzdrawiać"
"La Salud","Zdrowie","el botiquín","apteczka"
"La Salud","Zdrowie","la clínica","klinika"
"La Salud","Zdrowie","sano","zdrowy"
"La Salud","Zdrowie","enfermo","chory"
"La Salud","Zdrowie","recuperarse","wracać do zdrowia"
"La Salud","Zdrowie","el tratamiento","leczenie"
"La Salud","Zdrowie","el diagnóstico","diagnoza"
"Los Transportes","Transport","el transporte","transport"
"Los Transportes","Transport","el vehículo","pojazd"
"Los Transportes","Transport","el coche / el carro","samochód"
"Los Transportes","Transport","el autobús","autobus"
"Los Transportes","Transport","el tren","pociąg"
"Los Transportes","Transport","el tranvía","tramwaj"
"Los Transportes","Transport","el metro","metro"
"Los Transportes","Transport","el avión","samolot"
"Los Transportes","Transport","el helicóptero","helikopter"
"Los Transportes","Transport","el barco","statek"
"Los Transportes","Transport","el ferry","prom"
"Los Transportes","Transport","la bicicleta","rower"
"Los Transportes","Transport","la moto / la motocicleta","motocykl"
"Los Transportes","Transport","el camión","ciężarówka"
"Los Transportes","Transport","la furgoneta","furgonetka / van"
"Los Transportes","Transport","el taxi","taksówka"
"Los Transportes","Transport","el billete / el boleto","bilet"
"Los Transportes","Transport","el pasaje","przejazd / bilet lotniczy"
"Los Transportes","Transport","la estación","stacja / dworzec"
"Los Transportes","Transport","la parada","przystanek"
"Los Transportes","Transport","el aeropuerto","lotnisko"
"Los Transportes","Transport","el puerto","port"
"Los Transportes","Transport","el andén","peron"
"Los Transportes","Transport","la vía","tor"
"Los Transportes","Transport","volar","latać"
"Los Transportes","Transport","conducir / manejar","prowadzić (pojazd)"
"Los Transportes","Transport","montar","jeździć (np. na rowerze, konno)"
"Los Transportes","Transport","navegar","żeglować / pływać"
"Los Transportes","Transport","viajar","podróżować"
"Los Transportes","Transport","el pasajero","pasażer"
"Los Transportes","Transport","el conductor","kierowca"
"Los Transportes","Transport","el piloto","pilot"
"Los Transportes","Transport","el billete de ida","bilet w jedną stronę"
"Los Transportes","Transport","el billete de ida y vuelta","bilet w obie strony"
"Los Transportes","Transport","la taquilla","kasa biletowa"
"Los Transportes","Transport","el equipaje","bagaż"
"Los Transportes","Transport","la maleta","walizka"
"Los Transportes","Transport","el tráfico","ruch drogowy"
"Los Transportes","Transport","el atasco","korek drogowy"
"Los Transportes","Transport","el semáforo","sygnalizacja świetlna"
"Los Transportes","Transport","la autopista","autostrada"
"Los Transportes","Transport","la carretera","szosa / droga"
"Los Transportes","Transport","la calle","ulica"
"Los Transportes","Transport","la velocidad","prędkość"
"Los Transportes","Transport","frenar","hamować"
"Los Transportes","Transport","acelerar","przyspieszać"
"Los Transportes","Transport","aparcar","parkować"
"Los Transportes","Transport","el garaje","garaż"
"Los Transportes","Transport","la gasolina","benzyna"
"Los Transportes","Transport","la multa","mandat"
"La Tecnología","Technologia","la tecnología","technologia"
"La Tecnología","Technologia","el ordenador / la computadora","komputer"
"La Tecnología","Technologia","el portátil","laptop"
"La Tecnología","Technologia","el teléfono móvil / el celular","telefon komórkowy"
"La Tecnología","Technologia","la tableta","tablet"
"La Tecnología","Technologia","la pantalla","ekran"
"La Tecnología","Technologia","el teclado","klawiatura"
"La Tecnología","Technologia","el ratón","myszka (komputerowa)"
"La Tecnología","Technologia","el cable","kabel"
"La Tecnología","Technologia","el cargador","ładowarka"
"La Tecnología","Technologia","la batería","bateria"
"La Tecnología","Technologia","el enchufe","wtyczka / gniazdko"
"La Tecnología","Technologia","la red","sieć"
"La Tecnología","Technologia","el wifi","wi-fi"
"La Tecnología","Technologia","el internet","internet"
"La Tecnología","Technologia","la página web","strona internetowa"
"La Tecnología","Technologia","el correo electrónico","poczta elektroniczna (e-mail)"
"La Tecnología","Technologia","la contraseña","hasło"
"La Tecnología","Technologia","el usuario","użytkownik"
"La Tecnología","Technologia","la aplicación / la app","aplikacja"
"La Tecnología","Technologia","el software","oprogramowanie"
"La Tecnología","Technologia","el hardware","sprzęt komputerowy"
"La Tecnología","Technologia","el archivo","plik"
"La Tecnología","Technologia","la carpeta","folder / teczka"
"La Tecnología","Technologia","el enlace / el link","link / odnośnik"
"La Tecnología","Technologia","el virus (informático)","wirus (komputerowy)"
"La Tecnología","Technologia","el antivirus","antywirus"
"La Tecnología","Technologia","descargar","pobierać (plik)"
"La Tecnología","Technologia","subir","przesyłać / wgrywać"
"La Tecnología","Technologia","guardar","zapisywać (plik)"
"La Tecnología","Technologia","borrar","usuwać / kasować"
"La Tecnología","Technologia","imprimir","drukować"
"La Tecnología","Technologia","la impresora","drukarka"
"La Tecnología","Technologia","el escáner","skaner"
"La Tecnología","Technologia","los auriculares","słuchawki"
"La Tecnología","Technologia","el altavoz","głośnik"
"La Tecnología","Technologia","el micrófono","mikrofon"
"La Tecnología","Technologia","la cámara","kamera / aparat"
"La Tecnología","Technologia","el botón","przycisk"
"La Tecnología","Technologia","encender","włączać"
"La Tecnología","Technologia","apagar","wyłączać"
"La Tecnología","Technologia","reiniciar","uruchamiać ponownie"
"La Tecnología","Technologia","hacer clic","klikać"
"La Tecnología","Technologia","navegar (por internet)","surfować (w internecie)"
"La Tecnología","Technologia","el servidor","serwer"
"La Tecnología","Technologia","el mensaje de texto","wiadomość tekstowa (SMS)"
"La Tecnología","Technologia","el chat","czat"
"La Tecnología","Technologia","la base de datos","baza danych"
"La Tecnología","Technologia","programar","programować"
"La Tecnología","Technologia","el código","kod"
"Los Deportes","Sport","el deporte","sport"
"Los Deportes","Sport","el equipo","drużyna"
"Los Deportes","Sport","el jugador / la jugadora","gracz / zawodnik"
"Los Deportes","Sport","el entrenador","trener"
"Los Deportes","Sport","el árbitro","sędzia (sportowy)"
"Los Deportes","Sport","el partido","mecz"
"Los Deportes","Sport","el estadio","stadion"
"Los Deportes","Sport","la cancha","boisko / kort"
"Los Deportes","Sport","la pista","bieżnia / tor"
"Los Deportes","Sport","el balón / la pelota","piłka"
"Los Deportes","Sport","el fútbol","piłka nożna"
"Los Deportes","Sport","el baloncesto","koszykówka"
"Los Deportes","Sport","el voleibol","siatkówka"
"Los Deportes","Sport","el tenis","tenis"
"Los Deportes","Sport","el béisbol","baseball"
"Los Deportes","Sport","el golf","golf"
"Los Deportes","Sport","el rugby","rugby"
"Los Deportes","Sport","el atletismo","lekkoatletyka"
"Los Deportes","Sport","la natación","pływanie"
"Los Deportes","Sport","el ciclismo","kolarstwo"
"Los Deportes","Sport","el boxeo","boks"
"Los Deportes","Sport","las artes marciales","sztuki walki"
"Los Deportes","Sport","el esquí","narciarstwo"
"Los Deportes","Sport","el patinaje","łyżwiarstwo / jazda na rolkach"
"Los Deportes","Sport","la gimnasia","gimnastyka"
"Los Deportes","Sport","el campeonato","mistrzostwa"
"Los Deportes","Sport","la medalla","medal"
"Los Deportes","Sport","el trofeo","trofeum"
"Los Deportes","Sport","la copa","puchar"
"Los Deportes","Sport","ganar","wygrywać"
"Los Deportes","Sport","perder","przegrywać"
"Los Deportes","Sport","empatar","remisować"
"Los Deportes","Sport","el empate","remis"
"Los Deportes","Sport","marcar (un gol)","strzelić (gola)"
"Los Deportes","Sport","el gol","gol"
"Los Deportes","Sport","el punto","punkt"
"Los Deportes","Sport","la carrera","wyścig"
"Los Deportes","Sport","correr","biegać"
"Los Deportes","Sport","saltar","skakać"
"Los Deportes","Sport","lanzar","rzucać"
"Los Deportes","Sport","atrapar","łapać"
"Los Deportes","Sport","entrenar","trenować"
"Los Deportes","Sport","el entrenamiento","trening"
"Los Deportes","Sport","el aficionado / el hincha","kibic"
"Los Deportes","Sport","el uniforme","mundur / strój sportowy"
"Los Deportes","Sport","la raqueta","rakieta (np. tenisowa)"
"Los Deportes","Sport","el bate","kij (np. baseballowy)"
"Los Deportes","Sport","la red","siatka (sportowa)"
"Los Deportes","Sport","el casco","kask"
"Los Deportes","Sport","la regla","zasada / reguła"
"El Arte","Sztuka","el arte","sztuka"
"El Arte","Sztuka","el artista","artysta"
"El Arte","Sztuka","la obra de arte","dzieło sztuki"
"El Arte","Sztuka","la pintura","malarstwo / obraz"
"El Arte","Sztuka","el cuadro","obraz"
"El Arte","Sztuka","el pintor / la pintora","malarz / malarka"
"El Arte","Sztuka","el pincel","pędzel"
"El Arte","Sztuka","la paleta","paleta"
"El Arte","Sztuka","el lienzo","płótno"
"El Arte","Sztuka","la escultura","rzeźba (dziedzina lub obiekt)"
"El Arte","Sztuka","el escultor","rzeźbiarz"
"El Arte","Sztuka","el mármol","marmur"
"El Arte","Sztuka","la arcilla","glina"
"El Arte","Sztuka","el dibujo","rysunek"
"El Arte","Sztuka","el dibujante","rysownik"
"El Arte","Sztuka","el lápiz","ołówek"
"El Arte","Sztuka","el retrato","portret"
"El Arte","Sztuka","el paisaje","pejzaż"
"El Arte","Sztuka","el bodegón","martwa natura"
"El Arte","Sztuka","la exposición","wystawa"
"El Arte","Sztuka","la galería","galeria"
"El Arte","Sztuka","el museo","muzeum"
"El Arte","Sztuka","el marco","rama"
"El Arte","Sztuka","la creatividad","kreatywność"
"El Arte","Sztuka","la inspiración","inspiracja"
"El Arte","Sztuka","el estilo","styl"
"El Arte","Sztuka","clásico","klasyczny"
"El Arte","Sztuka","moderno","nowoczesny"
"El Arte","Sztuka","abstracto","abstrakcyjny"
"El Arte","Sztuka","realista","realistyczny"
"El Arte","Sztuka","el surrealismo","surrealizm"
"El Arte","Sztuka","la acuarela","akwarela"
"El Arte","Sztuka","el óleo","farba olejna"
"El Arte","Sztuka","el boceto","szkic"
"El Arte","Sztuka","diseñar","projektować"
"El Arte","Sztuka","el diseño","projekt / design"
"El Arte","Sztuka","el arquitecto","architekt"
"El Arte","Sztuka","la arquitectura","architektura"
"El Arte","Sztuka","el edificio","budynek"
"El Arte","Sztuka","el monumento","zabytek / pomnik"
"El Arte","Sztuka","la fotografía","fotografia"
"El Arte","Sztuka","el fotógrafo","fotograf"
"El Arte","Sztuka","la cámara fotográfica","aparat fotograficzny"
"El Arte","Sztuka","capturar","uchwycić / sfotografować"
"El Arte","Sztuka","el grabado","grawer / rycina"
"El Arte","Sztuka","la cerámica","ceramika"
"El Arte","Sztuka","el mosaico","mozaika"
"El Arte","Sztuka","la simetría","symetria"
"El Arte","Sztuka","la perspectiva","perspektywa"
"El Arte","Sztuka","admirar","podziwiać"
"La Música","Muzyka","la música","muzyka"
"La Música","Muzyka","la canción","piosenka"
"La Música","Muzyka","el cantante / la cantante","piosenkarz / piosenkarka"
"La Música","Muzyka","el instrumento","instrument"
"La Música","Muzyka","la guitarra","gitara"
"La Música","Muzyka","el piano","pianino"
"La Música","Muzyka","el violín","skrzypce"
"La Música","Muzyka","la batería","perkusja"
"La Música","Muzyka","el bajo","gitara basowa"
"La Música","Muzyka","la banda / el grupo","zespół (muzyczny)"
"La Música","Muzyka","el concierto","koncert"
"La Música","Muzyka","el escenario","scena"
"La Música","Muzyka","el micrófono","mikrofon"
"La Música","Muzyka","el ritmo","rytm"
"La Música","Muzyka","la melodía","melodia"
"La Música","Muzyka","la letra","tekst (piosenki)"
"La Música","Muzyka","el disco","płyta"
"La Música","Muzyka","el álbum","album"
"La Música","Muzyka","los auriculares","słuchawki"
"La Música","Muzyka","el altavoz","głośnik"
"La Música","Muzyka","la nota","nuta"
"La Música","Muzyka","el acorde","akord"
"La Música","Muzyka","el compositor","kompozytor"
"La Música","Muzyka","tocar (un instrumento)","grać (na instrumencie)"
"La Música","Muzyka","cantar","śpiewać"
"La Música","Muzyka","escuchar","słuchać"
"La Música","Muzyka","el ensayo","próba"
"La Música","Muzyka","la orquesta","orkiestra"
"La Música","Muzyka","el coro","chór"
"La Música","Muzyka","la música clásica","muzyka klasyczna"
"La Música","Muzyka","el rock","rock"
"La Música","Muzyka","el pop","pop"
"La Música","Muzyka","el jazz","jazz"
"La Música","Muzyka","el flamenco","flamenco"
"La Música","Muzyka","el reguetón","reggaeton"
"La Música","Muzyka","la salsa","salsa (taniec/muzyka)"
"La Música","Muzyka","la partitura","partytura / zapis nutowy"
"La Música","Muzyka","el afinador","stroik / tuner"
"La Música","Muzyka","el amplificador","wzmacniacz"
"La Música","Muzyka","la cuerda","struna"
"La Música","Muzyka","el teclado","keyboard / instrument klawiszowy"
"La Música","Muzyka","la trompeta","trąbka"
"La Música","Muzyka","la flauta","flet"
"La Música","Muzyka","el saxofón","saksofon"
"La Música","Muzyka","el DJ","DJ"
"La Música","Muzyka","el festival","festiwal"
"La Música","Muzyka","la entrada","bilet wstępu"
"La Música","Muzyka","el público","publiczność"
"La Música","Muzyka","grabar","nagrywać"
"La Música","Muzyka","el sonido","dźwięk"
"El Cine","Kino","el cine","kino (budynek i sztuka)"
"El Cine","Kino","la película","film"
"El Cine","Kino","el actor","aktor"
"El Cine","Kino","la actriz","aktorka"
"El Cine","Kino","el director","reżyser"
"El Cine","Kino","el guion","scenariusz"
"El Cine","Kino","el guionista","scenarzysta"
"El Cine","Kino","la pantalla","ekran"
"El Cine","Kino","la entrada","bilet"
"El Cine","Kino","la taquilla","kasa biletowa"
"El Cine","Kino","las palomitas","popcorn"
"El Cine","Kino","el asiento / la butaca","miejsce / fotel"
"El Cine","Kino","la fila","rząd"
"El Cine","Kino","la cartelera","repertuar kinowy"
"El Cine","Kino","el estreno","premiera"
"El Cine","Kino","el tráiler","zwiastun"
"El Cine","Kino","el género","gatunek"
"El Cine","Kino","la comedia","komedia"
"El Cine","Kino","el drama","dramat"
"El Cine","Kino","la película de terror","horror"
"El Cine","Kino","la película de acción","film akcji"
"El Cine","Kino","la ciencia ficción","science fiction"
"El Cine","Kino","el documental","film dokumentalny"
"El Cine","Kino","la animación","animacja"
"El Cine","Kino","el personaje","postać"
"El Cine","Kino","el protagonista","główny bohater"
"El Cine","Kino","el antagonista","antagonista / czarny charakter"
"El Cine","Kino","la escena","scena (w filmie)"
"El Cine","Kino","el rodaje","kręcenie filmu / zdjęcia"
"El Cine","Kino","la cámara","kamera"
"El Cine","Kino","la claqueta","klaps"
"El Cine","Kino","el premio","nagroda"
"El Cine","Kino","el festival de cine","festiwal filmowy"
"El Cine","Kino","el Óscar","Oscar (nagroda)"
"El Cine","Kino","la banda sonora","ścieżka dźwiękowa"
"El Cine","Kino","el doblaje","dubbing"
"El Cine","Kino","los subtítulos","napisy"
"El Cine","Kino","el espectador","widz"
"El Cine","Kino","el crítico de cine","krytyk filmowy"
"El Cine","Kino","la reseña","recenzja"
"El Cine","Kino","los efectos especiales","efekty specjalne"
"El Cine","Kino","el maquillaje","charakteryzacja / makijaż"
"El Cine","Kino","el vestuario","kostiumy"
"El Cine","Kino","la pantalla grande","wielki ekran"
"El Cine","Kino","un éxito de taquilla","hit kinowy"
"El Cine","Kino","dirigir","reżyserować"
"El Cine","Kino","actuar","grać (rolę)"
"El Cine","Kino","proyectar","wyświetlać"
"El Cine","Kino","el plano","ujęcie"
"El Cine","Kino","el cortometraje","film krótkometrażowy"
"La Literatura","Literatura","la literatura","literatura"
"La Literatura","Literatura","el libro","książka"
"La Literatura","Literatura","el autor / la autora","autor / autorka"
"La Literatura","Literatura","el escritor / la escritora","pisarz / pisarka"
"La Literatura","Literatura","el poeta / la poetisa","poeta / poetka"
"La Literatura","Literatura","el poema","wiersz"
"La Literatura","Literatura","la poesía","poezja"
"La Literatura","Literatura","la novela","powieść"
"La Literatura","Literatura","el cuento","opowiadanie / bajka"
"La Literatura","Literatura","el ensayo","esej"
"La Literatura","Literatura","la página","strona"
"La Literatura","Literatura","el capítulo","rozdział"
"La Literatura","Literatura","la portada","okładka (przednia)"
"La Literatura","Literatura","la contraportada","tylna okładka"
"La Literatura","Literatura","el índice","spis treści"
"La Literatura","Literatura","el título","tytuł"
"La Literatura","Literatura","la editorial","wydawnictwo"
"La Literatura","Literatura","la librería","księgarnia"
"La Literatura","Literatura","la biblioteca","biblioteka"
"La Literatura","Literatura","leer","czytać"
"La Literatura","Literatura","escribir","pisać"
"La Literatura","Literatura","publicar","publikować / wydawać"
"La Literatura","Literatura","imprimir","drukować"
"La Literatura","Literatura","el lector / la lectora","czytelnik / czytelniczka"
"La Literatura","Literatura","el personaje","postać"
"La Literatura","Literatura","el protagonista","bohater główny"
"La Literatura","Literatura","el narrador","narrator"
"La Literatura","Literatura","la trama","fabuła"
"La Literatura","Literatura","el argumento","streszczenie fabuły"
"La Literatura","Literatura","el clímax","punkt kulminacyjny"
"La Literatura","Literatura","el desenlace","zakończenie / rozwiązanie akcji"
"La Literatura","Literatura","el género","gatunek literacki"
"La Literatura","Literatura","la ficción","fikcja literacka"
"La Literatura","Literatura","la biografía","biografia"
"La Literatura","Literatura","la autobiografía","autobiografia"
"La Literatura","Literatura","la fantasía","fantasy"
"La Literatura","Literatura","el misterio","kryminał / tajemnica"
"La Literatura","Literatura","el romance","romans"
"La Literatura","Literatura","el cómic","komiks"
"La Literatura","Literatura","la revista","czasopismo / magazyn"
"La Literatura","Literatura","el periódico","gazeta"
"La Literatura","Literatura","el artículo","artykuł"
"La Literatura","Literatura","la estantería","regał na książki"
"La Literatura","Literatura","el marcapáginas","zakładka do książki"
"La Literatura","Literatura","la encuadernación","oprawa"
"La Literatura","Literatura","el prólogo","prolog / wstęp"
"La Literatura","Literatura","el epílogo","epilog"
"La Literatura","Literatura","la traducción","tłumaczenie / przekład"
"La Literatura","Literatura","el traductor / la traductora","tłumacz / tłumaczka"
"La Literatura","Literatura","el manuscrito","manuskrypt / rękopis"
"La Política","Polityka","la política","polityka"
"La Política","Polityka","el político / la política","polityk"
"La Política","Polityka","el gobierno","rząd"
"La Política","Polityka","el presidente / la presidenta","prezydent"
"La Política","Polityka","el ministro / la ministra","minister"
"La Política","Polityka","el alcalde / la alcaldesa","burmistrz / prezydent miasta"
"La Política","Polityka","el parlamento","parlament"
"La Política","Polityka","el congreso","kongres"
"La Política","Polityka","el senado","senat"
"La Política","Polityka","el partido político","partia polityczna"
"La Política","Polityka","la elección","wybory"
"La Política","Polityka","el voto","głos (wyborczy)"
"La Política","Polityka","votar","głosować"
"La Política","Polityka","la urna","urna wyborcza"
"La Política","Polityka","la campaña","kampania"
"La Política","Polityka","el candidato","kandydat"
"La Política","Polityka","la democracia","demokracja"
"La Política","Polityka","la dictadura","dyktatura"
"La Política","Polityka","la república","republika"
"La Política","Polityka","la monarquía","monarchia"
"La Política","Polityka","el rey","król"
"La Política","Polityka","la reina","królowa"
"La Política","Polityka","la ley","ustawa / prawo"
"La Política","Polityka","la constitución","konstytucja"
"La Política","Polityka","el derecho","prawo (ogół norm)"
"La Política","Polityka","el ciudadano","obywatel"
"La Política","Polityka","el debate","debata"
"La Política","Polityka","el discurso","przemówienie"
"La Política","Polityka","la manifestación","manifestacja / demonstracja"
"La Política","Polityka","la huelga","strajk"
"La Política","Polityka","la protesta","protest"
"La Política","Polityka","la oposición","opozycja"
"La Política","Polityka","la mayoría","większość"
"La Política","Polityka","la minoría","mniejszość"
"La Política","Polityka","la corrupción","korupcja"
"La Política","Polityka","la crisis","kryzys"
"La Política","Polityka","la reforma","reforma"
"La Política","Polityka","el impuesto","podatek"
"La Política","Polityka","el presupuesto","budżet"
"La Política","Polityka","el estado","państwo"
"La Política","Polityka","la nación","naród"
"La Política","Polityka","la frontera","granica"
"La Política","Polityka","la embajada","ambasada"
"La Política","Polityka","el embajador","ambasador"
"La Política","Polityka","el tratado","traktat / układ"
"La Política","Polityka","la paz","pokój (stan bez wojny)"
"La Política","Polityka","la guerra","wojna"
"La Política","Polityka","la independencia","niepodległość"
"La Política","Polityka","el poder","władza"
"La Política","Polityka","el ministerio","ministerstwo"
"La Economía","Gospodarka","la economía","gospodarka / ekonomia"
"La Economía","Gospodarka","el dinero","pieniądze"
"La Economía","Gospodarka","el banco","bank"
"La Economía","Gospodarka","la cuenta bancaria","konto bankowe"
"La Economía","Gospodarka","la tarjeta de crédito","karta kredytowa"
"La Economía","Gospodarka","el efectivo / el metálico","gotówka"
"La Economía","Gospodarka","la moneda","moneta / waluta"
"La Economía","Gospodarka","el billete","banknot"
"La Economía","Gospodarka","el cajero automático","bankomat"
"La Economía","Gospodarka","el ingreso","przychód / dochód"
"La Economía","Gospodarka","el gasto","wydatek"
"La Economía","Gospodarka","el presupuesto","budżet"
"La Economía","Gospodarka","el sueldo","pensja"
"La Economía","Gospodarka","el salario","wynagrodzenie"
"La Economía","Gospodarka","el precio","cena"
"La Economía","Gospodarka","el coste / el costo","koszt"
"La Economía","Gospodarka","barato","tani"
"La Economía","Gospodarka","caro","drogi"
"La Economía","Gospodarka","la inflación","inflacja"
"La Economía","Gospodarka","la crisis económica","kryzys gospodarczy"
"La Economía","Gospodarka","el crecimiento","wzrost"
"La Economía","Gospodarka","el mercado","rynek"
"La Economía","Gospodarka","la empresa","firma / przedsiębiorstwo"
"La Economía","Gospodarka","el negocio","biznes / interes"
"La Economía","Gospodarka","el empresario","przedsiębiorca"
"La Economía","Gospodarka","el trabajador","pracownik"
"La Economía","Gospodarka","el empleo","zatrudnienie"
"La Economía","Gospodarka","el desempleo / el paro","bezrobocie"
"La Economía","Gospodarka","la tasa de paro","stopa bezrobocia"
"La Economía","Gospodarka","el contrato","kontrakt / umowa"
"La Economía","Gospodarka","la inversión","inwestycja"
"La Economía","Gospodarka","invertir","inwestować"
"La Economía","Gospodarka","la bolsa (de valores)","giełda (papierów wartościowych)"
"La Economía","Gospodarka","la acción","akcja (giełdowa)"
"La Economía","Gospodarka","el dividendo","dywidenda"
"La Economía","Gospodarka","el impuesto","podatek"
"La Economía","Gospodarka","el IVA","podatek VAT"
"La Economía","Gospodarka","la factura","faktura"
"La Economía","Gospodarka","el recibo","paragon / pokwitowanie"
"La Economía","Gospodarka","el cheque","czek"
"La Economía","Gospodarka","el préstamo","pożyczka"
"La Economía","Gospodarka","la deuda","dług"
"La Economía","Gospodarka","el interés","odsetki / oprocentowanie"
"La Economía","Gospodarka","la hipoteca","kredyt hipoteczny"
"La Economía","Gospodarka","el ahorro","oszczędności"
"La Economía","Gospodarka","ahorrar","oszczędzać"
"La Economía","Gospodarka","comprar","kupować"
"La Economía","Gospodarka","vender","sprzedawać"
"La Economía","Gospodarka","el comercio","handel"
"La Economía","Gospodarka","la exportación","eksport"
"La Geografía","Geografia","la geografía","geografia"
"La Geografía","Geografia","el mapa","mapa"
"La Geografía","Geografia","el globo terráqueo","globus"
"La Geografía","Geografia","el continente","kontynent"
"La Geografía","Geografia","el país","kraj / państwo"
"La Geografía","Geografia","la frontera","granica"
"La Geografía","Geografia","el océano","ocean"
"La Geografía","Geografia","el mar","morze"
"La Geografía","Geografia","el golfo","zatoka (duża)"
"La Geografía","Geografia","la bahía","zatoka (mniejsza)"
"La Geografía","Geografia","el lago","jezioro"
"La Geografía","Geografia","el río","rzeka"
"La Geografía","Geografia","el arroyo","strumień"
"La Geografía","Geografia","la montaña","góra"
"La Geografía","Geografia","la cordillera","łańcuch górski"
"La Geografía","Geografia","el volcán","wulkan"
"La Geografía","Geografia","el valle","dolina"
"La Geografía","Geografia","la llanura","równina"
"La Geografía","Geografia","el desierto","pustynia"
"La Geografía","Geografia","la selva","dżungla"
"La Geografía","Geografia","el bosque","las"
"La Geografía","Geografia","el ecuador","równik"
"La Geografía","Geografia","el polo norte","biegun północny"
"La Geografía","Geografia","el polo sur","biegun południowy"
"La Geografía","Geografia","la latitud","szerokość geograficzna"
"La Geografía","Geografia","la longitud","długość geograficzna"
"La Geografía","Geografia","el clima","klimat"
"La Geografía","Geografia","la península","półwysep"
"La Geografía","Geografia","la isla","wyspa"
"La Geografía","Geografia","el archipiélago","archipelag"
"La Geografía","Geografia","el cabo","przylądek"
"La Geografía","Geografia","el estrecho","cieśnina"
"La Geografía","Geografia","la costa","wybrzeże"
"La Geografía","Geografia","la playa","plaża"
"La Geografía","Geografia","el acantilado","klif"
"La Geografía","Geografia","la cueva","jaskinia"
"La Geografía","Geografia","el hemisferio","półkula"
"La Geografía","Geografia","la altitud","wysokość (n.p.m.)"
"La Geografía","Geografia","el relieve","ukształtowanie powierzchni"
"La Geografía","Geografia","el paisaje","krajobraz"
"La Geografía","Geografia","el territorio","terytorium"
"La Geografía","Geografia","la capital","stolica"
"La Geografía","Geografia","la provincia","prowincja"
"La Geografía","Geografia","el municipio","gmina / miasto"
"La Geografía","Geografia","la región","region"
"La Geografía","Geografia","el habitante","mieszkaniec"
"La Geografía","Geografia","la población","populacja / ludność"
"La Geografía","Geografia","el glaciar","lodowiec"
"La Geografía","Geografia","el pantano","bagno"
"La Geografía","Geografia","la duna","wydma"
"La Historia","Historia","la historia","historia"
"La Historia","Historia","el pasado","przeszłość"
"La Historia","Historia","el presente","teraźniejszość"
"La Historia","Historia","el futuro","przyszłość"
"La Historia","Historia","el siglo","wiek / stulecie"
"La Historia","Historia","la década","dekada"
"La Historia","Historia","la época","epoka"
"La Historia","Historia","la era","era"
"La Historia","Historia","la prehistoria","prehistoria"
"La Historia","Historia","la antigüedad","starożytność"
"La Historia","Historia","la Edad Media","średniowiecze"
"La Historia","Historia","el Renacimiento","renesans"
"La Historia","Historia","el imperio","imperium"
"La Historia","Historia","el rey","król"
"La Historia","Historia","la reina","królowa"
"La Historia","Historia","el emperador","cesarz"
"La Historia","Historia","el faraón","faraon"
"La Historia","Historia","el caballero","rycerz"
"La Historia","Historia","el castillo","zamek"
"La Historia","Historia","la corona","korona"
"La Historia","Historia","la guerra","wojna"
"La Historia","Historia","la paz","pokój (stan bez wojny)"
"La Historia","Historia","la batalla","bitwa"
"La Historia","Historia","el ejército","wojsko / armia"
"La Historia","Historia","la revolución","rewolucja"
"La Historia","Historia","la independencia","niepodległość"
"La Historia","Historia","el descubrimiento","odkrycie"
"La Historia","Historia","el explorador","odkrywca"
"La Historia","Historia","la colonia","kolonia"
"La Historia","Historia","el tratado","traktat"
"La Historia","Historia","la alianza","sojusz"
"La Historia","Historia","la victoria","zwycięstwo"
"La Historia","Historia","la derrota","porażka"
"La Historia","Historia","el héroe","bohater"
"La Historia","Historia","el líder","przywódca"
"La Historia","Historia","la civilización","cywilizacja"
"La Historia","Historia","el monumento","pomnik / zabytek"
"La Historia","Historia","la ruina","ruina"
"La Historia","Historia","el museo","muzeum"
"La Historia","Historia","el arqueólogo","archeolog"
"La Historia","Historia","la excavación","wykopalisko"
"La Historia","Historia","el artefacto","artefakt"
"La Historia","Historia","el documento","dokument"
"La Historia","Historia","el archivo","archiwum"
"La Historia","Historia","el mito","mit"
"La Historia","Historia","la leyenda","legenda"
"La Historia","Historia","la tradición","tradycja"
"La Historia","Historia","el antepasado","przodek"
"La Historia","Historia","el progreso","postęp"
"La Historia","Historia","la cronología","chronologia"
"Las Emociones","Emocje","la emoción","emocja"
"Las Emociones","Emocje","el sentimiento","uczucie"
"Las Emociones","Emocje","la alegría","radość"
"Las Emociones","Emocje","la tristeza","smutek"
"Las Emociones","Emocje","el enfado / la ira","złość / gniew"
"Las Emociones","Emocje","el miedo","strach"
"Las Emociones","Emocje","la sorpresa","niespodzianka / zdziwienie"
"Las Emociones","Emocje","el asco","wstręt"
"Las Emociones","Emocje","el amor","miłość"
"Las Emociones","Emocje","el odio","nienawiść"
"Las Emociones","Emocje","la felicidad","szczęście"
"Las Emociones","Emocje","la depresión","depresja"
"Las Emociones","Emocje","la ansiedad","niepokój / lęk"
"Las Emociones","Emocje","el estrés","stres"
"Las Emociones","Emocje","la tranquilidad","spokój"
"Las Emociones","Emocje","la esperanza","nadzieja"
"Las Emociones","Emocje","la desesperación","rozpacz"
"Las Emociones","Emocje","la culpa","wina"
"Las Emociones","Emocje","la vergüenza","wstyd"
"Las Emociones","Emocje","el orgullo","duma"
"Las Emociones","Emocje","la envidia","zazdrość (o to, co ma ktoś)"
"Las Emociones","Emocje","los celos","zazdrość (w miłości)"
"Las Emociones","Emocje","la compasión","współczucie"
"Las Emociones","Emocje","la empatía","empatia"
"Las Emociones","Emocje","la simpatía","sympatia"
"Las Emociones","Emocje","el aburrimiento","nuda"
"Las Emociones","Emocje","la diversión","zabawa"
"Las Emociones","Emocje","el entusiasmo","entuzjazm"
"Las Emociones","Emocje","la frustración","frustracja"
"Las Emociones","Emocje","la confusión","dezorientacja"
"Las Emociones","Emocje","la decepción","rozczarowanie"
"Las Emociones","Emocje","el alivio","ulga"
"Las Emociones","Emocje","la gratitud","wdzięczność"
"Las Emociones","Emocje","la nostalgia","nostalgia / tęsknota"
"Las Emociones","Emocje","la soledad","samotność"
"Las Emociones","Emocje","el cariño","czułość"
"Las Emociones","Emocje","la pasión","pasja / namiętność"
"Las Emociones","Emocje","la ternura","tkliwość"
"Las Emociones","Emocje","la admiración","podziw"
"Las Emociones","Emocje","el pánico","panika"
"Las Emociones","Emocje","el terror","przerażenie"
"Las Emociones","Emocje","la euforia","euforia"
"Las Emociones","Emocje","el nerviosismo","nerwowość"
"Las Emociones","Emocje","la confianza","zaufanie / pewność siebie"
"Las Emociones","Emocje","la duda","wątpliwość"
"Las Emociones","Emocje","el optimismo","optymizm"
"Las Emociones","Emocje","el pesimismo","pesymizm"
"Las Emociones","Emocje","llorar","płakać"
"Las Emociones","Emocje","reír","śmiać się"
"Las Emociones","Emocje","sonreír","uśmiechać się"
"Los Verbos de Acción","Czasowniki akcji","hacer","robić"
"Los Verbos de Acción","Czasowniki akcji","ir","iść / jechać"
"Los Verbos de Acción","Czasowniki akcji","venir","przychodzić / przyjeżdżać"
"Los Verbos de Acción","Czasowniki akcji","correr","biegać"
"Los Verbos de Acción","Czasowniki akcji","caminar / andar","chodzić / spacerować"
"Los Verbos de Acción","Czasowniki akcji","saltar","skakać"
"Los Verbos de Acción","Czasowniki akcji","nadar","pływać"
"Los Verbos de Acción","Czasowniki akcji","volar","latać"
"Los Verbos de Acción","Czasowniki akcji","caer","spadać / upadać"
"Los Verbos de Acción","Czasowniki akcji","lanzar","rzucać"
"Los Verbos de Acción","Czasowniki akcji","atrapar","łapać"
"Los Verbos de Acción","Czasowniki akcji","golpear","uderzać"
"Los Verbos de Acción","Czasowniki akcji","empujar","pchać"
"Los Verbos de Acción","Czasowniki akcji","tirar","ciągnąć / rzucać"
"Los Verbos de Acción","Czasowniki akcji","levantar","podnosić"
"Los Verbos de Acción","Czasowniki akcji","llevar","nieść / nosić / zabierać"
"Los Verbos de Acción","Czasowniki akcji","traer","przynosić"
"Los Verbos de Acción","Czasowniki akcji","abrir","otwierać"
"Los Verbos de Acción","Czasowniki akcji","cerrar","zamykać"
"Los Verbos de Acción","Czasowniki akcji","romper","psuć / łamać"
"Los Verbos de Acción","Czasowniki akcji","arreglar","naprawiać"
"Los Verbos de Acción","Czasowniki akcji","cortar","ciąć / kroić"
"Los Verbos de Acción","Czasowniki akcji","pegar","przyklejać / uderzać"
"Los Verbos de Acción","Czasowniki akcji","buscar","szukać"
"Los Verbos de Acción","Czasowniki akcji","encontrar","znajdować"
"Los Verbos de Acción","Czasowniki akcji","esconder","chować / ukrywać"
"Los Verbos de Acción","Czasowniki akcji","dar","dawać"
"Los Verbos de Acción","Czasowniki akcji","recibir","otrzymywać"
"Los Verbos de Acción","Czasowniki akcji","coger / tomar","brać / chwytać"
"Los Verbos de Acción","Czasowniki akcji","poner","kłaść / umieszczać"
"Los Verbos de Acción","Czasowniki akcji","quitar","zdejmować / zabierać"
"Los Verbos de Acción","Czasowniki akcji","subir","wchodzić (pod górę) / wsiadać"
"Los Verbos de Acción","Czasowniki akcji","bajar","schodzić (w dół) / wysiadać"
"Los Verbos de Acción","Czasowniki akcji","entrar","wchodzić"
"Los Verbos de Acción","Czasowniki akcji","salir","wychodzić"
"Los Verbos de Acción","Czasowniki akcji","escapar","uciekać"
"Los Verbos de Acción","Czasowniki akcji","perseguir","gonić / ścigać"
"Los Verbos de Acción","Czasowniki akcji","luchar","walczyć"
"Los Verbos de Acción","Czasowniki akcji","ganar","wygrywać"
"Los Verbos de Acción","Czasowniki akcji","perder","przegrywać / gubić"
"Los Verbos de Acción","Czasowniki akcji","construir","budować"
"Los Verbos de Acción","Czasowniki akcji","destruir","niszczyć"
"Los Verbos de Acción","Czasowniki akcji","limpiar","czyścić / sprzątać"
"Los Verbos de Acción","Czasowniki akcji","ensuciar","brudzić"
"Los Verbos de Acción","Czasowniki akcji","lavar","myć / prać"
"Los Verbos de Acción","Czasowniki akcji","secar","suszyć / wycierać"
"Los Verbos de Acción","Czasowniki akcji","cocinar","gotować"
"Los Verbos de Acción","Czasowniki akcji","comer","jeść"
"Los Verbos de Acción","Czasowniki akcji","beber","pić"
"Los Verbos de Acción","Czasowniki akcji","dormir","spać"
"Los Adjetivos de Personalidad","Przymiotniki osobowości","simpático","sympatyczny"
"Los Adjetivos de Personalidad","Przymiotniki osobowości","antipático","niesympatyczny"
"Los Adjetivos de Personalidad","Przymiotniki osobowości","amable","uprzejmy / miły"
"Los Adjetivos de Personalidad","Przymiotniki osobowości","grosero","niegrzeczny / grubiański"
"Los Adjetivos de Personalidad","Przymiotniki osobowości","educado","wychowany"
"Los Adjetivos de Personalidad","Przymiotniki osobowości","maleducado","niewychowany"
"Los Adjetivos de Personalidad","Przymiotniki osobowości","inteligente","inteligentny"
"Los Adjetivos de Personalidad","Przymiotniki osobowości","tonto","głupi"
"Los Adjetivos de Personalidad","Przymiotniki osobowości","listo","bystry / gotowy"
"Los Adjetivos de Personalidad","Przymiotniki osobowości","trabajador","pracowity"
"Los Adjetivos de Personalidad","Przymiotniki osobowości","perezoso / vago","leniwy"
"Los Adjetivos de Personalidad","Przymiotniki osobowości","valiente","odważny"
"Los Adjetivos de Personalidad","Przymiotniki osobowości","cobarde","tchórzliwy"
"Los Adjetivos de Personalidad","Przymiotniki osobowości","tímido","nieśmiały"
"Los Adjetivos de Personalidad","Przymiotniki osobowości","extrovertido","ekstrawertyczny"
"Los Adjetivos de Personalidad","Przymiotniki osobowości","introvertido","introwertyczny"
"Los Adjetivos de Personalidad","Przymiotniki osobowości","generoso","hojny"
"Los Adjetivos de Personalidad","Przymiotniki osobowości","egoísta","egoistyczny"
"Los Adjetivos de Personalidad","Przymiotniki osobowości","honesto","uczciwy"
"Los Adjetivos de Personalidad","Przymiotniki osobowości","mentiroso","kłamliwy / kłamca"
"Los Adjetivos de Personalidad","Przymiotniki osobowości","sincero","szczery"
"Los Adjetivos de Personalidad","Przymiotniki osobowości","hipócrita","hipokryta"
"Los Adjetivos de Personalidad","Przymiotniki osobowości","alegre","radosny / wesoły"
"Los Adjetivos de Personalidad","Przymiotniki osobowości","triste","smutny"
"Los Adjetivos de Personalidad","Przymiotniki osobowości","divertido","zabawny"
"Los Adjetivos de Personalidad","Przymiotniki osobowości","aburrido","nudny"
"Los Adjetivos de Personalidad","Przymiotniki osobowości","paciente","cierpliwy"
"Los Adjetivos de Personalidad","Przymiotniki osobowości","impaciente","niecierpliwy"
"Los Adjetivos de Personalidad","Przymiotniki osobowości","tranquilo","spokojny"
"Los Adjetivos de Personalidad","Przymiotniki osobowości","nervioso","nerwowy"
"Los Adjetivos de Personalidad","Przymiotniki osobowości","optimista","optymistyczny"
"Los Adjetivos de Personalidad","Przymiotniki osobowości","pesimista","pesymistyczny"
"Los Adjetivos de Personalidad","Przymiotniki osobowości","orgulloso","dumny"
"Los Adjetivos de Personalidad","Przymiotniki osobowości","humilde","pokorny"
"Los Adjetivos de Personalidad","Przymiotniki osobowości","ambicioso","ambitny"
"Los Adjetivos de Personalidad","Przymiotniki osobowości","modesto","skromny"
"Los Adjetivos de Personalidad","Przymiotniki osobowości","creativo","kreatywny"
"Los Adjetivos de Personalidad","Przymiotniki osobowości","curioso","ciekawy (świata)"
"Los Adjetivos de Personalidad","Przymiotniki osobowości","responsable","odpowiedzialny"
"Los Adjetivos de Personalidad","Przymiotniki osobowości","irresponsable","nieodpowiedzialny"
"Los Adjetivos de Personalidad","Przymiotniki osobowości","puntual","punktualny"
"Los Adjetivos de Personalidad","Przymiotniki osobowości","impuntual","niepunktualny"
"Los Adjetivos de Personalidad","Przymiotniki osobowości","tolerante","tolerancyjny"
"Los Adjetivos de Personalidad","Przymiotniki osobowości","intolerante","nietolerancyjny"
"Los Adjetivos de Personalidad","Przymiotniki osobowości","leal","lojalny"
"Los Adjetivos de Personalidad","Przymiotniki osobowości","desleal","nielojalny"
"Los Adjetivos de Personalidad","Przymiotniki osobowości","fiel","wierny"
"Los Adjetivos de Personalidad","Przymiotniki osobowości","infiel","niewierny"
"Los Adjetivos de Personalidad","Przymiotniki osobowości","cariñoso","czuły"
"Los Adjetivos de Personalidad","Przymiotniki osobowości","frío","chłodny (w obyciu)"
"En el Restaurante","W restauracji","el restaurante","restauracja"
"En el Restaurante","W restauracji","el menú","menu"
"En el Restaurante","W restauracji","la carta","karta dań"
"En el Restaurante","W restauracji","el camarero","kelner"
"En el Restaurante","W restauracji","la camarera","kelnerka"
"En el Restaurante","W restauracji","el cliente","klient"
"En el Restaurante","W restauracji","la mesa","stół"
"En el Restaurante","W restauracji","la silla","krzesło"
"En el Restaurante","W restauracji","la reserva","rezerwacja"
"En el Restaurante","W restauracji","reservar","rezerwować"
"En el Restaurante","W restauracji","pedir","zamawiać / prosić"
"En el Restaurante","W restauracji","la cuenta","rachunek"
"En el Restaurante","W restauracji","la propina","napiwek"
"En el Restaurante","W restauracji","el plato","talerz / danie"
"En el Restaurante","W restauracji","el vaso","szklanka"
"En el Restaurante","W restauracji","la copa","kieliszek"
"En el Restaurante","W restauracji","la taza","filiżanka"
"En el Restaurante","W restauracji","los cubiertos","sztućce"
"En el Restaurante","W restauracji","el tenedor","widelec"
"En el Restaurante","W restauracji","el cuchillo","nóż"
"En el Restaurante","W restauracji","la cuchara","łyżka"
"En el Restaurante","W restauracji","la cucharilla","łyżeczka"
"En el Restaurante","W restauracji","la servilleta","serwetka"
"En el Restaurante","W restauracji","el mantel","obrus"
"En el Restaurante","W restauracji","la sal","sól"
"En el Restaurante","W restauracji","la pimienta","pieprz"
"En el Restaurante","W restauracji","el aceite","oliwa / olej"
"En el Restaurante","W restauracji","el vinagre","ocet"
"En el Restaurante","W restauracji","el pan","chleb"
"En el Restaurante","W restauracji","el agua","woda"
"En el Restaurante","W restauracji","la bebida","napój"
"En el Restaurante","W restauracji","el entrante","przystawka"
"En el Restaurante","W restauracji","el primer plato","pierwsze danie"
"En el Restaurante","W restauracji","el plato principal","danie główne"
"En el Restaurante","W restauracji","el postre","deser"
"En el Restaurante","W restauracji","la especialidad de la casa","specjalność zakładu"
"En el Restaurante","W restauracji","la recomendación","rekomendacja"
"En el Restaurante","W restauracji","el chef","szef kuchni"
"En el Restaurante","W restauracji","cocinar","gotować"
"En el Restaurante","W restauracji","sabroso","smaczny"
"En el Restaurante","W restauracji","picante","pikantny"
"En el Restaurante","W restauracji","salado","słony"
"En el Restaurante","W restauracji","dulce","słodki"
"En el Restaurante","W restauracji","amargo","gorzki"
"En el Restaurante","W restauracji","ácido","kwaśny"
"En el Restaurante","W restauracji","la botella","butelka"
"En el Restaurante","W restauracji","pagar","płacić"
"En el Restaurante","W restauracji","en efectivo","gotówką"
"En el Restaurante","W restauracji","con tarjeta","kartą"
"En el Restaurante","W restauracji","el servicio","obsługa"
"En el Hotel","W hotelu","el hotel","hotel"
"En el Hotel","W hotelu","la recepción","recepcja"
"En el Hotel","W hotelu","el recepcionista","recepcjonista"
"En el Hotel","W hotelu","el huésped","gość (hotelowy)"
"En el Hotel","W hotelu","la llave","klucz"
"En el Hotel","W hotelu","la tarjeta","karta (do pokoju)"
"En el Hotel","W hotelu","la habitación","pokój"
"En el Hotel","W hotelu","la habitación individual","pokój jednoosobowy"
"En el Hotel","W hotelu","la habitación doble","pokój dwuosobowy"
"En el Hotel","W hotelu","la cama","łóżko"
"En el Hotel","W hotelu","la almohada","poduszka"
"En el Hotel","W hotelu","la manta","koc"
"En el Hotel","W hotelu","el baño","łazienka"
"En el Hotel","W hotelu","la ducha","prysznic"
"En el Hotel","W hotelu","la bañera","wanna"
"En el Hotel","W hotelu","el jabón","mydło"
"En el Hotel","W hotelu","el champú","szampon"
"En el Hotel","W hotelu","la toalla","ręcznik"
"En el Hotel","W hotelu","el papel higiénico","papier toaletowy"
"En el Hotel","W hotelu","el aire acondicionado","klimatyzacja"
"En el Hotel","W hotelu","la calefacción","ogrzewanie"
"En el Hotel","W hotelu","el balcón","balkon"
"En el Hotel","W hotelu","las vistas","widok"
"En el Hotel","W hotelu","el ascensor","winda"
"En el Hotel","W hotelu","las escaleras","schody"
"En el Hotel","W hotelu","el equipaje","bagaż"
"En el Hotel","W hotelu","la maleta","walizka"
"En el Hotel","W hotelu","el pasillo","korytarz"
"En el Hotel","W hotelu","el desayuno","śniadanie"
"En el Hotel","W hotelu","la pensión completa","pełne wyżywienie"
"En el Hotel","W hotelu","la media pensión","niepełne wyżywienie"
"En el Hotel","W hotelu","el servicio de habitaciones","obsługa pokoju"
"En el Hotel","W hotelu","la limpieza","sprzątanie"
"En el Hotel","W hotelu","cancelar","anulować"
"En el Hotel","W hotelu","registrarse","zameldować się"
"En el Hotel","W hotelu","la salida","wymeldowanie / wyjazd"
"En el Hotel","W hotelu","la estancia","pobyt"
"En el Hotel","W hotelu","la factura","faktura / rachunek"
"En el Hotel","W hotelu","el gerente","kierownik"
"En el Hotel","W hotelu","el botones","boy hotelowy"
"En el Hotel","W hotelu","el vestíbulo","lobby / hol"
"En el Hotel","W hotelu","la piscina","basen"
"En el Hotel","W hotelu","el gimnasio","siłownia"
"En el Hotel","W hotelu","el wifi","wi-fi"
"En el Hotel","W hotelu","la contraseña","hasło"
"En el Hotel","W hotelu","despertar","budzić"
"En el Hotel","W hotelu","quejarse","skarżyć się"
"En el Hotel","W hotelu","libre","wolny"
"En el Hotel","W hotelu","ocupado","zajęty"
"En el Hotel","W hotelu","la percha","wieszak"
"En el Aeropuerto","Na lotnisku","el aeropuerto","lotnisko"
"En el Aeropuerto","Na lotnisku","el avión","samolot"
"En el Aeropuerto","Na lotnisku","el vuelo","lot"
"En el Aeropuerto","Na lotnisku","la terminal","terminal"
"En el Aeropuerto","Na lotnisku","la puerta de embarque","bramka (gate)"
"En el Aeropuerto","Na lotnisku","el mostrador","stanowisko odprawy"
"En el Aeropuerto","Na lotnisku","la facturación","odprawa biletowa"
"En el Aeropuerto","Na lotnisku","el billete","bilet"
"En el Aeropuerto","Na lotnisku","la tarjeta de embarque","karta pokładowa"
"En el Aeropuerto","Na lotnisku","el pasaporte","paszport"
"En el Aeropuerto","Na lotnisku","el carné de identidad","dowód osobisty"
"En el Aeropuerto","Na lotnisku","el visado","wiza"
"En el Aeropuerto","Na lotnisku","el equipaje","bagaż"
"En el Aeropuerto","Na lotnisku","la maleta","walizka"
"En el Aeropuerto","Na lotnisku","el equipaje de mano","bagaż podręczny"
"En el Aeropuerto","Na lotnisku","la cinta","taśma bagażowa"
"En el Aeropuerto","Na lotnisku","la aduana","urząd celny / cło"
"En el Aeropuerto","Na lotnisku","el control de seguridad","kontrola bezpieczeństwa"
"En el Aeropuerto","Na lotnisku","el pasajero","pasażer"
"En el Aeropuerto","Na lotnisku","el piloto","pilot"
"En el Aeropuerto","Na lotnisku","la azafata","stewardesa"
"En el Aeropuerto","Na lotnisku","el asiento","siedzenie / miejsce"
"En el Aeropuerto","Na lotnisku","el cinturón de seguridad","pas bezpieczeństwa"
"En el Aeropuerto","Na lotnisku","despegar","startować"
"En el Aeropuerto","Na lotnisku","el despegue","start (samolotu)"
"En el Aeropuerto","Na lotnisku","aterrizar","lądować"
"En el Aeropuerto","Na lotnisku","el aterrizaje","lądowanie"
"En el Aeropuerto","Na lotnisku","el retraso","opóźnienie"
"En el Aeropuerto","Na lotnisku","retrasado","opóźniony"
"En el Aeropuerto","Na lotnisku","cancelado","odwołany"
"En el Aeropuerto","Na lotnisku","a tiempo","na czas"
"En el Aeropuerto","Na lotnisku","la llegada","przylot"
"En el Aeropuerto","Na lotnisku","la salida","odlot"
"En el Aeropuerto","Na lotnisku","la escala","międzylądowanie / przesiadka"
"En el Aeropuerto","Na lotnisku","la compañía aérea","linia lotnicza"
"En el Aeropuerto","Na lotnisku","el exceso de equipaje","nadbagaż"
"En el Aeropuerto","Na lotnisku","declarar","clić / deklarować"
"En el Aeropuerto","Na lotnisku","la pantalla","ekran / tablica odlotów"
"En el Aeropuerto","Na lotnisku","el vuelo nacional","lot krajowy"
"En el Aeropuerto","Na lotnisku","el vuelo internacional","lot międzynarodowy"
"En el Aeropuerto","Na lotnisku","la sala de espera","poczekalnia"
"En el Aeropuerto","Na lotnisku","el carrito","wózek na bagaż"
"En el Aeropuerto","Na lotnisku","el asiento de pasillo","miejsce przy korytarzu"
"En el Aeropuerto","Na lotnisku","el asiento de ventanilla","miejsce przy oknie"
"En el Aeropuerto","Na lotnisku","la emergencia","awaria / nagły wypadek"
"En el Aeropuerto","Na lotnisku","el chaleco salvavidas","kamizelka ratunkowa"
"En el Aeropuerto","Na lotnisku","la máscara de oxígeno","maska tlenowa"
"En el Aeropuerto","Na lotnisku","volar","latać"
"En el Aeropuerto","Na lotnisku","el destino","cel podróży"
"En el Aeropuerto","Na lotnisku","el viaje","podróż"
"Las Direcciones","Kierunki","la dirección","kierunek / adres"
"Las Direcciones","Kierunki","la calle","ulica"
"Las Direcciones","Kierunki","la avenida","aleja"
"Las Direcciones","Kierunki","la plaza","plac"
"Las Direcciones","Kierunki","el cruce","skrzyżowanie"
"Las Direcciones","Kierunki","la esquina","róg"
"Las Direcciones","Kierunki","el semáforo","sygnalizacja świetlna"
"Las Direcciones","Kierunki","el paso de cebra","przejście dla pieszych"
"Las Direcciones","Kierunki","la acera","chodnik"
"Las Direcciones","Kierunki","el puente","most"
"Las Direcciones","Kierunki","el túnel","tunel"
"Las Direcciones","Kierunki","el edificio","budynek"
"Las Direcciones","Kierunki","el barrio","dzielnica"
"Las Direcciones","Kierunki","el mapa","mapa"
"Las Direcciones","Kierunki","el plano","plan (miasta)"
"Las Direcciones","Kierunki","el GPS","GPS"
"Las Direcciones","Kierunki","la ruta","trasa"
"Las Direcciones","Kierunki","el norte","północ"
"Las Direcciones","Kierunki","el sur","południe"
"Las Direcciones","Kierunki","el este","wschód"
"Las Direcciones","Kierunki","el oeste","zachód"
"Las Direcciones","Kierunki","la derecha","prawa strona"
"Las Direcciones","Kierunki","la izquierda","lewa strona"
"Las Direcciones","Kierunki","recto","prosto"
"Las Direcciones","Kierunki","hacia adelante","naprzód"
"Las Direcciones","Kierunki","hacia atrás","w tył"
"Las Direcciones","Kierunki","arriba","w górę / na górze"
"Las Direcciones","Kierunki","abajo","w dół / na dole"
"Las Direcciones","Kierunki","cerca","blisko"
"Las Direcciones","Kierunki","lejos","daleko"
"Las Direcciones","Kierunki","aquí","tutaj"
"Las Direcciones","Kierunki","allí / allá","tam"
"Las Direcciones","Kierunki","enfrente de","naprzeciwko"
"Las Direcciones","Kierunki","detrás de","za"
"Las Direcciones","Kierunki","al lado de","obok"
"Las Direcciones","Kierunki","entre","pomiędzy"
"Las Direcciones","Kierunki","cruzar","przechodzić / przekraczać"
"Las Direcciones","Kierunki","girar / torcer","skręcać"
"Las Direcciones","Kierunki","seguir / continuar","kontynuować / iść dalej"
"Las Direcciones","Kierunki","parar","zatrzymywać się"
"Las Direcciones","Kierunki","buscar","szukać"
"Las Direcciones","Kierunki","encontrar","znaleźć"
"Las Direcciones","Kierunki","perderse","zgubić się"
"Las Direcciones","Kierunki","estar perdido","być zagubionym"
"Las Direcciones","Kierunki","preguntar","pytać"
"Las Direcciones","Kierunki","la distancia","odległość"
"Las Direcciones","Kierunki","el kilómetro","kilometr"
"Las Direcciones","Kierunki","el metro","metr"
"Las Direcciones","Kierunki","ir","iść / jechać"
"Las Direcciones","Kierunki","llegar","przybywać / docierać"
"El Dinero","Pieniądze","el dinero","pieniądze"
"El Dinero","Pieniądze","el efectivo","gotówka"
"El Dinero","Pieniądze","la moneda","moneta / waluta"
"El Dinero","Pieniądze","el billete","banknot"
"El Dinero","Pieniądze","el sueldo","pensja"
"El Dinero","Pieniądze","el salario","wynagrodzenie"
"El Dinero","Pieniądze","la cartera","portfel"
"El Dinero","Pieniądze","el monedero","portmonetka"
"El Dinero","Pieniądze","el banco","bank"
"El Dinero","Pieniądze","la cuenta bancaria","konto bankowe"
"El Dinero","Pieniądze","la tarjeta de crédito","karta kredytowa"
"El Dinero","Pieniądze","la tarjeta de débito","karta debetowa"
"El Dinero","Pieniądze","el cajero automático","bankomat"
"El Dinero","Pieniądze","el PIN","kod PIN"
"El Dinero","Pieniądze","el cambio","reszta (z zakupów)"
"El Dinero","Pieniądze","la divisa","waluta obca"
"El Dinero","Pieniądze","el euro","euro"
"El Dinero","Pieniądze","el dólar","dolar"
"El Dinero","Pieniądze","el zloty","złoty"
"El Dinero","Pieniądze","el precio","cena"
"El Dinero","Pieniądze","caro","drogi"
"El Dinero","Pieniądze","barato","tani"
"El Dinero","Pieniądze","gratis","za darmo"
"El Dinero","Pieniądze","costar","kosztować"
"El Dinero","Pieniądze","pagar","płacić"
"El Dinero","Pieniądze","cobrar","pobierać opłatę / zarabiać"
"El Dinero","Pieniądze","comprar","kupować"
"El Dinero","Pieniądze","vender","sprzedawać"
"El Dinero","Pieniądze","gastar","wydawać"
"El Dinero","Pieniądze","ahorrar","oszczędzać"
"El Dinero","Pieniądze","prestar","pożyczać (komuś)"
"El Dinero","Pieniądze","pedir prestado","pożyczać (od kogoś)"
"El Dinero","Pieniądze","deber","być winnym"
"El Dinero","Pieniądze","la deuda","dług"
"El Dinero","Pieniądze","la factura","faktura"
"El Dinero","Pieniądze","el recibo","paragon"
"El Dinero","Pieniądze","la caja","kasa (w sklepie)"
"El Dinero","Pieniądze","el descuento","zniżka"
"El Dinero","Pieniądze","la oferta","oferta / promocja"
"El Dinero","Pieniądze","la rebaja","wyprzedaż / obniżka"
"El Dinero","Pieniądze","el porcentaje","procent"
"El Dinero","Pieniądze","la comisión","prowizja"
"El Dinero","Pieniądze","el impuesto","podatek"
"El Dinero","Pieniądze","el interés","odsetki"
"El Dinero","Pieniądze","rico","bogaty"
"El Dinero","Pieniądze","pobre","biedny"
"El Dinero","Pieniądze","la riqueza","bogactwo"
"El Dinero","Pieniądze","la pobreza","bieda"
"El Dinero","Pieniądze","la propina","napiwek"
"El Dinero","Pieniądze","la alcancía / la hucha","skarbonka"
"De Compras","Na zakupach","ir de compras","iść na zakupy"
"De Compras","Na zakupach","la tienda","sklep"
"De Compras","Na zakupach","el centro comercial","centrum handlowe"
"De Compras","Na zakupach","el mercado","rynek / targ"
"De Compras","Na zakupach","el supermercado","supermarket"
"De Compras","Na zakupach","el dependiente / la dependienta","ekspedient / ekspedientka"
"De Compras","Na zakupach","el cliente / la clienta","klient / klientka"
"De Compras","Na zakupach","el escaparate","witryna sklepowa"
"De Compras","Na zakupach","el probador","przymierzalnia"
"De Compras","Na zakupach","probarse","przymierzać (ubranie)"
"De Compras","Na zakupach","la talla","rozmiar (ubrania)"
"De Compras","Na zakupach","el número","rozmiar (buta)"
"De Compras","Na zakupach","quedar bien","pasować / dobrze leżeć"
"De Compras","Na zakupach","quedar mal","nie pasować / źle leżeć"
"De Compras","Na zakupach","el carrito","wózek na zakupy"
"De Compras","Na zakupach","la cesta","koszyk (na zakupy)"
"De Compras","Na zakupach","la bolsa","torba / siatka"
"De Compras","Na zakupach","la caja","kasa"
"De Compras","Na zakupach","el cajero / la cajera","kasjer / kasjerka"
"De Compras","Na zakupach","la cola / la fila","kolejka"
"De Compras","Na zakupach","hacer cola","stać w kolejce"
"De Compras","Na zakupach","el precio","cena"
"De Compras","Na zakupach","la etiqueta","etykieta / metka"
"De Compras","Na zakupach","el descuento","zniżka"
"De Compras","Na zakupach","la oferta","oferta / promocja"
"De Compras","Na zakupach","las rebajas","wyprzedaże"
"De Compras","Na zakupach","barato","tani"
"De Compras","Na zakupach","caro","drogi"
"De Compras","Na zakupach","gratis","za darmo"
"De Compras","Na zakupach","pagar","płacić"
"De Compras","Na zakupach","en efectivo","gotówką"
"De Compras","Na zakupach","con tarjeta","kartą"
"De Compras","Na zakupach","el cambio","reszta (pieniądze)"
"De Compras","Na zakupach","el recibo / el ticket","paragon"
"De Compras","Na zakupach","la factura","faktura"
"De Compras","Na zakupach","la garantía","gwarancja"
"De Compras","Na zakupach","devolver","zwracać"
"De Compras","Na zakupach","el reembolso","zwrot pieniędzy"
"De Compras","Na zakupach","comprar","kupować"
"De Compras","Na zakupach","vender","sprzedawać"
"De Compras","Na zakupach","gastar","wydawać (pieniądze)"
"De Compras","Na zakupach","abierto","otwarty"
"De Compras","Na zakupach","cerrado","zamknięty"
"De Compras","Na zakupach","el horario","godziny otwarcia"
"De Compras","Na zakupach","la marca","marka"
"De Compras","Na zakupach","de segunda mano","z drugiej ręki / używany"
"De Compras","Na zakupach","el producto","produkt"
"De Compras","Na zakupach","la calidad","jakość"
"De Compras","Na zakupach","envolver","pakować (np. na prezent)"
"De Compras","Na zakupach","el turno","kolej (w kolejce)"
"Los Muebles","Meble","el mueble","mebel"
"Los Muebles","Meble","amueblar","umeblować"
"Los Muebles","Meble","la silla","krzesło"
"Los Muebles","Meble","la mesa","stół"
"Los Muebles","Meble","el sofá","kanapa"
"Los Muebles","Meble","el sillón","fotel"
"Los Muebles","Meble","la cama","łóżko"
"Los Muebles","Meble","el armario","szafa"
"Los Muebles","Meble","la estantería","regał"
"Los Muebles","Meble","el estante","półka"
"Los Muebles","Meble","la cómoda","komoda"
"Los Muebles","Meble","el cajón","szuflada"
"Los Muebles","Meble","la mesita de noche","stolik nocny"
"Los Muebles","Meble","el escritorio","biurko"
"Los Muebles","Meble","el taburete","stołek / taboret"
"Los Muebles","Meble","la butaca","fotel / miejsce na widowni"
"Los Muebles","Meble","el perchero","wieszak (stojący)"
"Los Muebles","Meble","la percha","wieszak (do szafy)"
"Los Muebles","Meble","el zapatero","szafka na buty"
"Los Muebles","Meble","el aparador","kredens"
"Los Muebles","Meble","la vitrina","witryna (mebel)"
"Los Muebles","Meble","el tocador","toaletka"
"Los Muebles","Meble","el espejo","lustro"
"Los Muebles","Meble","la lámpara","lampa"
"Los Muebles","Meble","la cuna","łóżeczko dziecięce"
"Los Muebles","Meble","la litera","łóżko piętrowe"
"Los Muebles","Meble","el colchón","materac"
"Los Muebles","Meble","el cojín","poduszka (dekoracyjna)"
"Los Muebles","Meble","la alfombra","dywan"
"Los Muebles","Meble","la cortina","zasłona"
"Los Muebles","Meble","el cuadro","obraz"
"Los Muebles","Meble","el póster","plakat"
"Los Muebles","Meble","la mecedora","fotel bujany"
"Los Muebles","Meble","la hamaca","hamak"
"Los Muebles","Meble","el cabecero","wezgłowie"
"Los Muebles","Meble","el banco","ławka"
"Los Muebles","Meble","la tapicería","tapicerka"
"Los Muebles","Meble","de madera","z drewna"
"Los Muebles","Meble","de plástico","z plastiku"
"Los Muebles","Meble","de metal","z metalu"
"Los Muebles","Meble","de cristal","ze szkła"
"Los Muebles","Meble","antiguo","zabytkowy / stary"
"Los Muebles","Meble","moderno","nowoczesny"
"Los Muebles","Meble","montar","składać (meble)"
"Los Muebles","Meble","desmontar","rozkładać (meble)"
"Los Muebles","Meble","el diseño","design"
"Los Muebles","Meble","espacioso","przestronny"
"Los Muebles","Meble","cómodo","wygodny"
"Los Muebles","Meble","incómodo","niewygodny"
"Los Muebles","Meble","la decoración","dekoracja"
"Los Electrodomésticos","Sprzęt AGD","el electrodoméstico","sprzęt AGD"
"Los Electrodomésticos","Sprzęt AGD","la nevera / el frigorífico","lodówka"
"Los Electrodomésticos","Sprzęt AGD","el congelador","zamrażarka"
"Los Electrodomésticos","Sprzęt AGD","el horno","piekarnik"
"Los Electrodomésticos","Sprzęt AGD","el microondas","mikrofalówka"
"Los Electrodomésticos","Sprzęt AGD","la cocina (eléctrica/de gas)","kuchenka (elektryczna/gazowa)"
"Los Electrodomésticos","Sprzęt AGD","la campana extractora","okap kuchenny"
"Los Electrodomésticos","Sprzęt AGD","el lavavajillas / el lavaplatos","zmywarka"
"Los Electrodomésticos","Sprzęt AGD","la lavadora","pralka"
"Los Electrodomésticos","Sprzęt AGD","la secadora","suszarka do ubrań"
"Los Electrodomésticos","Sprzęt AGD","la plancha","żelazko"
"Los Electrodomésticos","Sprzęt AGD","la aspiradora","odkurzacz"
"Los Electrodomésticos","Sprzęt AGD","el televisor / la tele","telewizor"
"Los Electrodomésticos","Sprzęt AGD","la radio","radio"
"Los Electrodomésticos","Sprzęt AGD","el ventilador","wentylator"
"Los Electrodomésticos","Sprzęt AGD","el aire acondicionado","klimatyzacja"
"Los Electrodomésticos","Sprzęt AGD","la estufa / el calentador","piecyk / grzejnik"
"Los Electrodomésticos","Sprzęt AGD","el radiador","kaloryfer"
"Los Electrodomésticos","Sprzęt AGD","el secador de pelo","suszarka do włosów"
"Los Electrodomésticos","Sprzęt AGD","la tostadora","toster"
"Los Electrodomésticos","Sprzęt AGD","la batidora","mikser / blender"
"Los Electrodomésticos","Sprzęt AGD","la cafetera","ekspres do kawy"
"Los Electrodomésticos","Sprzęt AGD","el hervidor (de agua)","czajnik (elektryczny)"
"Los Electrodomésticos","Sprzęt AGD","el exprimidor","wyciskarka"
"Los Electrodomésticos","Sprzęt AGD","la licuadora","sokowirówka"
"Los Electrodomésticos","Sprzęt AGD","la freidora","frytkownica"
"Los Electrodomésticos","Sprzęt AGD","la báscula / el peso","waga"
"Los Electrodomésticos","Sprzęt AGD","la maquinilla de afeitar","maszynka do golenia (elektryczna)"
"Los Electrodomésticos","Sprzęt AGD","la máquina de coser","maszyna do szycia"
"Los Electrodomésticos","Sprzęt AGD","el robot de cocina","robot kuchenny"
"Los Electrodomésticos","Sprzęt AGD","el enchufe","wtyczka / gniazdko"
"Los Electrodomésticos","Sprzęt AGD","el cable","kabel"
"Los Electrodomésticos","Sprzęt AGD","el botón","przycisk"
"Los Electrodomésticos","Sprzęt AGD","el interruptor","włącznik"
"Los Electrodomésticos","Sprzęt AGD","la pantalla","ekran"
"Los Electrodomésticos","Sprzęt AGD","el mando a distancia","pilot (np. do TV)"
"Los Electrodomésticos","Sprzęt AGD","la batería","bateria"
"Los Electrodomésticos","Sprzęt AGD","enchufar","podłączać do prądu"
"Los Electrodomésticos","Sprzęt AGD","desenchufar","odłączać od prądu"
"Los Electrodomésticos","Sprzęt AGD","encender","włączać"
"Los Electrodomésticos","Sprzęt AGD","apagar","wyłączać"
"Los Electrodomésticos","Sprzęt AGD","funcionar","działać"
"Los Electrodomésticos","Sprzęt AGD","estar estropeado","być zepsutym"
"Los Electrodomésticos","Sprzęt AGD","estar roto","być rozbitym / zepsutym"
"Los Electrodomésticos","Sprzęt AGD","reparar / arreglar","naprawiać"
"Los Electrodomésticos","Sprzęt AGD","el técnico","technik / fachowiec"
"Los Electrodomésticos","Sprzęt AGD","el repuesto","część zamienna"
"Los Electrodomésticos","Sprzęt AGD","consumir","zużywać (energię)"
"Los Electrodomésticos","Sprzęt AGD","el consumo","zużycie"
"Los Electrodomésticos","Sprzęt AGD","inteligente","inteligentny (smart)"
"Herramientas","Narzędzia","la herramienta","narzędzie"
"Herramientas","Narzędzia","la caja de herramientas","skrzynka z narzędziami"
"Herramientas","Narzędzia","el martillo","młotek"
"Herramientas","Narzędzia","el clavo","gwóźdź"
"Herramientas","Narzędzia","el tornillo","śruba / wkręt"
"Herramientas","Narzędzia","el destornillador","śrubokręt"
"Herramientas","Narzędzia","la tuerca","nakrętka"
"Herramientas","Narzędzia","la llave inglesa","klucz francuski / nastawny"
"Herramientas","Narzędzia","la llave Allen","klucz imbusowy"
"Herramientas","Narzędzia","los alicates / el alicate","kombinerki / obcęgi"
"Herramientas","Narzędzia","la sierra","piła (narzędzie)"
"Herramientas","Narzędzia","el serrucho","piła ręczna"
"Herramientas","Narzędzia","el taladro","wiertarka"
"Herramientas","Narzędzia","la broca","wiertło"
"Herramientas","Narzędzia","la cinta métrica","miara zwijana"
"Herramientas","Narzędzia","la regla","linijka"
"Herramientas","Narzędzia","el nivel","poziomica"
"Herramientas","Narzędzia","el cúter","nóż do tapet / introligatorski"
"Herramientas","Narzędzia","las tijeras","nożyczki"
"Herramientas","Narzędzia","el pegamento","klej"
"Herramientas","Narzędzia","la cinta adhesiva","taśma klejąca"
"Herramientas","Narzędzia","la cinta aislante","taśma izolacyjna"
"Herramientas","Narzędzia","la cuerda","lina / sznurek"
"Herramientas","Narzędzia","el alambre","drut"
"Herramientas","Narzędzia","la pala","łopata / szufla"
"Herramientas","Narzędzia","el pico","kilof"
"Herramientas","Narzędzia","el hacha","siekiera"
"Herramientas","Narzędzia","la azada","motyka"
"Herramientas","Narzędzia","el rastrillo","grabie"
"Herramientas","Narzędzia","la carretilla","taczka"
"Herramientas","Narzędzia","el pincel","pędzel"
"Herramientas","Narzędzia","la brocha","pędzel malarski (szeroki)"
"Herramientas","Narzędzia","el rodillo","wałek malarski"
"Herramientas","Narzędzia","la pintura","farba"
"Herramientas","Narzędzia","el papel de lija","papier ścierny"
"Herramientas","Narzędzia","la espátula","szpachelka"
"Herramientas","Narzędzia","la linterna","latarka"
"Herramientas","Narzędzia","la lima","pilnik"
"Herramientas","Narzędzia","el cincel","dłuto"
"Herramientas","Narzędzia","el soldador","lutownica / spawarka"
"Herramientas","Narzędzia","el casco","kask"
"Herramientas","Narzędzia","los guantes de trabajo","rękawice robocze"
"Herramientas","Narzędzia","clavar","wbijać (gwoździe)"
"Herramientas","Narzędzia","atornillar","wkręcać (śrubę)"
"Herramientas","Narzędzia","cortar","ciąć"
"Herramientas","Narzędzia","pegar","kleić"
"Herramientas","Narzędzia","medir","mierzyć"
"Herramientas","Narzędzia","pintar","malować"
"Herramientas","Narzędzia","lijar","szlifować"
"Herramientas","Narzędzia","construir","budować"
"El Coche","Samochód","el coche / el auto","samochód"
"El Coche","Samochód","el volante","kierownica"
"El Coche","Samochód","el motor","silnik"
"El Coche","Samochód","la rueda","koło"
"El Coche","Samochód","el neumático / la llanta","opona"
"El Coche","Samochód","el freno","hamulec"
"El Coche","Samochód","el acelerador","pedał gazu"
"El Coche","Samochód","el embrague","sprzęgło"
"El Coche","Samochód","la marcha","bieg (w samochodzie)"
"El Coche","Samochód","el cinturón de seguridad","pas bezpieczeństwa"
"El Coche","Samochód","el asiento","siedzenie / fotel"
"El Coche","Samochód","el maletero","bagażnik"
"El Coche","Samochód","el capó","maska samochodu"
"El Coche","Samochód","el parabrisas","szyba przednia"
"El Coche","Samochód","el limpiaparabrisas","wycieraczka (samochodowa)"
"El Coche","Samochód","el espejo retrovisor","lusterko wsteczne"
"El Coche","Samochód","el faro","reflektor"
"El Coche","Samochód","la luz intermitente","kierunkowskaz"
"El Coche","Samochód","la matrícula / la placa","tablica rejestracyjna"
"El Coche","Samochód","la puerta","drzwi"
"El Coche","Samochód","la ventanilla","szyba (w drzwiach)"
"El Coche","Samochód","el claxon / la bocina","klakson"
"El Coche","Samochód","el tubo de escape","rura wydechowa"
"El Coche","Samochód","el depósito","bak"
"El Coche","Samochód","la gasolina","benzyna"
"El Coche","Samochód","el diésel / el gasoil","olej napędowy / diesel"
"El Coche","Samochód","eléctrico","elektryczny (samochód)"
"El Coche","Samochód","la gasolinera","stacja benzynowa"
"El Coche","Samochód","el mecánico","mechanik"
"El Coche","Samochód","el taller","warsztat"
"El Coche","Samochód","la avería","awaria"
"El Coche","Samochód","el accidente","wypadek"
"El Coche","Samochód","conducir / manejar","prowadzić (samochód)"
"El Coche","Samochód","frenar","hamować"
"El Coche","Samochód","acelerar","przyspieszać"
"El Coche","Samochód","aparcar / estacionar","parkować"
"El Coche","Samochód","arrancar","odpalać / ruszać"
"El Coche","Samochód","la velocidad","prędkość"
"El Coche","Samochód","el límite de velocidad","ograniczenie prędkości"
"El Coche","Samochód","la carretera","szosa / droga"
"El Coche","Samochód","la autopista","autostrada"
"El Coche","Samochód","el peaje","bramka autostradowa / myto"
"El Coche","Samochód","el conductor","kierowca"
"El Coche","Samochód","el pasajero","pasażer"
"El Coche","Samochód","el carnet de conducir","prawo jazdy"
"El Coche","Samochód","el seguro","ubezpieczenie"
"El Coche","Samochód","la multa","mandat"
"El Coche","Samochód","el tráfico","ruch drogowy"
"El Coche","Samochód","el atasco / el embotellamiento","korek drogowy"
"El Coche","Samochód","adelantar","wyprzedzać"
"La Informática","Informatyka","la informática","informatyka"
"La Informática","Informatyka","el ordenador","komputer"
"La Informática","Informatyka","el portátil","laptop"
"La Informática","Informatyka","el ratón","myszka"
"La Informática","Informatyka","el teclado","klawiatura"
"La Informática","Informatyka","la pantalla","ekran"
"La Informática","Informatyka","el monitor","monitor"
"La Informática","Informatyka","el hardware","sprzęt komputerowy"
"La Informática","Informatyka","el software","oprogramowanie"
"La Informática","Informatyka","el sistema operativo","system operacyjny"
"La Informática","Informatyka","el archivo","plik"
"La Informática","Informatyka","la carpeta","folder"
"La Informática","Informatyka","el documento","dokument"
"La Informática","Informatyka","el servidor","serwer"
"La Informática","Informatyka","la nube","chmura (internetowa)"
"La Informática","Informatyka","el disco duro","dysk twardy"
"La Informática","Informatyka","la memoria USB / el pendrive","pendrive"
"La Informática","Informatyka","el procesador","procesor"
"La Informática","Informatyka","la placa base","płyta główna"
"La Informática","Informatyka","el virus","wirus"
"La Informática","Informatyka","el antivirus","antywirus"
"La Informática","Informatyka","el código","kod"
"La Informática","Informatyka","el programador","programista"
"La Informática","Informatyka","programar","programować"
"La Informática","Informatyka","la base de datos","baza danych"
"La Informática","Informatyka","la red","sieć"
"La Informática","Informatyka","el wifi","wi-fi"
"La Informática","Informatyka","la conexión","połączenie"
"La Informática","Informatyka","guardar","zapisywać"
"La Informática","Informatyka","borrar","usuwać"
"La Informática","Informatyka","copiar","kopiować"
"La Informática","Informatyka","pegar","wklejać"
"La Informática","Informatyka","cortar","wycinać"
"La Informática","Informatyka","imprimir","drukować"
"La Informática","Informatyka","hacer clic","klikać"
"La Informática","Informatyka","arrastrar","przeciągać"
"La Informática","Informatyka","reiniciar","restartować"
"La Informática","Informatyka","encender","włączać"
"La Informática","Informatyka","apagar","wyłączać"
"La Informática","Informatyka","actualizar","aktualizować"
"La Informática","Informatyka","la actualización","aktualizacja"
"La Informática","Informatyka","el enlace / el link","link / odnośnik"
"La Informática","Informatyka","el navegador","przeglądarka internetowa"
"La Informática","Informatyka","el buscador","wyszukiwarka"
"La Informática","Informatyka","el correo electrónico","e-mail"
"La Informática","Informatyka","la arroba","małpa (@)"
"La Informática","Informatyka","el punto","kropka (w adresie web)"
"La Informática","Informatyka","descargar","pobierać"
"La Informática","Informatyka","subir","wysyłać / wgrywać"
"La Informática","Informatyka","la contraseña","hasło"
"Redes Sociales","Media społecznościowe","la red social","sieć społecznościowa"
"Redes Sociales","Media społecznościowe","el perfil","profil"
"Redes Sociales","Media społecznościowe","la cuenta","konto"
"Redes Sociales","Media społecznościowe","el usuario","użytkownik"
"Redes Sociales","Media społecznościowe","la contraseña","hasło"
"Redes Sociales","Media społecznościowe","iniciar sesión","zalogować się"
"Redes Sociales","Media społecznościowe","cerrar sesión","wylogować się"
"Redes Sociales","Media społecznościowe","la publicación","post / publikacja"
"Redes Sociales","Media społecznościowe","publicar","publikować"
"Redes Sociales","Media społecznościowe","el seguidor","obserwujący (follower)"
"Redes Sociales","Media społecznościowe","seguir","obserwować (kogoś)"
"Redes Sociales","Media społecznościowe","el me gusta","lajk / lubię to"
"Redes Sociales","Media społecznościowe","dar me gusta","dać lajka"
"Redes Sociales","Media społecznościowe","el comentario","komentarz"
"Redes Sociales","Media społecznościowe","comentar","komentować"
"Redes Sociales","Media społecznościowe","compartir","udostępniać"
"Redes Sociales","Media społecznościowe","el mensaje","wiadomość"
"Redes Sociales","Media społecznościowe","enviar","wysyłać"
"Redes Sociales","Media społecznościowe","recibir","otrzymywać"
"Redes Sociales","Media społecznościowe","el chat","czat"
"Redes Sociales","Media społecznościowe","chatear","czatować"
"Redes Sociales","Media społecznościowe","la notificación","powiadomienie"
"Redes Sociales","Media społecznościowe","la foto","zdjęcie"
"Redes Sociales","Media społecznościowe","el vídeo","wideo"
"Redes Sociales","Media społecznościowe","el estado","status"
"Redes Sociales","Media społecznościowe","la historia","story / relacja"
"Redes Sociales","Media społecznościowe","la etiqueta","tag / znacznik"
"Redes Sociales","Media społecznościowe","etiquetar","oznaczać (kogoś)"
"Redes Sociales","Media społecznościowe","el hashtag","hasztag"
"Redes Sociales","Media społecznościowe","el enlace","link"
"Redes Sociales","Media społecznościowe","en línea","online / dostępny"
"Redes Sociales","Media społecznościowe","desconectado","offline / niedostępny"
"Redes Sociales","Media społecznościowe","bloquear","blokować"
"Redes Sociales","Media społecznościowe","desbloquear","odblokować"
"Redes Sociales","Media społecznościowe","el grupo","grupa"
"Redes Sociales","Media społecznościowe","la página","strona"
"Redes Sociales","Media społecznościowe","el muro","tablica (na profilu)"
"Redes Sociales","Media społecznościowe","el influencer","influencer"
"Redes Sociales","Media społecznościowe","viral","wirusowy / viralowy"
"Redes Sociales","Media społecznościowe","hacerse viral","stać się viralem"
"Redes Sociales","Media społecznościowe","el algoritmo","algorytm"
"Redes Sociales","Media społecznościowe","la privacidad","prywatność"
"Redes Sociales","Media społecznościowe","público","publiczny"
"Redes Sociales","Media społecznościowe","privado","prywatny"
"Redes Sociales","Media społecznościowe","el avatar","awatar / zdjęcie profilowe"
"Redes Sociales","Media społecznościowe","el filtro","filtr (do zdjęć)"
"Redes Sociales","Media społecznościowe","la solicitud de amistad","zaproszenie do znajomych"
"Redes Sociales","Media społecznościowe","agregar","dodawać (znajomego)"
"Redes Sociales","Media społecznościowe","eliminar","usuwać"
"Redes Sociales","Media społecznościowe","silenciar","wyciszać"
"La Religión","Religia","la religión","religia"
"La Religión","Religia","Dios","Bóg"
"La Religión","Religia","Jesús","Jezus"
"La Religión","Religia","la cruz","krzyż"
"La Religión","Religia","la iglesia","kościół"
"La Religión","Religia","el templo","świątynia"
"La Religión","Religia","la catedral","katedra"
"La Religión","Religia","la mezquita","meczet"
"La Religión","Religia","la sinagoga","synagoga"
"La Religión","Religia","el sacerdote / el cura","ksiądz"
"La Religión","Religia","el obispo","biskup"
"La Religión","Religia","el papa","papież"
"La Religión","Religia","el monje","mnich"
"La Religión","Religia","la monja","zakonnica"
"La Religión","Religia","el fiel","wierny"
"La Religión","Religia","la fe","wiara"
"La Religión","Religia","creer","wierzyć"
"La Religión","Religia","la oración","modlitwa"
"La Religión","Religia","rezar","modlić się"
"La Religión","Religia","el pecado","grzech"
"La Religión","Religia","pecar","grzeszyć"
"La Religión","Religia","el perdón","przebaczenie"
"La Religión","Religia","perdonar","przebaczać"
"La Religión","Religia","el cielo","niebo (raj)"
"La Religión","Religia","el infierno","piekło"
"La Religión","Religia","el diablo / el demonio","diabeł / demon"
"La Religión","Religia","el ángel","anioł"
"La Religión","Religia","el alma","dusza"
"La Religión","Religia","el espíritu","duch"
"La Religión","Religia","el Espíritu Santo","Duch Święty"
"La Religión","Religia","sagrado","święty (rzecz)"
"La Religión","Religia","el santo","święty (osoba)"
"La Religión","Religia","la Biblia","Biblia"
"La Religión","Religia","el Corán","Koran"
"La Religión","Religia","la misa","msza"
"La Religión","Religia","el bautismo","chrzest"
"La Religión","Religia","bautizar","chrzcić"
"La Religión","Religia","la comunión","komunia"
"La Religión","Religia","el matrimonio","małżeństwo / ślub kościelny"
"La Religión","Religia","el funeral","pogrzeb"
"La Religión","Religia","el cementerio","cmentarz"
"La Religión","Religia","el milagro","cud"
"La Religión","Religia","la peregrinación","pielgrzymka"
"La Religión","Religia","el peregrino","pielgrzym"
"La Religión","Religia","la procesión","procesja"
"La Religión","Religia","el altar","ołtarz"
"La Religión","Religia","el incienso","kadzidło"
"La Religión","Religia","el creador","stwórca"
"La Religión","Religia","ateo","ateista"
"La Religión","Religia","creyente","wierzący"
"La Ciencia","Nauka","la ciencia","nauka (dziedzina)"
"La Ciencia","Nauka","el científico / la científica","naukowiec"
"La Ciencia","Nauka","el investigador","badacz"
"La Ciencia","Nauka","la investigación","badanie / śledztwo"
"La Ciencia","Nauka","el experimento","eksperyment"
"La Ciencia","Nauka","experimentar","eksperymentować"
"La Ciencia","Nauka","el laboratorio","laboratorium"
"La Ciencia","Nauka","el descubrimiento","odkrycie"
"La Ciencia","Nauka","descubrir","odkrywać"
"La Ciencia","Nauka","la teoría","teoria"
"La Ciencia","Nauka","la hipótesis","hipoteza"
"La Ciencia","Nauka","el análisis","analiza"
"La Ciencia","Nauka","analizar","analizować"
"La Ciencia","Nauka","el resultado","wynik"
"La Ciencia","Nauka","la prueba","dowód / test"
"La Ciencia","Nauka","el método","metoda"
"La Ciencia","Nauka","observar","obserwować"
"La Ciencia","Nauka","medir","mierzyć"
"La Ciencia","Nauka","la fórmula","wzór / formuła"
"La Ciencia","Nauka","el microscopio","mikroskop"
"La Ciencia","Nauka","el tubo de ensayo","probówka"
"La Ciencia","Nauka","la química","chemia"
"La Ciencia","Nauka","la física","fizyka"
"La Ciencia","Nauka","la biología","biologia"
"La Ciencia","Nauka","la astronomía","astronomia"
"La Ciencia","Nauka","las matemáticas","matematyka"
"La Ciencia","Nauka","el átomo","atom"
"La Ciencia","Nauka","la molécula","cząsteczka"
"La Ciencia","Nauka","la célula","komórka"
"La Ciencia","Nauka","el ADN","DNA"
"La Ciencia","Nauka","la genética","genetyka"
"La Ciencia","Nauka","el gen","gen"
"La Ciencia","Nauka","el elemento","pierwiastek"
"La Ciencia","Nauka","la gravedad","grawitacja"
"La Ciencia","Nauka","la energía","energia"
"La Ciencia","Nauka","la masa","masa"
"La Ciencia","Nauka","la materia","materia"
"La Ciencia","Nauka","el invento","wynalazek"
"La Ciencia","Nauka","inventar","wynaleźć"
"La Ciencia","Nauka","el inventor","wynalazca"
"La Ciencia","Nauka","la patente","patent"
"La Ciencia","Nauka","el congreso","kongres / konferencja"
"La Ciencia","Nauka","la publicación","publikacja"
"La Ciencia","Nauka","el premio Nobel","nagroda Nobla"
"La Ciencia","Nauka","demostrar","udowadniać"
"La Ciencia","Nauka","el fenómeno","zjawisko"
"La Ciencia","Nauka","exacto","dokładny"
"La Ciencia","Nauka","empírico","empiryczny"
"La Ciencia","Nauka","la evolución","ewolucja"
"La Ciencia","Nauka","el estudio","badanie / studium"
"El Espacio","Kosmos","el espacio","kosmos / przestrzeń"
"El Espacio","Kosmos","el universo","wszechświat"
"El Espacio","Kosmos","la galaxia","galaktyka"
"El Espacio","Kosmos","el sistema solar","układ słoneczny"
"El Espacio","Kosmos","el planeta","planeta"
"El Espacio","Kosmos","la estrella","gwiazda"
"El Espacio","Kosmos","el sol","słońce"
"El Espacio","Kosmos","la luna","księżyc"
"El Espacio","Kosmos","la tierra","ziemia"
"El Espacio","Kosmos","el asteroide","asteroida"
"El Espacio","Kosmos","el cometa","kometa"
"El Espacio","Kosmos","el meteorito","meteoryt"
"El Espacio","Kosmos","la órbita","orbita"
"El Espacio","Kosmos","orbitar","krążyć (po orbicie)"
"El Espacio","Kosmos","la gravedad","grawitacja"
"El Espacio","Kosmos","el agujero negro","czarna dziura"
"El Espacio","Kosmos","el eclipse","zaćmienie"
"El Espacio","Kosmos","el telescopio","teleskop"
"El Espacio","Kosmos","el observatorio","obserwatorium"
"El Espacio","Kosmos","el astronauta","astronauta"
"El Espacio","Kosmos","el cohete","rakieta"
"El Espacio","Kosmos","la nave espacial","statek kosmiczny"
"El Espacio","Kosmos","el transbordador","wahadłowiec"
"El Espacio","Kosmos","el satélite","satelita"
"El Espacio","Kosmos","la estación espacial","stacja kosmiczna"
"El Espacio","Kosmos","el lanzamiento","start / wystrzelenie"
"El Espacio","Kosmos","lanzar","wystrzeliwać (rakietę)"
"El Espacio","Kosmos","aterrizar","lądować (na ziemi/planecie)"
"El Espacio","Kosmos","alunizar","lądować na księżycu"
"El Espacio","Kosmos","la misión","misja"
"El Espacio","Kosmos","explorar","odkrywać / badać"
"El Espacio","Kosmos","la exploración","eksploracja"
"El Espacio","Kosmos","extraterrestre (adj.)","pozaziemski"
"El Espacio","Kosmos","el extraterrestre","kosmita"
"El Espacio","Kosmos","el alienígena","obcy"
"El Espacio","Kosmos","el ovni","UFO"
"El Espacio","Kosmos","la Vía Láctea","Droga Mleczna"
"El Espacio","Kosmos","el rayo","promień"
"El Espacio","Kosmos","luminoso","świetlny"
"El Espacio","Kosmos","el año luz","rok świetlny"
"El Espacio","Kosmos","el cielo","niebo"
"El Espacio","Kosmos","la constelación","konstelacja"
"El Espacio","Kosmos","el cosmos","kosmos"
"El Espacio","Kosmos","cósmico","kosmiczny"
"El Espacio","Kosmos","el vacío","próżnia"
"El Espacio","Kosmos","flotar","unosić się / pływać"
"El Espacio","Kosmos","la velocidad de la luz","prędkość światła"
"El Espacio","Kosmos","el cráter","krater"
"El Espacio","Kosmos","la superficie","powierzchnia"
"El Espacio","Kosmos","descubrir","odkryć (planetę)"
"Materiales","Materiały","el material","materiał"
"Materiales","Materiały","la madera","drewno"
"Materiales","Materiały","el plástico","plastik"
"Materiales","Materiały","el metal","metal"
"Materiales","Materiały","el cristal / el vidrio","szkło"
"Materiales","Materiały","el acero","stal"
"Materiales","Materiały","el hierro","żelazo"
"Materiales","Materiały","el aluminio","aluminium"
"Materiales","Materiały","el cobre","miedź"
"Materiales","Materiały","el oro","złoto"
"Materiales","Materiały","la plata","srebro"
"Materiales","Materiały","el bronce","brąz"
"Materiales","Materiały","la piedra","kamień"
"Materiales","Materiały","el mármol","marmur"
"Materiales","Materiały","el granito","granit"
"Materiales","Materiały","el ladrillo","cegła"
"Materiales","Materiały","el cemento","cement"
"Materiales","Materiały","el hormigón","beton"
"Materiales","Materiały","la arcilla","glina"
"Materiales","Materiały","la arena","piasek"
"Materiales","Materiały","el papel","papier"
"Materiales","Materiały","el cartón","karton"
"Materiales","Materiały","la tela","tkanina / materiał"
"Materiales","Materiały","el algodón","bawełna"
"Materiales","Materiały","la lana","wełna"
"Materiales","Materiały","la seda","jedwab"
"Materiales","Materiały","el lino","lniany materiał / len"
"Materiales","Materiały","el poliéster","poliester"
"Materiales","Materiały","el nailon","nylon"
"Materiales","Materiały","el cuero / la piel","skóra (materiał)"
"Materiales","Materiały","el ante","zamsz"
"Materiales","Materiały","la goma","guma"
"Materiales","Materiały","el caucho","kauczuk"
"Materiales","Materiały","el corcho","korek"
"Materiales","Materiały","la cerámica","ceramika"
"Materiales","Materiały","la porcelana","porcelana"
"Materiales","Materiały","el diamante","diament"
"Materiales","Materiały","el carbón","węgiel"
"Materiales","Materiały","el petróleo","ropa naftowa"
"Materiales","Materiały","el gas","gaz"
"Materiales","Materiały","sólido","stały (stan skupienia)"
"Materiales","Materiały","líquido","ciekły"
"Materiales","Materiały","gaseoso","gazowy"
"Materiales","Materiały","blando","miękki"
"Materiales","Materiały","duro","twardy"
"Materiales","Materiały","resistente","wytrzymały"
"Materiales","Materiały","frágil","kruchy / delikatny"
"Materiales","Materiały","pesado","ciężki"
"Materiales","Materiały","ligero","lekki"
"Materiales","Materiały","elástico","elastyczny"
"Formas Geométricas","Kształty geometryczne","la forma","kształt"
"Formas Geométricas","Kształty geometryczne","el círculo","koło"
"Formas Geométricas","Kształty geometryczne","el cuadrado","kwadrat"
"Formas Geométricas","Kształty geometryczne","el triángulo","trójkąt"
"Formas Geométricas","Kształty geometryczne","el rectángulo","prostokąt"
"Formas Geométricas","Kształty geometryczne","el óvalo","owal"
"Formas Geométricas","Kształty geometryczne","el rombo","romb"
"Formas Geométricas","Kształty geometryczne","el pentágono","pięciokąt"
"Formas Geométricas","Kształty geometryczne","el hexágono","sześciokąt"
"Formas Geométricas","Kształty geometryczne","el octógono","ośmiokąt"
"Formas Geométricas","Kształty geometryczne","la estrella","gwiazda (kształt)"
"Formas Geométricas","Kształty geometryczne","la cruz","krzyż (kształt)"
"Formas Geométricas","Kształty geometryczne","la esfera","kula"
"Formas Geométricas","Kształty geometryczne","el cubo","sześcian"
"Formas Geométricas","Kształty geometryczne","el cilindro","cylinder / walec"
"Formas Geométricas","Kształty geometryczne","el cono","stożek"
"Formas Geométricas","Kształty geometryczne","la pirámide","piramida"
"Formas Geométricas","Kształty geometryczne","el prisma","graniastosłup"
"Formas Geométricas","Kształty geometryczne","la línea","linia"
"Formas Geométricas","Kształty geometryczne","recto","prosty (o linii)"
"Formas Geométricas","Kształty geometryczne","curvo","krzywy"
"Formas Geométricas","Kształty geometryczne","el punto","punkt"
"Formas Geométricas","Kształty geometryczne","el ángulo","kąt"
"Formas Geométricas","Kształty geometryczne","redondo","okrągły"
"Formas Geométricas","Kształty geometryczne","cuadrado (adj.)","kwadratowy"
"Formas Geométricas","Kształty geometryczne","triangular","trójkątny"
"Formas Geométricas","Kształty geometryczne","rectangular","prostokątny"
"Formas Geométricas","Kształty geometryczne","ovalado","owalny"
"Formas Geométricas","Kształty geometryczne","plano","płaski"
"Formas Geométricas","Kształty geometryczne","tridimensional","trójwymiarowy"
"Formas Geométricas","Kształty geometryczne","la dimensión","wymiar"
"Formas Geométricas","Kształty geometryczne","el centro","środek"
"Formas Geométricas","Kształty geometryczne","el lado","bok"
"Formas Geométricas","Kształty geometryczne","el borde","krawędź / brzeg"
"Formas Geométricas","Kształty geometryczne","la superficie","powierzchnia"
"Formas Geométricas","Kształty geometryczne","el volumen","objętość"
"Formas Geométricas","Kształty geometryczne","la anchura","szerokość"
"Formas Geométricas","Kształty geometryczne","ancho","szeroki"
"Formas Geométricas","Kształty geometryczne","la longitud","długość"
"Formas Geométricas","Kształty geometryczne","largo","długi"
"Formas Geométricas","Kształty geometryczne","la altura","wysokość"
"Formas Geométricas","Kształty geometryczne","alto","wysoki"
"Formas Geométricas","Kształty geometryczne","profundo","głęboki"
"Formas Geométricas","Kształty geometryczne","la profundidad","głębokość"
"Formas Geométricas","Kształty geometryczne","simétrico","symetryczny"
"Formas Geométricas","Kształty geometryczne","asimétrico","asymetryczny"
"Formas Geométricas","Kształty geometryczne","paralelo","równoległy"
"Formas Geométricas","Kształty geometryczne","perpendicular","prostopadły"
"Formas Geométricas","Kształty geometryczne","el diámetro","średnica"
"Formas Geométricas","Kształty geometryczne","el radio","promień"
"El Ocio","Czas wolny","el ocio","czas wolny"
"El Ocio","Czas wolny","el tiempo libre","czas wolny"
"El Ocio","Czas wolny","el hobby / la afición","hobby / pasja"
"El Ocio","Czas wolny","descansar","odpoczywać"
"El Ocio","Czas wolny","el descanso","odpoczynek"
"El Ocio","Czas wolny","relajarse","relaksować się"
"El Ocio","Czas wolny","divertirse","bawić się / spędzać dobrze tiempo"
"El Ocio","Czas wolny","el entretenimiento","rozrywka"
"El Ocio","Czas wolny","el paseo","spacer"
"El Ocio","Czas wolny","pasear","spacerować"
"El Ocio","Czas wolny","el parque","park"
"El Ocio","Czas wolny","el cine","kino"
"El Ocio","Czas wolny","el teatro","teatr"
"El Ocio","Czas wolny","el museo","muzeum"
"El Ocio","Czas wolny","el concierto","koncert"
"El Ocio","Czas wolny","la exposición","wystawa"
"El Ocio","Czas wolny","el festival","festiwal"
"El Ocio","Czas wolny","la discoteca","dyskoteka"
"El Ocio","Czas wolny","bailar","tańczyć"
"El Ocio","Czas wolny","el baile","taniec"
"El Ocio","Czas wolny","cantar","śpiewać"
"El Ocio","Czas wolny","el karaoke","karaoke"
"El Ocio","Czas wolny","escuchar música","słuchać muzyki"
"El Ocio","Czas wolny","leer","czytać"
"El Ocio","Czas wolny","la lectura","czytanie / lektura"
"El Ocio","Czas wolny","ver la televisión","oglądać telewizję"
"El Ocio","Czas wolny","ver una película","oglądać film"
"El Ocio","Czas wolny","ver una serie","oglądać serial"
"El Ocio","Czas wolny","jugar","grać / bawić się"
"El Ocio","Czas wolny","el juego","gra"
"El Ocio","Czas wolny","navegar por internet","surfować po internecie"
"El Ocio","Czas wolny","chatear","czatować"
"El Ocio","Czas wolny","ir de compras","iść na zakupy"
"El Ocio","Czas wolny","el deporte","sport"
"El Ocio","Czas wolny","hacer deporte","uprawiać sport"
"El Ocio","Czas wolny","ir al gimnasio","iść na siłownię"
"El Ocio","Czas wolny","nadar","pływać"
"El Ocio","Czas wolny","montar en bicicleta","jeździć na rowerze"
"El Ocio","Czas wolny","el viaje","podróż"
"El Ocio","Czas wolny","viajar","podróżować"
"El Ocio","Czas wolny","las vacaciones","wakacje"
"El Ocio","Czas wolny","la fotografía","fotografia (hobby)"
"El Ocio","Czas wolny","sacar fotos","robić zdjęcia"
"El Ocio","Czas wolny","pintar","malować"
"El Ocio","Czas wolny","cocinar","gotować (dla przyjemności)"
"El Ocio","Czas wolny","la jardinería","ogrodnictwo"
"El Ocio","Czas wolny","el club","klub"
"El Ocio","Czas wolny","la fiesta","impreza / przyjęcie"
"El Ocio","Czas wolny","salir","wychodzić (na miasto)"
"El Ocio","Czas wolny","quedar con amigos","spotykać się z przyjaciółmi"
"Juegos","Gry","el juego","gra"
"Juegos","Gry","el juguete","zabawka"
"Juegos","Gry","el juego de mesa","gra planszowa"
"Juegos","Gry","las cartas","karty"
"Juegos","Gry","la baraja","talia kart"
"Juegos","Gry","el ajedrez","szachy"
"Juegos","Gry","las damas","warcaby"
"Juegos","Gry","el dominó","domino"
"Juegos","Gry","el rompecabezas / el puzzle","puzzle"
"Juegos","Gry","el dado","kostka do gry"
"Juegos","Gry","el tablero","plansza"
"Juegos","Gry","la ficha","pionek"
"Juegos","Gry","el videojuego","gra wideo"
"Juegos","Gry","la consola","konsola"
"Juegos","Gry","el mando","kontroler / pad"
"Juegos","Gry","el jugador","gracz"
"Juegos","Gry","jugar","grać"
"Juegos","Gry","ganar","wygrać"
"Juegos","Gry","perder","przegrać"
"Juegos","Gry","el ganador","zwycięzca"
"Juegos","Gry","el perdedor","przegrany"
"Juegos","Gry","el empate","remis"
"Juegos","Gry","empatar","remisować"
"Juegos","Gry","el punto","punkt"
"Juegos","Gry","la puntuación","wynik"
"Juegos","Gry","el nivel","poziom"
"Juegos","Gry","la regla","zasada / reguła"
"Juegos","Gry","hacer trampa","oszukiwać"
"Juegos","Gry","el tramposo","oszust"
"Juegos","Gry","el turno","kolej"
"Juegos","Gry","tirar","rzucać (np. kostką)"
"Juegos","Gry","mezclar","tasować"
"Juegos","Gry","repartir","rozdawać (karty)"
"Juegos","Gry","el escondite","chowanego"
"Juegos","Gry","el pilla-pilla","berek"
"Juegos","Gry","saltar a la comba","skakać przez skakankę"
"Juegos","Gry","el columpio","huśtawka"
"Juegos","Gry","el tobogán","zjeżdżalnia"
"Juegos","Gry","el casino","kasyno"
"Juegos","Gry","la ruleta","ruletka"
"Juegos","Gry","apostar","obstawiać"
"Juegos","Gry","la apuesta","zakład"
"Juegos","Gry","el bingo","bingo"
"Juegos","Gry","la lotería","loteria"
"Juegos","Gry","el premio","nagroda"
"Juegos","Gry","el campeonato","mistrzostwa"
"Juegos","Gry","el torneo","turniej"
"Juegos","Gry","divertido","zabawny / fajny"
"Juegos","Gry","aburrido","nudny"
"Juegos","Gry","el equipo","drużyna"
"Las Fiestas","Święta","la fiesta","impreza / święto"
"Las Fiestas","Święta","el festival","festiwal"
"Las Fiestas","Święta","la celebración","obchody / świętowanie"
"Las Fiestas","Święta","celebrar","świętować"
"Las Fiestas","Święta","festejar","świętować / bawić się"
"Las Fiestas","Święta","el cumpleaños","urodziny"
"Las Fiestas","Święta","el santo","imieniny"
"Las Fiestas","Święta","la boda","ślub / wesele"
"Las Fiestas","Święta","el aniversario","rocznica"
"Las Fiestas","Święta","la invitación","zaproszenie"
"Las Fiestas","Święta","invitar","zapraszać"
"Las Fiestas","Święta","el invitado","gość"
"Las Fiestas","Święta","el regalo","prezent"
"Las Fiestas","Święta","regalar","dawać w prezencie"
"Las Fiestas","Święta","la tarta / el pastel","tort"
"Las Fiestas","Święta","la vela","świeczka"
"Las Fiestas","Święta","soplar","dmuchać"
"Las Fiestas","Święta","la sorpresa","niespodzianka"
"Las Fiestas","Święta","el globo","balon"
"Las Fiestas","Święta","la decoración","dekoracja"
"Las Fiestas","Święta","la música","muzyka"
"Las Fiestas","Święta","bailar","tańczyć"
"Las Fiestas","Święta","el brindis","toast"
"Las Fiestas","Święta","brindar","wznosić toast"
"Las Fiestas","Święta","la Navidad","Boże Narodzenie"
"Las Fiestas","Święta","la Nochebuena","Wigilia"
"Las Fiestas","Święta","la Nochevieja","Sylwester"
"Las Fiestas","Święta","el Año Nuevo","Nowy Rok"
"Las Fiestas","Święta","los Reyes Magos","Trzej Królowie"
"Las Fiestas","Święta","la Semana Santa","Wielki Tydzień / Wielkanoc"
"Las Fiestas","Święta","el carnaval","karnawał"
"Las Fiestas","Święta","el disfraz","przebranie"
"Las Fiestas","Święta","disfrazarse","przebierać się"
"Las Fiestas","Święta","la máscara","maska"
"Las Fiestas","Święta","el desfile","parada / pochód"
"Las Fiestas","Święta","los fuegos artificiales","fajerwerki"
"Las Fiestas","Święta","la tradición","tradycja"
"Las Fiestas","Święta","tradicional","tradycyjny"
"Las Fiestas","Święta","las vacaciones","wakacje / ferie"
"Las Fiestas","Święta","el día festivo","dzień wolny od pracy"
"Las Fiestas","Święta","la religión","religia"
"Las Fiestas","Święta","la misa","msza"
"Las Fiestas","Święta","la familia","rodzina"
"Las Fiestas","Święta","el amigo","przyjaciel"
"Las Fiestas","Święta","la comida","jedzenie / obiad"
"Las Fiestas","Święta","la bebida","napój"
"Las Fiestas","Święta","el vino","wino"
"Las Fiestas","Święta","el champán","szampan"
"Las Fiestas","Święta","alegre","radosny"
"Las Fiestas","Święta","¡Felicidades!","Wszystkiego najlepszego! / Gratulacje!"
"La Oficina","Biuro","la oficina","biuro"
"La Oficina","Biuro","el escritorio","biurko"
"La Oficina","Biuro","la silla","krzesło"
"La Oficina","Biuro","el ordenador","komputer"
"La Oficina","Biuro","el teclado","klawiatura"
"La Oficina","Biuro","el ratón","myszka"
"La Oficina","Biuro","la pantalla","ekran"
"La Oficina","Biuro","el teléfono","telefon"
"La Oficina","Biuro","la impresora","drukarka"
"La Oficina","Biuro","el escáner","skaner"
"La Oficina","Biuro","la fotocopiadora","kserokopiarka"
"La Oficina","Biuro","el papel","papier"
"La Oficina","Biuro","el documento","dokument"
"La Oficina","Biuro","la carpeta","teczka / folder"
"La Oficina","Biuro","el archivo","archiwum / segregator"
"La Oficina","Biuro","el cajón","szuflada"
"La Oficina","Biuro","el bolígrafo","długopis"
"La Oficina","Biuro","el lápiz","ołówek"
"La Oficina","Biuro","la grapadora","zszywacz"
"La Oficina","Biuro","la grapa","zszywka"
"La Oficina","Biuro","el clip","spinacz"
"La Oficina","Biuro","el celo","taśma klejąca"
"La Oficina","Biuro","las tijeras","nożyczki"
"La Oficina","Biuro","el sobre","koperta"
"La Oficina","Biuro","el sello","znaczek pocztowy"
"La Oficina","Biuro","el correo","poczta"
"La Oficina","Biuro","el correo electrónico","e-mail"
"La Oficina","Biuro","la agenda","kalendarz (notatnik)"
"La Oficina","Biuro","el calendario","kalendarz"
"La Oficina","Biuro","la reunión","spotkanie / zebranie"
"La Oficina","Biuro","la sala de reuniones","sala konferencyjna"
"La Oficina","Biuro","el jefe","szef"
"La Oficina","Biuro","el compañero de trabajo","kolega z pracy"
"La Oficina","Biuro","el empleado","pracownik"
"La Oficina","Biuro","el horario","godziny pracy / harmonogram"
"La Oficina","Biuro","el descanso","przerwa"
"La Oficina","Biuro","la cita","wizyta / spotkanie"
"La Oficina","Biuro","el contrato","umowa"
"La Oficina","Biuro","la firma","podpis"
"La Oficina","Biuro","firmar","podpisywać"
"La Oficina","Biuro","imprimir","drukować"
"La Oficina","Biuro","fotocopiar","kserować"
"La Oficina","Biuro","archivar","archiwizować"
"La Oficina","Biuro","enviar","wysyłać"
"La Oficina","Biuro","recibir","otrzymywać"
"La Oficina","Biuro","el proyecto","projekt"
"La Oficina","Biuro","la presentación","prezentacja"
"La Oficina","Biuro","el informe","raport"
"La Oficina","Biuro","el sello de caucho","pieczątka"
"La Oficina","Biuro","la papelera","kosz na śmieci"
"Negocios","Biznes","el negocio","biznes"
"Negocios","Biznes","la empresa","firma / przedsiębiorstwo"
"Negocios","Biznes","el empresario","przedsiębiorca"
"Negocios","Biznes","el gerente","menedżer"
"Negocios","Biznes","el director","dyrektor"
"Negocios","Biznes","el cliente","klient"
"Negocios","Biznes","el socio","wspólnik / partner"
"Negocios","Biznes","el mercado","rynek"
"Negocios","Biznes","la industria","przemysł"
"Negocios","Biznes","el producto","produkt"
"Negocios","Biznes","el servicio","usługa"
"Negocios","Biznes","la marca","marka"
"Negocios","Biznes","la competencia","konkurencja"
"Negocios","Biznes","el competidor","konkurent"
"Negocios","Biznes","el precio","cena"
"Negocios","Biznes","el coste","koszt"
"Negocios","Biznes","el presupuesto","budżet"
"Negocios","Biznes","el ingreso","przychód"
"Negocios","Biznes","el gasto","wydatek"
"Negocios","Biznes","el beneficio","zysk"
"Negocios","Biznes","la pérdida","strata"
"Negocios","Biznes","la inversión","inwestycja"
"Negocios","Biznes","el inversor","inwestor"
"Negocios","Biznes","invertir","inwestować"
"Negocios","Biznes","el capital","kapitał"
"Negocios","Biznes","la acción","akcja (giełdowa)"
"Negocios","Biznes","la bolsa","giełda"
"Negocios","Biznes","el banco","bank"
"Negocios","Biznes","el préstamo","pożyczka"
"Negocios","Biznes","el crédito","kredyt"
"Negocios","Biznes","la deuda","dług"
"Negocios","Biznes","el contrato","kontrakt"
"Negocios","Biznes","el acuerdo","porozumienie"
"Negocios","Biznes","negociar","negocjować"
"Negocios","Biznes","la negociación","negocjacje"
"Negocios","Biznes","el éxito","sukces"
"Negocios","Biznes","el fracaso","porażka"
"Negocios","Biznes","quebrar","zbankrutować"
"Negocios","Biznes","la bancarrota","bankructwo"
"Negocios","Biznes","comprar","kupować"
"Negocios","Biznes","vender","sprzedawać"
"Negocios","Biznes","la venta","sprzedaż"
"Negocios","Biznes","el marketing","marketing"
"Negocios","Biznes","la publicidad","reklama"
"Negocios","Biznes","el plan de negocio","biznesplan"
"Negocios","Biznes","exportar","eksportować"
"Negocios","Biznes","importar","importować"
"Negocios","Biznes","la calidad","jakość"
"Negocios","Biznes","el proveedor","dostawca"
"Negocios","Biznes","la factura","faktura"
"Derecho y Ley","Prawo y Ustawa","el derecho","prawo (dziedzina)"
"Derecho y Ley","Prawo y Ustawa","la ley","ustawa / prawo"
"Derecho y Ley","Prawo y Ustawa","legal","legalny"
"Derecho y Ley","Prawo y Ustawa","ilegal","nielegalny"
"Derecho y Ley","Prawo y Ustawa","el abogado","prawnik / adwokat"
"Derecho y Ley","Prawo y Ustawa","el juez","sędzia"
"Derecho y Ley","Prawo y Ustawa","el tribunal","sąd"
"Derecho y Ley","Prawo y Ustawa","el juicio","proces sądowy / rozprawa"
"Derecho y Ley","Prawo y Ustawa","el jurado","ława przysięgłych"
"Derecho y Ley","Prawo y Ustawa","el testigo","świadek"
"Derecho y Ley","Prawo y Ustawa","el testimonio","zeznanie"
"Derecho y Ley","Prawo y Ustawa","la prueba","dowód"
"Derecho y Ley","Prawo y Ustawa","el delito","przestępstwo"
"Derecho y Ley","Prawo y Ustawa","el crimen","zbrodnia"
"Derecho y Ley","Prawo y Ustawa","el criminal","przestępca"
"Derecho y Ley","Prawo y Ustawa","el ladrón","złodziej"
"Derecho y Ley","Prawo y Ustawa","el asesinato","morderstwo"
"Derecho y Ley","Prawo y Ustawa","el asesino","morderca"
"Derecho y Ley","Prawo y Ustawa","el robo","kradzież"
"Derecho y Ley","Prawo y Ustawa","la estafa","oszustwo"
"Derecho y Ley","Prawo y Ustawa","el sospechoso","podejrzany"
"Derecho y Ley","Prawo y Ustawa","culpable","winny"
"Derecho y Ley","Prawo y Ustawa","inocente","niewinny"
"Derecho y Ley","Prawo y Ustawa","la culpa","wina"
"Derecho y Ley","Prawo y Ustawa","la víctima","ofiara"
"Derecho y Ley","Prawo y Ustawa","la policía","policja"
"Derecho y Ley","Prawo y Ustawa","el policía","policjant"
"Derecho y Ley","Prawo y Ustawa","arrestar","aresztować"
"Derecho y Ley","Prawo y Ustawa","la cárcel / la prisión","więzienie"
"Derecho y Ley","Prawo y Ustawa","el prisionero","więzień"
"Derecho y Ley","Prawo y Ustawa","la celda","cela"
"Derecho y Ley","Prawo y Ustawa","la demanda","pozew"
"Derecho y Ley","Prawo y Ustawa","demandar","pozwać"
"Derecho y Ley","Prawo y Ustawa","la defensa","obrona"
"Derecho y Ley","Prawo y Ustawa","la acusación","oskarżenie"
"Derecho y Ley","Prawo y Ustawa","acusar","oskarżać"
"Derecho y Ley","Prawo y Ustawa","la sentencia","wyrok"
"Derecho y Ley","Prawo y Ustawa","el castigo","kara"
"Derecho y Ley","Prawo y Ustawa","la multa","mandat / grzywna"
"Derecho y Ley","Prawo y Ustawa","la apelación","apelacja"
"Derecho y Ley","Prawo y Ustawa","los derechos humanos","prawa człowieka"
"Derecho y Ley","Prawo y Ustawa","la constitución","konstytucja"
"Derecho y Ley","Prawo y Ustawa","el contrato","umowa"
"Derecho y Ley","Prawo y Ustawa","firmar","podpisać"
"Derecho y Ley","Prawo y Ustawa","la justicia","sprawiedliwość"
"Derecho y Ley","Prawo y Ustawa","injusto","niesprawiedliwy"
"Derecho y Ley","Prawo y Ustawa","la libertad","wolność"
"Derecho y Ley","Prawo y Ustawa","el fiscal","prokurator"
"Derecho y Ley","Prawo y Ustawa","el jurista","prawnik (teoretyk)"
"Derecho y Ley","Prawo y Ustawa","el notario","notariusz"
"El Ejército","Wojsko","el ejército","wojsko / armia"
"El Ejército","Wojsko","las fuerzas armadas","siły zbrojne"
"El Ejército","Wojsko","el soldado","żołnierz"
"El Ejército","Wojsko","el oficial","oficer"
"El Ejército","Wojsko","el general","generał"
"El Ejército","Wojsko","el capitán","kapitan"
"El Ejército","Wojsko","el comandante","dowódca / komendant"
"El Ejército","Wojsko","el sargento","sierżant"
"El Ejército","Wojsko","el uniforme","mundur"
"El Ejército","Wojsko","la base militar","baza wojskowa"
"El Ejército","Wojsko","la guerra","wojna"
"El Ejército","Wojsko","la paz","pokój"
"El Ejército","Wojsko","la batalla","bitwa"
"El Ejército","Wojsko","el ataque","atak"
"El Ejército","Wojsko","atacar","atakować"
"El Ejército","Wojsko","la defensa","obrona"
"El Ejército","Wojsko","defender","bronić"
"El Ejército","Wojsko","el enemigo","wróg"
"El Ejército","Wojsko","el aliado","sojusznik"
"El Ejército","Wojsko","la victoria","zwycięstwo"
"El Ejército","Wojsko","la derrota","porażka"
"El Ejército","Wojsko","el arma","broń"
"El Ejército","Wojsko","la pistola","pistolet"
"El Ejército","Wojsko","el rifle / el fusil","karabin"
"El Ejército","Wojsko","la bala","kula / pocisk"
"El Ejército","Wojsko","la bomba","bomba"
"El Ejército","Wojsko","el misil","pocisk rakietowy"
"El Ejército","Wojsko","el tanque","czołg"
"El Ejército","Wojsko","el avión de caza","myśliwiec"
"El Ejército","Wojsko","el helicóptero","helikopter"
"El Ejército","Wojsko","la marina","marynarka wojenna"
"El Ejército","Wojsko","el barco de guerra","okręt wojenny"
"El Ejército","Wojsko","el submarino","okręt podwodny"
"El Ejército","Wojsko","la fuerza aérea","lotnictwo wojskowe"
"El Ejército","Wojsko","el recluta","rekrut"
"El Ejército","Wojsko","el veterano","weteran"
"El Ejército","Wojsko","la medalla","medal"
"El Ejército","Wojsko","el rango","stopień wojskowy"
"El Ejército","Wojsko","la orden","rozkaz"
"El Ejército","Wojsko","disparar","strzelać"
"El Ejército","Wojsko","explotar","wybuchać"
"El Ejército","Wojsko","la explosión","eksplozja"
"El Ejército","Wojsko","el prisionero de guerra","jeździec wojenny / jeniec"
"El Ejército","Wojsko","la trinchera","okop"
"El Ejército","Wojsko","la estrategia","strategia"
"El Ejército","Wojsko","el campamento","obóz"
"El Ejército","Wojsko","rendirse","poddać się"
"El Ejército","Wojsko","la tregua","zawieszenie broni"
"El Ejército","Wojsko","el francotirador","snajper"
"El Ejército","Wojsko","la munición","amunicja"
"Instrumentos Musicales","Instrumenty muzyczne","el instrumento musical","instrument muzyczny"
"Instrumentos Musicales","Instrumenty muzyczne","la guitarra","gitara"
"Instrumentos Musicales","Instrumenty muzyczne","la guitarra eléctrica","gitara elektryczna"
"Instrumentos Musicales","Instrumenty muzyczne","la guitarra acústica","gitara akustyczna"
"Instrumentos Musicales","Instrumenty muzyczne","el bajo","gitara basowa"
"Instrumentos Musicales","Instrumenty muzyczne","el piano","pianino"
"Instrumentos Musicales","Instrumenty muzyczne","el teclado","keyboard / instrument klawiszowy"
"Instrumentos Musicales","Instrumenty muzyczne","el violín","skrzypce"
"Instrumentos Musicales","Instrumenty muzyczne","la viola","altówka"
"Instrumentos Musicales","Instrumenty muzyczne","el violonchelo","wiolonczela"
"Instrumentos Musicales","Instrumenty muzyczne","el contrabajo","kontrabas"
"Instrumentos Musicales","Instrumenty muzyczne","el arpa","harfa"
"Instrumentos Musicales","Instrumenty muzyczne","la batería","perkusja"
"Instrumentos Musicales","Instrumenty muzyczne","el tambor","bęben"
"Instrumentos Musicales","Instrumenty muzyczne","los platillos","talerze (instrument)"
"Instrumentos Musicales","Instrumenty muzyczne","la trompeta","trąbka"
"Instrumentos Musicales","Instrumenty muzyczne","el trombón","puzon"
"Instrumentos Musicales","Instrumenty muzyczne","la tuba","tuba"
"Instrumentos Musicales","Instrumenty muzyczne","el saxofón","saksofon"
"Instrumentos Musicales","Instrumenty muzyczne","la flauta","flet"
"Instrumentos Musicales","Instrumenty muzyczne","el clarinete","klarnet"
"Instrumentos Musicales","Instrumenty muzyczne","el oboe","obój"
"Instrumentos Musicales","Instrumenty muzyczne","el fagot","fagot"
"Instrumentos Musicales","Instrumenty muzyczne","el acordeón","akordeon"
"Instrumentos Musicales","Instrumenty muzyczne","la armónica","harmonijka ustna"
"Instrumentos Musicales","Instrumenty muzyczne","la pandereta","tamburyn"
"Instrumentos Musicales","Instrumenty muzyczne","las maracas","marakasy"
"Instrumentos Musicales","Instrumenty muzyczne","el xilófono","ksylofon"
"Instrumentos Musicales","Instrumenty muzyczne","el triángulo","trójkąt (instrument)"
"Instrumentos Musicales","Instrumenty muzyczne","el órgano","organy"
"Instrumentos Musicales","Instrumenty muzyczne","el sintetizador","syntezator"
"Instrumentos Musicales","Instrumenty muzyczne","el laúd","lutnia"
"Instrumentos Musicales","Instrumenty muzyczne","la mandolina","mandolina"
"Instrumentos Musicales","Instrumenty muzyczne","el ukelele","ukulele"
"Instrumentos Musicales","Instrumenty muzyczne","el bongó","bongo"
"Instrumentos Musicales","Instrumenty muzyczne","las congas","kongi"
"Instrumentos Musicales","Instrumenty muzyczne","las castañuelas","kastaniety"
"Instrumentos Musicales","Instrumenty muzyczne","la gaita","dudy"
"Instrumentos Musicales","Instrumenty muzyczne","la baqueta","pałeczka perkusyjna"
"Instrumentos Musicales","Instrumenty muzyczne","la cuerda","struna"
"Instrumentos Musicales","Instrumenty muzyczne","el arco","smyczek"
"Instrumentos Musicales","Instrumenty muzyczne","el pedal","pedał"
"Instrumentos Musicales","Instrumenty muzyczne","la tecla","klawisz"
"Instrumentos Musicales","Instrumenty muzyczne","tocar","grać (na instrumencie)"
"Instrumentos Musicales","Instrumenty muzyczne","afinar","stroić"
"Instrumentos Musicales","Instrumenty muzyczne","el afinador","stroik"
"Instrumentos Musicales","Instrumenty muzyczne","el músico","muzyk"
"Instrumentos Musicales","Instrumenty muzyczne","la orquesta","orkiestra"
"Instrumentos Musicales","Instrumenty muzyczne","el conservatorio","konserwatorium"
"Instrumentos Musicales","Instrumenty muzyczne","la melodía","melodia"
"Las Verduras","Warzywa","la verdura","warzywo"
"Las Verduras","Warzywa","el tomate","pomidor"
"Las Verduras","Warzywa","la cebolla","cebula"
"Las Verduras","Warzywa","el ajo","czosnek"
"Las Verduras","Warzywa","la patata / la papa","ziemniak"
"Las Verduras","Warzywa","la zanahoria","marchewka"
"Las Verduras","Warzywa","el pepino","ogórek"
"Las Verduras","Warzywa","el pimiento","papryka"
"Las Verduras","Warzywa","la lechuga","sałata"
"Las Verduras","Warzywa","la col / el repollo","kapusta"
"Las Verduras","Warzywa","el brócoli","brokuł"
"Las Verduras","Warzywa","la coliflor","kalafior"
"Las Verduras","Warzywa","la espinaca","szpinak"
"Las Verduras","Warzywa","el calabacín","cukinia"
"Las Verduras","Warzywa","la berenjena","bakłażan"
"Las Verduras","Warzywa","la calabaza","dynia"
"Las Verduras","Warzywa","el guisante","groszek"
"Las Verduras","Warzywa","la judía verde","fasolka szparagowa"
"Las Verduras","Warzywa","el maíz","kukurydza"
"Las Verduras","Warzywa","el champiñón","pieczarka"
"Las Verduras","Warzywa","la seta","grzyb"
"Las Verduras","Warzywa","el rábano","rzodkiewka"
"Las Verduras","Warzywa","el apio","seler"
"Las Verduras","Warzywa","el espárrago","szparag"
"Las Verduras","Warzywa","el puerro","por"
"Las Verduras","Warzywa","la remolacha","burak"
"Las Verduras","Warzywa","la alcachofa","karczoch"
"Las Verduras","Warzywa","la batata / el boniato","batat / słodki ziemniak"
"Las Verduras","Warzywa","el aguacate","awokado"
"Las Verduras","Warzywa","el perejil","pietruszka (nać)"
"Las Verduras","Warzywa","el cilantro","kolendra"
"Las Verduras","Warzywa","la albahaca","bazylia"
"Las Verduras","Warzywa","el romero","rozmaryn"
"Las Verduras","Warzywa","el tomillo","tymianek"
"Las Verduras","Warzywa","el orégano","oregano"
"Las Verduras","Warzywa","el laurel","liść laurowy"
"Las Verduras","Warzywa","la menta","mięta"
"Las Verduras","Warzywa","el eneldo","koperek"
"Las Verduras","Warzywa","el cebollino","szczypiorek"
"Las Verduras","Warzywa","el pimentón","papryka w proszku"
"Las Verduras","Warzywa","el chile","papryczka chili"
"Las Verduras","Warzywa","el jalapeño","jalapeño"
"Las Verduras","Warzywa","el nabo","rzepa"
"Las Verduras","Warzywa","el hinojo","koper włoski"
"Las Verduras","Warzywa","la acelga","boćwina"
"Las Verduras","Warzywa","el berro","rukiew wodna"
"Las Verduras","Warzywa","la rúcula","rukola"
"Las Verduras","Warzywa","el germinado","kiełek"
"Las Verduras","Warzywa","la trufa","trufla"
"Las Verduras","Warzywa","la legumbre","roślina strączkowa"
"Las Frutas","Owoce","la fruta","owoc"
"Las Frutas","Owoce","la manzana","jabłko"
"Las Frutas","Owoce","la pera","gruszka"
"Las Frutas","Owoce","el plátano / la banana","banan"
"Las Frutas","Owoce","la naranja","pomarańcza"
"Las Frutas","Owoce","el limón","cytryna"
"Las Frutas","Owoce","la mandarina","mandarynka"
"Las Frutas","Owoce","el pomelo","grejpfrut"
"Las Frutas","Owoce","la uva","winogrono"
"Las Frutas","Owoce","la fresa","truskawka"
"Las Frutas","Owoce","la frambuesa","malina"
"Las Frutas","Owoce","el arándano","borówka / jagoda"
"Las Frutas","Owoce","la mora","jeżyna"
"Las Frutas","Owoce","la cereza","czereśnia / wiśnia"
"Las Frutas","Owoce","la ciruela","śliwka"
"Las Frutas","Owoce","el melocotón","brzoskwinia"
"Las Frutas","Owoce","el albaricoque","morela"
"Las Frutas","Owoce","la nectarina","nektarynka"
"Las Frutas","Owoce","la sandía","arbuz"
"Las Frutas","Owoce","el melón","melon"
"Las Frutas","Owoce","la piña","ananas"
"Las Frutas","Owoce","el mango","mango"
"Las Frutas","Owoce","la papaya","papaja"
"Las Frutas","Owoce","el coco","kokos"
"Las Frutas","Owoce","el kiwi","kiwi"
"Las Frutas","Owoce","el higo","figa"
"Las Frutas","Owoce","la granada","granat (owoc)"
"Las Frutas","Owoce","el maracuyá","marakuja"
"Las Frutas","Owoce","la guayaba","gujawa"
"Las Frutas","Owoce","la lima","limonka"
"Las Frutas","Owoce","el caqui","persymona / kaki"
"Las Frutas","Owoce","el membrillo","pigwa"
"Las Frutas","Owoce","el dátil","daktyl"
"Las Frutas","Owoce","la pasa","rodzynka"
"Las Frutas","Owoce","la almendra","migdał"
"Las Frutas","Owoce","la nuez","orzech włoski"
"Las Frutas","Owoce","la avellana","orzech laskowy"
"Las Frutas","Owoce","el cacahuete / el maní","orzeszek ziemny"
"Las Frutas","Owoce","el pistacho","pistacja"
"Las Frutas","Owoce","la castaña","kasztan"
"Las Frutas","Owoce","la semilla","nasiono"
"Las Frutas","Owoce","la pepita","pestka"
"Las Frutas","Owoce","la cáscara","skórka / łupina"
"Las Frutas","Owoce","la pulpa","miąższ"
"Las Frutas","Owoce","el zumo / el jugo","sok"
"Las Frutas","Owoce","maduro","dojrzały"
"Las Frutas","Owoce","verde (inmaduro)","niedojrzały"
"Las Frutas","Owoce","dulce","słodki"
"Las Frutas","Owoce","ácido","kwaśny"
"Las Frutas","Owoce","pelar","obierać"
"La Carne","Mięso","la carne","mięso"
"La Carne","Mięso","el cerdo","wieprzowina"
"La Carne","Mięso","la ternera","cielęcina"
"La Carne","Mięso","la vaca","wołowina"
"La Carne","Mięso","el buey","mięso wołowe (z wołu)"
"La Carne","Mięso","el pollo","kurczak"
"La Carne","Mięso","el pavo","indyk"
"La Carne","Mięso","el pato","kaczka"
"La Carne","Mięso","el cordero","jagnięcina"
"La Carne","Mięso","la oveja","baranina"
"La Carne","Mięso","el conejo","królik"
"La Carne","Mięso","el venado","dziczyzna (jeleń)"
"La Carne","Mięso","el jabalí","dzik"
"La Carne","Mięso","el filete","filet / stek"
"La Carne","Mięso","la chuleta","kotlet z kością"
"La Carne","Mięso","el lomo","schab / polędwica"
"La Carne","Mięso","la costilla","żeberko"
"La Carne","Mięso","la carne picada","mięso mielone"
"La Carne","Mięso","la salchicha","parówka / kiełbaska"
"La Carne","Mięso","el chorizo","chorizo (kiełbasa)"
"La Carne","Mięso","el jamón","szynka"
"La Carne","Mięso","el jamón serrano","szynka dojrzewająca"
"La Carne","Mięso","el jamón cocido","szynka gotowana"
"La Carne","Mięso","el tocino / el bacon","boczek"
"La Carne","Mięso","el salami","salami"
"La Carne","Mięso","la morcilla","kaszanka"
"La Carne","Mięso","el paté","pasztet"
"La Carne","Mięso","el asado","pieczeń"
"La Carne","Mięso","la pechuga","pierś (np. z kurczaka)"
"La Carne","Mięso","el muslo","udo / udko"
"La Carne","Mięso","la alita","skrzydełko"
"La Carne","Mięso","la casquería","podroby"
"La Carne","Mięso","el hígado","wątróbka"
"La Carne","Mięso","el corazón","serce"
"La Carne","Mięso","la lengua","język (mięso)"
"La Carne","Mięso","los callos","flaki"
"La Carne","Mięso","la carne asada","mięso pieczone"
"La Carne","Mięso","la carne frita","mięso smażone"
"La Carne","Mięso","el estofado","gulasz"
"La Carne","Mięso","el guiso","potrawka / duszony posiłek"
"La Carne","Mięso","crudo","surowy"
"La Carne","Mięso","poco hecho","słabo wysmażony (krwisty)"
"La Carne","Mięso","en su punto","średnio wysmażony"
"La Carne","Mięso","muy hecho","dobrze wysmażony"
"La Carne","Mięso","tierno","miękki / kruchy (o mięsie)"
"La Carne","Mięso","duro","twardy / żylasty"
"La Carne","Mięso","el carnicero","rzeźnik"
"La Carne","Mięso","la carnicería","sklep mięsny"
"La Carne","Mięso","el ave","drób"
"La Carne","Mięso","el embutido","wędlina"
"El Pescado y Marisco","Ryby i Owoce morza","el pescado","ryba (do jedzenia)"
"El Pescado y Marisco","Ryby i Owoce morza","el marisco","owoce morza"
"El Pescado y Marisco","Ryby i Owoce morza","el salmón","łosoś"
"El Pescado y Marisco","Ryby i Owoce morza","el atún","tuńczyk"
"El Pescado y Marisco","Ryby i Owoce morza","el bacalao","dorsz"
"El Pescado y Marisco","Ryby i Owoce morza","la merluza","morszczuk"
"El Pescado y Marisco","Ryby i Owoce morza","la sardina","sardynka"
"El Pescado y Marisco","Ryby i Owoce morza","el boquerón","sardela / anchois"
"El Pescado y Marisco","Ryby i Owoce morza","la trucha","pstrąg"
"El Pescado y Marisco","Ryby i Owoce morza","la dorada","dorada"
"El Pescado y Marisco","Ryby i Owoce morza","la lubina","okoń morski"
"El Pescado y Marisco","Ryby i Owoce morza","el pez espada","miecznik"
"El Pescado y Marisco","Ryby i Owoce morza","el lenguado","sola"
"El Pescado y Marisco","Ryby i Owoce morza","el rodaballo","turbot"
"El Pescado y Marisco","Ryby i Owoce morza","la caballa","makrela"
"El Pescado y Marisco","Ryby i Owoce morza","la anguila","węgorz"
"El Pescado y Marisco","Ryby i Owoce morza","el rape","żabnica"
"El Pescado y Marisco","Ryby i Owoce morza","el pulpo","ośmiornica"
"El Pescado y Marisco","Ryby i Owoce morza","el calamar","kalamar"
"El Pescado y Marisco","Ryby i Owoce morza","la sepia","mątwa"
"El Pescado y Marisco","Ryby i Owoce morza","la gamba","krewetka (mniejsza)"
"El Pescado y Marisco","Ryby i Owoce morza","el langostino","krewetka (większa)"
"El Pescado y Marisco","Ryby i Owoce morza","la langosta","langusta"
"El Pescado y Marisco","Ryby i Owoce morza","el cangrejo","krab"
"El Pescado y Marisco","Ryby i Owoce morza","el mejillón","omułek / małż"
"El Pescado y Marisco","Ryby i Owoce morza","la ostra","ostryga"
"El Pescado y Marisco","Ryby i Owoce morza","la almeja","małż (zwyczajny)"
"El Pescado y Marisco","Ryby i Owoce morza","la vieira","przegrzebek"
"El Pescado y Marisco","Ryby i Owoce morza","el berberecho","sercówka"
"El Pescado y Marisco","Ryby i Owoce morza","el erizo de mar","jeżowiec"
"El Pescado y Marisco","Ryby i Owoce morza","el caviar","kawior"
"El Pescado y Marisco","Ryby i Owoce morza","la espina","ość"
"El Pescado y Marisco","Ryby i Owoce morza","la escama","łuska"
"El Pescado y Marisco","Ryby i Owoce morza","la aleta","płetwa"
"El Pescado y Marisco","Ryby i Owoce morza","las agallas","skrzela"
"El Pescado y Marisco","Ryby i Owoce morza","la cola","ogon"
"El Pescado y Marisco","Ryby i Owoce morza","pescar","łowić ryby"
"El Pescado y Marisco","Ryby i Owoce morza","el pescador","rybak / wędkarz"
"El Pescado y Marisco","Ryby i Owoce morza","la pescadería","sklep rybny"
"El Pescado y Marisco","Ryby i Owoce morza","fresco","świeży"
"El Pescado y Marisco","Ryby i Owoce morza","congelado","mrożony"
"El Pescado y Marisco","Ryby i Owoce morza","ahumado","wędzony"
"El Pescado y Marisco","Ryby i Owoce morza","enlatado","w puszce / konserwowy"
"El Pescado y Marisco","Ryby i Owoce morza","el filete de pescado","filet rybny"
"El Pescado y Marisco","Ryby i Owoce morza","el sushi","sushi"
"El Pescado y Marisco","Ryby i Owoce morza","la mariscada","półmisek owoców morza"
"El Pescado y Marisco","Ryby i Owoce morza","la red","sieć rybacka"
"El Pescado y Marisco","Ryby i Owoce morza","el anzuelo","haczyk (na ryby)"
"El Pescado y Marisco","Ryby i Owoce morza","la caña de pescar","wędka"
"El Pescado y Marisco","Ryby i Owoce morza","el mar y montaña","danie mięsno-rybne (surf and turf)"
"Los Postres","Desery","el postre","deser"
"Los Postres","Desery","la tarta / el pastel","ciasto / tort"
"Los Postres","Desery","el bizcocho","biszkopt / babka"
"Los Postres","Desery","la galleta","ciastko"
"Los Postres","Desery","el helado","lody"
"Los Postres","Desery","el chocolate","czekolada"
"Los Postres","Desery","el caramelo","cukierek / karmel"
"Los Postres","Desery","el bombón","pralina / czekoladka"
"Los Postres","Desery","el chicle","guma do żucia"
"Los Postres","Desery","la gominola","żelek"
"Los Postres","Desery","el flan","flan (krem karmelowy)"
"Los Postres","Desery","las natillas","krem budyniowy"
"Los Postres","Desery","el arroz con leche","ryż na mleku"
"Los Postres","Desery","la crema catalana","krem kataloński"
"Los Postres","Desery","el churro","churro"
"Los Postres","Desery","el buñuelo","pączek hiszpański"
"Los Postres","Desery","la magdalena","muffinka / magdalenka"
"Los Postres","Desery","el cruasán","rogalik / croissant"
"Los Postres","Desery","la ensaimada","drożdżówka z Majorki"
"Los Postres","Desery","el turrón","nugat / turron"
"Los Postres","Desery","el mazapán","marcepan"
"Los Postres","Desery","el polvorón","kruche ciastko świąteczne"
"Los Postres","Desery","el roscón","ciasto w kształcie pierścienia"
"Los Postres","Desery","el gofre","gofr"
"Los Postres","Desery","el crep","naleśnik"
"Los Postres","Desery","la tortita","pankejk / placuszek"
"Los Postres","Desery","la mermelada","dżem / marmolada"
"Los Postres","Desery","la miel","miód"
"Los Postres","Desery","el sirope","syrop"
"Los Postres","Desery","la nata","bita śmietana"
"Los Postres","Desery","la crema","krem"
"Los Postres","Desery","la vainilla","wanilia"
"Los Postres","Desery","la canela","cynamon"
"Los Postres","Desery","el azúcar","cukier"
"Los Postres","Desery","el azúcar glas","cukier puder"
"Los Postres","Desery","el edulcorante","słodzik"
"Los Postres","Desery","dulce","słodki"
"Los Postres","Desery","el postre casero","domowy deser"
"Los Postres","Desery","la repostería","cukiernictwo / wypieki"
"Los Postres","Desery","el pastelero","cukiernik"
"Los Postres","Desery","la pastelería","cukiernia"
"Los Postres","Desery","la panadería","piekarnia"
"Los Postres","Desery","hornear","piec (w piekarniku)"
"Los Postres","Desery","la masa","ciasto (masa)"
"Los Postres","Desery","la harina","mąka"
"Los Postres","Desery","la levadura","drożdże / proszek do pieczenia"
"Los Postres","Desery","el horno","piekarnik"
"Los Postres","Desery","derretir","roztapiać (np. czekoladę)"
"Los Postres","Desery","espolvorear","posypywać"
"Los Postres","Desery","rellenar","nadziewać"
"Condimentos","Przyprawy","el condimento","przyprawa"
"Condimentos","Przyprawy","la sal","sól"
"Condimentos","Przyprawy","la pimienta","pieprz"
"Condimentos","Przyprawy","el azúcar","cukier"
"Condimentos","Przyprawy","el vinagre","ocet"
"Condimentos","Przyprawy","el aceite","olej / oliwa"
"Condimentos","Przyprawy","la mostaza","musztarda"
"Condimentos","Przyprawy","el kétchup","keczup"
"Condimentos","Przyprawy","la mayonesa","majonez"
"Condimentos","Przyprawy","el ajo en polvo","czosnek niedźwiedzi / w proszku"
"Condimentos","Przyprawy","la cebolla en polvo","cebula w proszku"
"Condimentos","Przyprawy","el pimentón","papryka (przyprawa)"
"Condimentos","Przyprawy","el orégano","oregano"
"Condimentos","Przyprawy","la albahaca","bazylia"
"Condimentos","Przyprawy","el tomillo","tymianek"
"Condimentos","Przyprawy","el romero","rozmaryn"
"Condimentos","Przyprawy","el comino","kmin rzymski"
"Condimentos","Przyprawy","el curry","curry"
"Condimentos","Przyprawy","la cúrcuma","kurkuma"
"Condimentos","Przyprawy","el jengibre","imbir"
"Condimentos","Przyprawy","la canela","cynamon"
"Condimentos","Przyprawy","el clavo","goździk (przyprawa)"
"Condimentos","Przyprawy","la nuez moscada","gałka muszkatołowa"
"Condimentos","Przyprawy","el azafrán","szafran"
"Condimentos","Przyprawy","el cilantro","kolendra"
"Condimentos","Przyprawy","el perejil","pietruszka (przyprawa)"
"Condimentos","Przyprawy","el eneldo","koperek"
"Condimentos","Przyprawy","el laurel","liść laurowy"
"Condimentos","Przyprawy","el anís","anyż"
"Condimentos","Przyprawy","la vainilla","wanilia"
"Condimentos","Przyprawy","la salsa de soja","sos sojowy"
"Condimentos","Przyprawy","el tabasco","tabasco"
"Condimentos","Przyprawy","el chile","chili"
"Condimentos","Przyprawy","el jalapeño","jalapeño"
"Condimentos","Przyprawy","la sal marina","sól morska"
"Condimentos","Przyprawy","la pimienta negra","pieprz czarny"
"Condimentos","Przyprawy","la pimienta blanca","pieprz biały"
"Condimentos","Przyprawy","las hierbas provenzales","zioła prowansalskie"
"Condimentos","Przyprawy","la guindilla","ostra papryczka"
"Condimentos","Przyprawy","el sésamo","sezam"
"Condimentos","Przyprawy","la semilla de amapola","mak (ziarno)"
"Condimentos","Przyprawy","sazonar","doprawiać"
"Condimentos","Przyprawy","salar","solić"
"Condimentos","Przyprawy","condimentar","przyprawiać"
"Condimentos","Przyprawy","aderezar","okraszać / doprawiać"
"Condimentos","Przyprawy","el aderezo","dressing / przyprawa"
"Condimentos","Przyprawy","picante","pikantny"
"Condimentos","Przyprawy","salado","słony"
"Condimentos","Przyprawy","sabroso","smaczny"
"Condimentos","Przyprawy","la salsa","sos"
"En la Cocina","W kuchni","la cocina","kuchnia (pomieszczenie/mebel)"
"En la Cocina","W kuchni","la olla","garnek"
"En la Cocina","W kuchni","la sartén","patelnia"
"En la Cocina","W kuchni","la cacerola","rondel"
"En la Cocina","W kuchni","la tapadera","pokrywka"
"En la Cocina","W kuchni","el cazo","chochla / rondelik"
"En la Cocina","W kuchni","el cuchillo","nóż"
"En la Cocina","W kuchni","la tabla de cortar","deska do krojenia"
"En la Cocina","W kuchni","el cucharón","wielka łyżka / chochla"
"En la Cocina","W kuchni","la espumadera","łyżka cedzakowa / szumówka"
"En la Cocina","W kuchni","el rallador","tarka"
"En la Cocina","W kuchni","el colador","sitko / durszlak"
"En la Cocina","W kuchni","el escurridor","ociekacz / durszlak"
"En la Cocina","W kuchni","el mortero","moździerz"
"En la Cocina","W kuchni","el rodillo","wałek do ciasta"
"En la Cocina","W kuchni","el bol","miska"
"En la Cocina","W kuchni","la fuente","półmisek / naczynie żaroodporne"
"En la Cocina","W kuchni","la bandeja","taca"
"En la Cocina","W kuchni","el molde","forma do pieczenia"
"En la Cocina","W kuchni","el delantal","fartuch"
"En la Cocina","W kuchni","el paño de cocina","ścierka kuchenna"
"En la Cocina","W kuchni","la esponja","gąbka"
"En la Cocina","W kuchni","el estropajo","druciak / szorstka gąbka"
"En la Cocina","W kuchni","el lavavajillas","zmywarka / płyn do naczyń"
"En la Cocina","W kuchni","el horno","piekarnik"
"En la Cocina","W kuchni","el microondas","mikrofalówka"
"En la Cocina","W kuchni","el frigorífico / la nevera","lodówka"
"En la Cocina","W kuchni","el congelador","zamrażarka"
"En la Cocina","W kuchni","la batidora","blender / mikser"
"En la Cocina","W kuchni","la tostadora","toster"
"En la Cocina","W kuchni","la báscula de cocina","waga kuchenna"
"En la Cocina","W kuchni","pelar","obierać"
"En la Cocina","W kuchni","cortar","kroić / ciąć"
"En la Cocina","W kuchni","picar","siekać"
"En la Cocina","W kuchni","rallar","ścierać (na tarce)"
"En la Cocina","W kuchni","batir","ubijać"
"En la Cocina","W kuchni","mezclar","mieszać"
"En la Cocina","W kuchni","freír","smażyć"
"En la Cocina","W kuchni","hervir","gotować (wodę)"
"En la Cocina","W kuchni","cocer","gotować (potrawę)"
"En la Cocina","W kuchni","asar","piec (mięso)"
"En la Cocina","W kuchni","hornear","piec (ciasto)"
"En la Cocina","W kuchni","calentar","podgrzewać"
"En la Cocina","W kuchni","descongelar","rozmrażać"
"En la Cocina","W kuchni","la receta","przepis"
"En la Cocina","W kuchni","el ingrediente","składnik"
"En la Cocina","W kuchni","el chef","szef kuchni"
"En la Cocina","W kuchni","preparar","przygotowywać"
"En la Cocina","W kuchni","servir","serwować / podawać"
"En la Cocina","W kuchni","lavar los platos","zmywać naczynia"
"Higiene Personal","Higiena osobista","la higiene","higiena"
"Higiene Personal","Higiena osobista","el baño","łazienka / kąpiel"
"Higiene Personal","Higiena osobista","la ducha","prysznic"
"Higiene Personal","Higiena osobista","la bañera","wanna"
"Higiene Personal","Higiena osobista","el lavabo","umywalka"
"Higiene Personal","Higiena osobista","el váter / el inodoro","toaleta / muszla klozetowa"
"Higiene Personal","Higiena osobista","el jabón","mydło"
"Higiene Personal","Higiena osobista","el gel de ducha","żel pod prysznic"
"Higiene Personal","Higiena osobista","el champú","szampon"
"Higiene Personal","Higiena osobista","el acondicionador","odżywka (do włosów)"
"Higiene Personal","Higiena osobista","la esponja","gąbka"
"Higiene Personal","Higiena osobista","la toalla","ręcznik"
"Higiene Personal","Higiena osobista","el albornoz","szlafrok"
"Higiene Personal","Higiena osobista","el cepillo de dientes","szczoteczka do zębów"
"Higiene Personal","Higiena osobista","la pasta de dientes","pasta do zębów"
"Higiene Personal","Higiena osobista","el enjuague bucal","płyn do płukania ust"
"Higiene Personal","Higiena osobista","el hilo dental","nić dentystyczna"
"Higiene Personal","Higiena osobista","el desodorante","dezodorant"
"Higiene Personal","Higiena osobista","el perfume","perfumy"
"Higiene Personal","Higiena osobista","la colonia","woda kolońska"
"Higiene Personal","Higiena osobista","el cepillo","szczotka"
"Higiene Personal","Higiena osobista","el peine","grzebień"
"Higiene Personal","Higiena osobista","peinarse","czesać się"
"Higiene Personal","Higiena osobista","lavarse","myć się"
"Higiene Personal","Higiena osobista","ducharse","brać prysznic"
"Higiene Personal","Higiena osobista","bañarse","kąpać się"
"Higiene Personal","Higiena osobista","el papel higiénico","papier toaletowy"
"Higiene Personal","Higiena osobista","el pañuelo","chusteczka"
"Higiene Personal","Higiena osobista","el bastoncillo","patyczek higieniczny"
"Higiene Personal","Higiena osobista","la maquinilla de afeitar","maszynka do golenia"
"Higiene Personal","Higiena osobista","la espuma de afeitar","pianka do golenia"
"Higiene Personal","Higiena osobista","afeitarse","golić się"
"Higiene Personal","Higiena osobista","la crema hidratante","krem nawilżający"
"Higiene Personal","Higiena osobista","el cortauñas","obcinacz do paznokci"
"Higiene Personal","Higiena osobista","la lima","pilnik (do paznokci)"
"Higiene Personal","Higiena osobista","las tijeras","nożyczki"
"Higiene Personal","Higiena osobista","el secador de pelo","suszarka do włosów"
"Higiene Personal","Higiena osobista","limpio","czysty"
"Higiene Personal","Higiena osobista","sucio","brudny"
"Higiene Personal","Higiena osobista","secarse","wycierać się / suszyć się"
"Higiene Personal","Higiena osobista","el sudor","pot"
"Higiene Personal","Higiena osobista","sudar","pocić się"
"Higiene Personal","Higiena osobista","la pastilla de jabón","kostka mydła"
"Higiene Personal","Higiena osobista","la toallita","chusteczka nawilżana"
"Higiene Personal","Higiena osobista","el gel hidroalcohólico","żel antybakteryjny"
"Higiene Personal","Higiena osobista","la higiene íntima","higiena intymna"
"Higiene Personal","Higiena osobista","el espejo","lustro"
"Higiene Personal","Higiena osobista","el grifo","kran"
"Higiene Personal","Higiena osobista","el agua","woda"
"Higiene Personal","Higiena osobista","la salud","zdrowie"
"Cosméticos","Kosmetyki","el cosmético","kosmetyk"
"Cosméticos","Kosmetyki","el maquillaje","makijaż"
"Cosméticos","Kosmetyki","la crema","krem"
"Cosméticos","Kosmetyki","la loción","balsam / lotion"
"Cosméticos","Kosmetyki","el sérum","serum"
"Cosméticos","Kosmetyki","el tónico","tonik"
"Cosméticos","Kosmetyki","el desmaquillante","płyn do demakijażu"
"Cosméticos","Kosmetyki","el algodón","wacik / bawełna"
"Cosméticos","Kosmetyki","la base de maquillaje","podkład"
"Cosméticos","Kosmetyki","el corrector","korektor"
"Cosméticos","Kosmetyki","los polvos","puder"
"Cosméticos","Kosmetyki","el colorete","róż do policzków"
"Cosméticos","Kosmetyki","el bronceador","bronzer"
"Cosméticos","Kosmetyki","el iluminador","rozświetlacz"
"Cosméticos","Kosmetyki","la sombra de ojos","cień do powiek"
"Cosméticos","Kosmetyki","el delineador","eyeliner / konturówka"
"Cosméticos","Kosmetyki","el rímel","tusz do rzęs"
"Cosméticos","Kosmetyki","el lápiz de labios","konturówka do ust"
"Cosméticos","Kosmetyki","el pintalabios","szminka"
"Cosméticos","Kosmetyki","el brillo de labios","błyszczyk"
"Cosméticos","Kosmetyki","el bálsamo labial","balsam do ust"
"Cosméticos","Kosmetyki","el esmalte de uñas","lakier do paznokci"
"Cosméticos","Kosmetyki","el quitaesmalte","zmywacz do paznokci"
"Cosméticos","Kosmetyki","el pincel","pędzelek (np. do cieni)"
"Cosméticos","Kosmetyki","la brocha","pędzel (np. do pudru)"
"Cosméticos","Kosmetyki","la esponja de maquillaje","gąbeczka do makijażu"
"Cosméticos","Kosmetyki","el neceser","kosmetyczka"
"Cosméticos","Kosmetyki","el perfume","perfumy"
"Cosméticos","Kosmetyki","la mascarilla","maseczka"
"Cosméticos","Kosmetyki","la exfoliación","peeling (zabieg)"
"Cosméticos","Kosmetyki","el exfoliante","peeling (produkt)"
"Cosméticos","Kosmetyki","la crema antiedad","krem przeciwzmarszczkowy"
"Cosméticos","Kosmetyki","el protector solar","krem z filtrem"
"Cosméticos","Kosmetyki","maquillarse","malować się"
"Cosméticos","Kosmetyki","desmaquillarse","zmywać makijaż"
"Cosméticos","Kosmetyki","aplicarse","nakładać (np. krem)"
"Cosméticos","Kosmetyki","difuminar","blendować / rozcierać"
"Cosméticos","Kosmetyki","el tono","odcień"
"Cosméticos","Kosmetyki","el cutis","cera"
"Cosméticos","Kosmetyki","la piel","skóra"
"Cosméticos","Kosmetyki","la ojera","cień pod okiem"
"Cosméticos","Kosmetyki","la arruga","zmarszczka"
"Cosméticos","Kosmetyki","el grano / el acné","krosta / trądzik"
"Cosméticos","Kosmetyki","la belleza","uroda"
"Cosméticos","Kosmetyki","el salón de belleza","salon kosmetyczny"
"Cosméticos","Kosmetyki","la estética","estetyka"
"Cosméticos","Kosmetyki","la manicura","manicure"
"Cosméticos","Kosmetyki","la pedicura","pedicure"
"Cosméticos","Kosmetyki","teñir","farbować"
"Cosméticos","Kosmetyki","el tinte","farba do włosów"
"Enfermedades","Choroby","la enfermedad","choroba"
"Enfermedades","Choroby","el resfriado","przeziębienie"
"Enfermedades","Choroby","la gripe","grypa"
"Enfermedades","Choroby","la fiebre","gorączka"
"Enfermedades","Choroby","la tos","kaszel"
"Enfermedades","Choroby","el dolor de cabeza","ból głowy"
"Enfermedades","Choroby","el dolor de garganta","ból gardła"
"Enfermedades","Choroby","el dolor de estómago","ból brzucha"
"Enfermedades","Choroby","la infección","infekcja"
"Enfermedades","Choroby","la inflamación","stan zapalny"
"Enfermedades","Choroby","el virus","wirus"
"Enfermedades","Choroby","la bacteria","bakteria"
"Enfermedades","Choroby","el asma","astma"
"Enfermedades","Choroby","la alergia","alergia"
"Enfermedades","Choroby","la diabetes","cukrzyca"
"Enfermedades","Choroby","el cáncer","rak (choroba)"
"Enfermedades","Choroby","el infarto","zawał"
"Enfermedades","Choroby","el derrame cerebral","udar mózgu"
"Enfermedades","Choroby","la neumonía","zapalenie płuc"
"Enfermedades","Choroby","la bronquitis","zapalenie oskrzeli"
"Enfermedades","Choroby","la artritis","artretyzm"
"Enfermedades","Choroby","el reumatismo","reumatyzm"
"Enfermedades","Choroby","la hipertensión","nadciśnienie"
"Enfermedades","Choroby","el colesterol","cholesterol"
"Enfermedades","Choroby","la obesidad","otyłość"
"Enfermedades","Choroby","el trastorno","zaburzenie"
"Enfermedades","Choroby","la depresión","depresja"
"Enfermedades","Choroby","la ansiedad","niepokój / stany lękowe"
"Enfermedades","Choroby","el estrés","stres"
"Enfermedades","Choroby","el insomnio","bezsenność"
"Enfermedades","Choroby","la migraña","migrena"
"Enfermedades","Choroby","la diarrea","biegunka"
"Enfermedades","Choroby","el vómito","wymioty"
"Enfermedades","Choroby","el mareo","zawroty głowy / choroba lokomocyjna"
"Enfermedades","Choroby","la náusea","mdłości"
"Enfermedades","Choroby","la fractura","złamanie"
"Enfermedades","Choroby","el esguince","skręcenie"
"Enfermedades","Choroby","la cicatriz","blizna"
"Enfermedades","Choroby","la herida","rana"
"Enfermedades","Choroby","el síntoma","objaw"
"Enfermedades","Choroby","el diagnóstico","diagnoza"
"Enfermedades","Choroby","contagiarse","zarazić się"
"Enfermedades","Choroby","el contagio","zarażenie"
"Enfermedades","Choroby","la epidemia","epidemia"
"Enfermedades","Choroby","la pandemia","pandemia"
"Enfermedades","Choroby","crónico","przewlekły"
"Enfermedades","Choroby","agudo","ostry (np. ból)"
"Enfermedades","Choroby","leve","lekki (np. przebieg)"
"Enfermedades","Choroby","grave","ciężki / poważny"
"Enfermedades","Choroby","incurable","nieuleczalny"
"Partes del Día","Pory dnia","el amanecer","świt"
"Partes del Día","Pory dnia","la madrugada","wczesny ranek"
"Partes del Día","Pory dnia","la mañana","poranek"
"Partes del Día","Pory dnia","el mediodía","południe"
"Partes del Día","Pory dnia","la tarde","popołudnie"
"Partes del Día","Pory dnia","el atardecer","późne popołudnie / zachód słońca"
"Partes del Día","Pory dnia","el anochecer","zmierzch"
"Partes del Día","Pory dnia","la noche","noc"
"Partes del Día","Pory dnia","la medianoche","północ"
"Partes del Día","Pory dnia","de madrugada","nad ranem"
"Partes del Día","Pory dnia","por la mañana","rano"
"Partes del Día","Pory dnia","al mediodía","w południe"
"Partes del Día","Pory dnia","por la tarde","po południu"
"Partes del Día","Pory dnia","por la noche","w nocy"
"Partes del Día","Pory dnia","el alba","brzask"
"Partes del Día","Pory dnia","la puesta de sol","zachód słońca"
"Partes del Día","Pory dnia","la salida del sol","wschód słońca"
"Partes del Día","Pory dnia","el crepúsculo","zmrok"
"Partes del Día","Pory dnia","la oscuridad","ciemność"
"Partes del Día","Pory dnia","la luz","światło"
"Partes del Día","Pory dnia","el día","dzień"
"Partes del Día","Pory dnia","la jornada","dzień pracy"
"Partes del Día","Pory dnia","el reloj","zegar"
"Partes del Día","Pory dnia","la hora","godzina"
"Partes del Día","Pory dnia","el minuto","minuta"
"Partes del Día","Pory dnia","el segundo","sekunda"
"Partes del Día","Pory dnia","el instante","chwila / moment"
"Partes del Día","Pory dnia","el rato","chwila (krótki czas)"
"Partes del Día","Pory dnia","temprano","wcześnie"
"Partes del Día","Pory dnia","tarde","późno"
"Partes del Día","Pory dnia","puntual","punktualny"
"Partes del Día","Pory dnia","el retraso","opóźnienie"
"Partes del Día","Pory dnia","a tiempo","na czas"
"Partes del Día","Pory dnia","la siesta","drzemka poobiednia"
"Partes del Día","Pory dnia","el desayuno","śniadanie (pora)"
"Partes del Día","Pory dnia","la comida","obiad (pora)"
"Partes del Día","Pory dnia","la cena","kolacja (pora)"
"Partes del Día","Pory dnia","despertarse","budzić się"
"Partes del Día","Pory dnia","levantarse","wstawać"
"Partes del Día","Pory dnia","acostarse","kłaść się spać"
"Partes del Día","Pory dnia","trasnochar","zarywać noc"
"Partes del Día","Pory dnia","madrugar","wstawać wcześnie rano"
"Partes del Día","Pory dnia","el turno de mañana","poranna zmiana"
"Partes del Día","Pory dnia","el turno de tarde","popołudniowa zmiana"
"Partes del Día","Pory dnia","el turno de noche","nocna zmiana"
"Partes del Día","Pory dnia","diario","codzienny"
"Partes del Día","Pory dnia","nocturno","nocny"
"Partes del Día","Pory dnia","matutino","poranny"
"Partes del Día","Pory dnia","vespertino","popołudniowy / wieczorny"
"Partes del Día","Pory dnia","24 horas / todo el día","całą dobę / cały dzień"
"Días de la Semana","Dni tygodnia","el día de la semana","dzień tygodnia"
"Días de la Semana","Dni tygodnia","el lunes","poniedziałek"
"Días de la Semana","Dni tygodnia","el martes","wtorek"
"Días de la Semana","Dni tygodnia","el miércoles","środa"
"Días de la Semana","Dni tygodnia","el jueves","czwartek"
"Días de la Semana","Dni tygodnia","el viernes","piątek"
"Días de la Semana","Dni tygodnia","el sábado","sobota"
"Días de la Semana","Dni tygodnia","el domingo","niedziela"
"Días de la Semana","Dni tygodnia","el fin de semana","weekend"
"Días de la Semana","Dni tygodnia","el día laborable / el día hábil","dzień roboczy"
"Días de la Semana","Dni tygodnia","el día festivo","dzień świąteczny"
"Días de la Semana","Dni tygodnia","el puente","długi weekend"
"Días de la Semana","Dni tygodnia","ayer","wczoraj"
"Días de la Semana","Dni tygodnia","hoy","dzisiaj"
"Días de la Semana","Dni tygodnia","mañana","jutro"
"Días de la Semana","Dni tygodnia","anteayer / antes de ayer","przedwczoraj"
"Días de la Semana","Dni tygodnia","pasado mañana","pojutrze"
"Días de la Semana","Dni tygodnia","el día anterior","poprzedni dzień"
"Días de la Semana","Dni tygodnia","el día siguiente","następny dzień"
"Días de la Semana","Dni tygodnia","todos los días","codziennie"
"Días de la Semana","Dni tygodnia","cada lunes","w każdy poniedziałek"
"Días de la Semana","Dni tygodnia","el próximo lunes","w przyszły poniedziałek"
"Días de la Semana","Dni tygodnia","el lunes pasado","w zeszły poniedziałek"
"Días de la Semana","Dni tygodnia","a mediados de semana","w środku tygodnia"
"Días de la Semana","Dni tygodnia","el calendario","kalendarz"
"Días de la Semana","Dni tygodnia","la semana","tydzień"
"Días de la Semana","Dni tygodnia","la semana que viene","przyszły tydzień"
"Días de la Semana","Dni tygodnia","la semana pasada","zeszły tydzień"
"Días de la Semana","Dni tygodnia","una quincena","dwa tygodnie"
"Días de la Semana","Dni tygodnia","semanal","tygodniowy"
"Días de la Semana","Dni tygodnia","el horario","harmonogram / plan lekcji"
"Días de la Semana","Dni tygodnia","la agenda","terminarz / kalendarz"
"Días de la Semana","Dni tygodnia","la fecha","data"
"Días de la Semana","Dni tygodnia","¿Qué día es hoy?","Jaki dziś dzień?"
"Días de la Semana","Dni tygodnia","trabajar","pracować"
"Días de la Semana","Dni tygodnia","descansar","odpoczywać"
"Días de la Semana","Dni tygodnia","la rutina","rutyna"
"Días de la Semana","Dni tygodnia","el festivo","święto"
"Días de la Semana","Dni tygodnia","de lunes a viernes","od poniedziałku do piątku"
"Días de la Semana","Dni tygodnia","entre semana","w dni robocze / w tygodniu"
"Días de la Semana","Dni tygodnia","el puente festivo","długi weekend świąteczny"
"Días de la Semana","Dni tygodnia","librar","mieć dzień wolny"
"Días de la Semana","Dni tygodnia","el día libre","dzień wolny"
"Días de la Semana","Dni tygodnia","semanalmente","co tydzień"
"Días de la Semana","Dni tygodnia","el inicio de semana","początek tygodnia"
"Días de la Semana","Dni tygodnia","el fin de mes","koniec miesiąca"
"Días de la Semana","Dni tygodnia","la jornada laboral","dzień pracy"
"Días de la Semana","Dni tygodnia","bisemanal","dwutygodniowy"
"Días de la Semana","Dni tygodnia","cada semana","każdego tygodnia"
"Días de la Semana","Dni tygodnia","diariamente","codziennie"
"Meses del Año","Miesiące","el mes","miesiąc"
"Meses del Año","Miesiące","enero","styczeń"
"Meses del Año","Miesiące","febrero","luty"
"Meses del Año","Miesiące","marzo","marzec"
"Meses del Año","Miesiące","abril","kwiecień"
"Meses del Año","Miesiące","mayo","maj"
"Meses del Año","Miesiące","junio","czerwiec"
"Meses del Año","Miesiące","julio","lipiec"
"Meses del Año","Miesiące","agosto","sierpień"
"Meses del Año","Miesiące","septiembre","wrzesień"
"Meses del Año","Miesiące","octubre","październik"
"Meses del Año","Miesiące","noviembre","listopad"
"Meses del Año","Miesiące","diciembre","grudzień"
"Meses del Año","Miesiące","el año","rok"
"Meses del Año","Miesiące","el año bisiesto","rok przestępny"
"Meses del Año","Miesiące","a principios de","na początku"
"Meses del Año","Miesiące","a mediados de","w połowie"
"Meses del Año","Miesiące","a finales de","pod koniec"
"Meses del Año","Miesiące","el próximo mes","w przyszłym miesiącu"
"Meses del Año","Miesiące","el mes pasado","w zeszłym miesiącu"
"Meses del Año","Miesiące","mensual","miesięczny"
"Meses del Año","Miesiące","mensualmente","co miesiąc"
"Meses del Año","Miesiące","el trimestre","kwartał"
"Meses del Año","Miesiące","el semestre","półrocze"
"Meses del Año","Miesiące","la temporada","sezon"
"Meses del Año","Miesiące","el aniversario","rocznica"
"Meses del Año","Miesiące","anual","roczny"
"Meses del Año","Miesiące","anualmente","corocznie"
"Meses del Año","Miesiące","el año que viene","w przyszłym roku"
"Meses del Año","Miesiące","el año pasado","w zeszłym roku"
"Meses del Año","Miesiące","la década","dekada"
"Meses del Año","Miesiące","el siglo","wiek / stulecie"
"Meses del Año","Miesiące","el milenio","tysiąclecie"
"Meses del Año","Miesiące","el calendario","kalendarz"
"Meses del Año","Miesiące","bimensual","dwumiesięczny"
"Meses del Año","Miesiące","trimestral","kwartalny"
"Meses del Año","Miesiące","semestral","półroczny"
"Meses del Año","Miesiące","el fin de año","koniec roku / sylwester"
"Meses del Año","Miesiące","el comienzo de año","początek roku"
"Meses del Año","Miesiące","la fecha de nacimiento","data urodzenia"
"Meses del Año","Miesiące","caducar","wygasać / tracić ważność"
"Meses del Año","Miesiące","la fecha de caducidad","data ważności"
"Meses del Año","Miesiące","enero cuesta arriba","styczniowa bieda / ciężki styczeń"
"Meses del Año","Miesiące","en enero","w styczniu"
"Meses del Año","Miesiące","desde febrero","od lutego"
"Meses del Año","Miesiące","hasta marzo","do marca"
"Meses del Año","Miesiące","cada mes","każdego miesiąca"
"Meses del Año","Miesiące","un par de meses","kilka miesięcy"
"Meses del Año","Miesiące","hace un mes","miesiąc temu"
"Meses del Año","Miesiące","dentro de un mes","za miesiąc"
"Las Estaciones","Pory roku","la estación","pora roku"
"Las Estaciones","Pory roku","la primavera","wiosna"
"Las Estaciones","Pory roku","el verano","lato"
"Las Estaciones","Pory roku","el otoño","jesień"
"Las Estaciones","Pory roku","el invierno","zima"
"Las Estaciones","Pory roku","primaveral","wiosenny"
"Las Estaciones","Pory roku","veraniego","letni"
"Las Estaciones","Pory roku","otoñal","jesienny"
"Las Estaciones","Pory roku","invernal","zimowy"
"Las Estaciones","Pory roku","la temporada alta","wysoki sezon"
"Las Estaciones","Pory roku","la temporada baja","niski sezon"
"Las Estaciones","Pory roku","el clima","klimat"
"Las Estaciones","Pory roku","el tiempo","pogoda / czas"
"Las Estaciones","Pory roku","el cambio de estación","zmiana pory roku"
"Las Estaciones","Pory roku","las vacaciones de verano","wakacje letnie"
"Las Estaciones","Pory roku","las vacaciones de invierno","ferie zimowe"
"Las Estaciones","Pory roku","la temperatura","temperatura"
"Las Estaciones","Pory roku","el calor","upał"
"Las Estaciones","Pory roku","el frío","zimno"
"Las Estaciones","Pory roku","la nieve","śnieg"
"Las Estaciones","Pory roku","la lluvia","deszcz"
"Las Estaciones","Pory roku","el viento","wiatr"
"Las Estaciones","Pory roku","el sol","słońce"
"Las Estaciones","Pory roku","florecer","kwitnąć"
"Las Estaciones","Pory roku","la flor","kwiat"
"Las Estaciones","Pory roku","la hoja","liść"
"Las Estaciones","Pory roku","caer las hojas","opadać (o liściach)"
"Las Estaciones","Pory roku","nevar","padać śnieg"
"Las Estaciones","Pory roku","llover","padać deszcz"
"Las Estaciones","Pory roku","helar","zamarzać / mrozić"
"Las Estaciones","Pory roku","el deshielo","odwilż"
"Las Estaciones","Pory roku","la ola de calor","fala upałów"
"Las Estaciones","Pory roku","la ola de frío","fala mrozów"
"Las Estaciones","Pory roku","el solsticio","przesilenie"
"Las Estaciones","Pory roku","el equinoccio","równonoc"
"Las Estaciones","Pory roku","al aire libre","na świeżym powietrzu"
"Las Estaciones","Pory roku","tomar el sol","opalać się"
"Las Estaciones","Pory roku","esquiar","jeździć na nartach"
"Las Estaciones","Pory roku","la cosecha","żniwa / zbiory"
"Las Estaciones","Pory roku","la vendimia","winobranie"
"Las Estaciones","Pory roku","el abrigo","płaszcz"
"Las Estaciones","Pory roku","el traje de baño","strój kąpielowy"
"Las Estaciones","Pory roku","las gafas de sol","okulary przeciwsłoneczne"
"Las Estaciones","Pory roku","la bufanda","szalik"
"Las Estaciones","Pory roku","el paraguas","parasol"
"Las Estaciones","Pory roku","broncearse","opalać się (pokryć brązem)"
"Las Estaciones","Pory roku","tiritar","trząść się z zimna"
"Las Estaciones","Pory roku","sudar","pocić się"
"Las Estaciones","Pory roku","refrescar","ochładzać się / odświeżać"
"Las Estaciones","Pory roku","el clima tropical","klimat tropikalny"
"Adverbios de Tiempo","Przysłówki czasu","ahora","teraz"
"Adverbios de Tiempo","Przysłówki czasu","antes","wcześniej / przedtem"
"Adverbios de Tiempo","Przysłówki czasu","después","potem / później"
"Adverbios de Tiempo","Przysłówki czasu","luego","następnie / później"
"Adverbios de Tiempo","Przysłówki czasu","hoy","dzisiaj"
"Adverbios de Tiempo","Przysłówki czasu","mañana","jutro"
"Adverbios de Tiempo","Przysłówki czasu","ayer","wczoraj"
"Adverbios de Tiempo","Przysłówki czasu","pronto","wkrótce / niedługo"
"Adverbios de Tiempo","Przysłówki czasu","tarde","późno"
"Adverbios de Tiempo","Przysłówki czasu","temprano","wcześnie"
"Adverbios de Tiempo","Przysłówki czasu","siempre","zawsze"
"Adverbios de Tiempo","Przysłówki czasu","nunca","nigdy"
"Adverbios de Tiempo","Przysłówki czasu","jamás","nigdy w życiu"
"Adverbios de Tiempo","Przysłówki czasu","a veces","czasami"
"Adverbios de Tiempo","Przysłówki czasu","ya","już"
"Adverbios de Tiempo","Przysłówki czasu","todavía","jeszcze (ciągle)"
"Adverbios de Tiempo","Przysłówki czasu","aún","jeszcze / mimo to"
"Adverbios de Tiempo","Przysłówki czasu","enseguida","natychmiast / zaraz"
"Adverbios de Tiempo","Przysłówki czasu","inmediatamente","natychmiast"
"Adverbios de Tiempo","Przysłówki czasu","mientras","podczas gdy / dopóki"
"Adverbios de Tiempo","Przysłówki czasu","mientras tanto","w międzyczasie"
"Adverbios de Tiempo","Przysłówki czasu","de repente","nagle"
"Adverbios de Tiempo","Przysłówki czasu","de pronto","nagle (nieoczekiwanie)"
"Adverbios de Tiempo","Przysłówki czasu","frecuentemente","często"
"Adverbios de Tiempo","Przysłówki czasu","a menudo","często (gęsto)"
"Adverbios de Tiempo","Przysłówki czasu","raramente","rzadko"
"Adverbios de Tiempo","Przysłówki czasu","rara vez","rzadka (bardzo rzadko)"
"Adverbios de Tiempo","Przysłówki czasu","de vez en cuando","od czasu do czasu"
"Adverbios de Tiempo","Przysłówki czasu","recientemente","ostatnio (niedawno)"
"Adverbios de Tiempo","Przysłówki czasu","últimamente","ostatnio (w ostatnim czasie)"
"Adverbios de Tiempo","Przysłówki czasu","actualmente","obecnie"
"Adverbios de Tiempo","Przysłówki czasu","constantemente","stale / ciągle"
"Adverbios de Tiempo","Przysłówki czasu","en este momento","w tym momencie"
"Adverbios de Tiempo","Przysłówki czasu","al instante","w tej chwili"
"Adverbios de Tiempo","Przysłówki czasu","a tiempo","na czas"
"Adverbios de Tiempo","Przysłówki czasu","con tiempo","z wyprzedzeniem"
"Adverbios de Tiempo","Przysłówki czasu","tarde o temprano","prędzej czy później"
"Adverbios de Tiempo","Przysłówki czasu","antes de ayer","przedwczoraj"
"Adverbios de Tiempo","Przysłówki czasu","de día","w dzień"
"Adverbios de Tiempo","Przysłówki czasu","de noche","w nocy"
"Adverbios de Tiempo","Przysłówki czasu","al principio","na początku"
"Adverbios de Tiempo","Przysłówki czasu","al final","na końcu"
"Adverbios de Tiempo","Przysłówki czasu","finalmente","w końcu / ostatecznie"
"Adverbios de Tiempo","Przysłówki czasu","previamente","poprzednio / wcześniej"
"Adverbios de Tiempo","Przysłówki czasu","cotidianamente","codziennie"
"Adverbios de Tiempo","Przysłówki czasu","apenas","ledwie / dopiero co"
"Adverbios de Tiempo","Przysłówki czasu","recién","dopiero co (Ameryka Łac.)"
"Adverbios de Tiempo","Przysłówki czasu","jamás de los jamases","nigdy przenigdy"
"Adverbios de Tiempo","Przysłówki czasu","en un rato","za chwilę"
"Adverbios de Tiempo","Przysłówki czasu","hace poco","niedawno"
"Adverbios de Lugar","Przysłówki miejsca","aquí","tutaj"
"Adverbios de Lugar","Przysłówki miejsca","ahí","tam (blisko)"
"Adverbios de Lugar","Przysłówki miejsca","allí","tam (daleko)"
"Adverbios de Lugar","Przysłówki miejsca","allá","tam (bardzo daleko/ogólnie)"
"Adverbios de Lugar","Przysłówki miejsca","acá","tutaj (Ameryka Łac. / w tym kierunku)"
"Adverbios de Lugar","Przysłówki miejsca","cerca","blisko"
"Adverbios de Lugar","Przysłówki miejsca","lejos","daleko"
"Adverbios de Lugar","Przysłówki miejsca","arriba","w górze / na górze"
"Adverbios de Lugar","Przysłówki miejsca","abajo","w dole / na dole"
"Adverbios de Lugar","Przysłówki miejsca","delante","z przodu / przed"
"Adverbios de Lugar","Przysłówki miejsca","detrás","z tyłu / za"
"Adverbios de Lugar","Przysłówki miejsca","encima","na (powierzchni) / nad"
"Adverbios de Lugar","Przysłówki miejsca","debajo","pod / pod spodem"
"Adverbios de Lugar","Przysłówki miejsca","dentro","w środku / wewnątrz"
"Adverbios de Lugar","Przysłówki miejsca","fuera","na zewnątrz"
"Adverbios de Lugar","Przysłówki miejsca","adentro","do środka / wewnątrz"
"Adverbios de Lugar","Przysłówki miejsca","afuera","na zewnątrz / dwór"
"Adverbios de Lugar","Przysłówki miejsca","alrededor","dookoła / wokół"
"Adverbios de Lugar","Przysłówki miejsca","junto","razem / obok"
"Adverbios de Lugar","Przysłówki miejsca","al lado","obok"
"Adverbios de Lugar","Przysłówki miejsca","enfrente","naprzeciwko"
"Adverbios de Lugar","Przysłówki miejsca","atrás","w tył / z tyłu"
"Adverbios de Lugar","Przysłówki miejsca","adelante","naprzód / z przodu"
"Adverbios de Lugar","Przysłówki miejsca","donde","gdzie"
"Adverbios de Lugar","Przysłówki miejsca","adonde","dokąd"
"Adverbios de Lugar","Przysłówki miejsca","por donde","tędy / którędy"
"Adverbios de Lugar","Przysłówki miejsca","hacia acá","w tę stronę"
"Adverbios de Lugar","Przysłówki miejsca","hacia allá","w tamtą stronę"
"Adverbios de Lugar","Przysłówki miejsca","en cualquier lugar / en cualquier sitio","gdziekolwiek"
"Adverbios de Lugar","Przysłówki miejsca","en ningún lugar / en ningún sitio","nigdzie"
"Adverbios de Lugar","Przysłówki miejsca","en todas partes","wszędzie"
"Adverbios de Lugar","Przysłówki miejsca","en otra parte","gdzie indziej"
"Adverbios de Lugar","Przysłówki miejsca","en alguna parte","gdzieś"
"Adverbios de Lugar","Przysłówki miejsca","más allá","dalej / poza"
"Adverbios de Lugar","Przysłówki miejsca","a la derecha","na prawo / po prawej"
"Adverbios de Lugar","Przysłówki miejsca","a la izquierda","na lewo / po lewej"
"Adverbios de Lugar","Przysłówki miejsca","recto / derecho","prosto"
"Adverbios de Lugar","Przysłówki miejsca","en medio","pośrodku"
"Adverbios de Lugar","Przysłówki miejsca","por aquí","tędy (blisko)"
"Adverbios de Lugar","Przysłówki miejsca","por allí","tamtędy (daleko)"
"Adverbios de Lugar","Przysłówki miejsca","en el fondo","w głębi / na dnie"
"Adverbios de Lugar","Przysłówki miejsca","a lo lejos","w dali"
"Adverbios de Lugar","Przysłówki miejsca","en lo alto","na wysokości / na szczycie"
"Adverbios de Lugar","Przysłówki miejsca","boca arriba","na plecach (twarzą do góry)"
"Adverbios de Lugar","Przysłówki miejsca","boca abajo","na brzuchu (twarzą w dół)"
"Adverbios de Lugar","Przysłówki miejsca","por doquier","wszędzie (lit.)"
"Adverbios de Lugar","Przysłówki miejsca","intramuros","w obrębie murów"
"Adverbios de Lugar","Przysłówki miejsca","extramuros","poza murami"
"Adverbios de Lugar","Przysłówki miejsca","en casa","w domu"
"Adverbios de Lugar","Przysłówki miejsca","fuera de casa","poza domem"
"Adverbios de Modo","Przysłówki sposobu","así","tak / w ten sposób"
"Adverbios de Modo","Przysłówki sposobu","bien","dobrze"
"Adverbios de Modo","Przysłówki sposobu","mal","źle"
"Adverbios de Modo","Przysłówki sposobu","mejor","lepiej"
"Adverbios de Modo","Przysłówki sposobu","peor","gorzej"
"Adverbios de Modo","Przysłówki sposobu","despacio","wolno / powoli"
"Adverbios de Modo","Przysłówki sposobu","rápido","szybko"
"Adverbios de Modo","Przysłówki sposobu","lentamente","powoli"
"Adverbios de Modo","Przysłówki sposobu","rápidamente","szybko"
"Adverbios de Modo","Przysłówki sposobu","fácilmente","łatwo"
"Adverbios de Modo","Przysłówki sposobu","difícilmente","z trudem / trudno"
"Adverbios de Modo","Przysłówki sposobu","felizmente","szczęśliwie"
"Adverbios de Modo","Przysłówki sposobu","tristemente","smutnie"
"Adverbios de Modo","Przysłówki sposobu","claramente","jasno / wyraźnie"
"Adverbios de Modo","Przysłówki sposobu","oscuro","ciemno"
"Adverbios de Modo","Przysłówki sposobu","suavemente","delikatnie / miękko"
"Adverbios de Modo","Przysłówki sposobu","fuertemente","mocno"
"Adverbios de Modo","Przysłówki sposobu","duro","ciężko / twardo"
"Adverbios de Modo","Przysłówki sposobu","aprisa","śpiesznie / prędko"
"Adverbios de Modo","Przysłówki sposobu","aposta / adrede","celowo / specjalnie"
"Adverbios de Modo","Przysłówki sposobu","sin querer","niechcący"
"Adverbios de Modo","Przysłówki sposobu","a propósito","celowo / przy okazji"
"Adverbios de Modo","Przysłówki sposobu","en voz alta","na głos"
"Adverbios de Modo","Przysłówki sposobu","en voz baja","szeptem / po cichu"
"Adverbios de Modo","Przysłówki sposobu","de memoria","na pamięć"
"Adverbios de Modo","Przysłówki sposobu","a ciegas","na oślep"
"Adverbios de Modo","Przysłówki sposobu","a escondidas","w ukryciu / potajemnie"
"Adverbios de Modo","Przysłówki sposobu","de repente / de golpe","nagle / jednym ruchem"
"Adverbios de Modo","Przysłówki sposobu","casi","prawie"
"Adverbios de Modo","Przysłówki sposobu","apenas","ledwie"
"Adverbios de Modo","Przysłówki sposobu","completamente","całkowicie"
"Adverbios de Modo","Przysłówki sposobu","parcialmente","częściowo"
"Adverbios de Modo","Przysłówki sposobu","totalmente","zupełnie / totalnie"
"Adverbios de Modo","Przysłówki sposobu","absolutamente","absolutnie"
"Adverbios de Modo","Przysłówki sposobu","exactamente","dokładnie"
"Adverbios de Modo","Przysłówki sposobu","justamente","właśnie / dokładnie"
"Adverbios de Modo","Przysłówki sposobu","estupendamente","wspaniale"
"Adverbios de Modo","Przysłówki sposobu","terriblemente","okropnie"
"Adverbios de Modo","Przysłówki sposobu","naturalmente","naturalnie"
"Adverbios de Modo","Przysłówki sposobu","seguramente","pewnie / na pewno"
"Adverbios de Modo","Przysłówki sposobu","probablemente","prawdopodobnie"
"Adverbios de Modo","Przysłówki sposobu","posiblemente","możliwe"
"Adverbios de Modo","Przysłówki sposobu","igual","tak samo / równo"
"Adverbios de Modo","Przysłówki sposobu","diferente / distinto","inaczej"
"Adverbios de Modo","Przysłówki sposobu","gratis","za darmo"
"Adverbios de Modo","Przysłówki sposobu","solo / solamente","tylko"
"Adverbios de Modo","Przysłówki sposobu","únicamente","wyłącznie"
"Adverbios de Modo","Przysłówki sposobu","exclusivamente","wyłącznie"
"Adverbios de Modo","Przysłówki sposobu","a medias","w połowie / niedokładnie"
"Adverbios de Modo","Przysłówki sposobu","de maravilla","cudownie / świetnie"
"Preposiciones","Przyimki","a","do / na / w (kierunek, czas)"
"Preposiciones","Przyimki","ante","wobec / przed (np. sądem)"
"Preposiciones","Przyimki","bajo","pod"
"Preposiciones","Przyimki","cabe","obok (archaiczne)"
"Preposiciones","Przyimki","con","z"
"Preposiciones","Przyimki","contra","przeciw / przeciwko"
"Preposiciones","Przyimki","de","z / od / o (kogoś/czegoś)"
"Preposiciones","Przyimki","desde","od (czas/miejsce)"
"Preposiciones","Przyimki","durante","podczas"
"Preposiciones","Przyimki","en","w / na"
"Preposiciones","Przyimki","entre","między / pomiędzy"
"Preposiciones","Przyimki","hacia","w kierunku / ku"
"Preposiciones","Przyimki","hasta","do / aż do"
"Preposiciones","Przyimki","mediante","za pomocą / poprzez"
"Preposiciones","Przyimki","para","dla / żeby"
"Preposiciones","Przyimki","por","przez / za / dla"
"Preposiciones","Przyimki","según","według / zgodnie z"
"Preposiciones","Przyimki","sin","bez"
"Preposiciones","Przyimki","so","pod (archaiczne)"
"Preposiciones","Przyimki","sobre","na / o (temat)"
"Preposiciones","Przyimki","tras","za / po"
"Preposiciones","Przyimki","versus","kontra / przeciwko"
"Preposiciones","Przyimki","vía","przez (trasę)"
"Preposiciones","Przyimki","acerca de","na temat / o"
"Preposiciones","Przyimki","además de","oprócz"
"Preposiciones","Przyimki","alrededor de","wokół"
"Preposiciones","Przyimki","antes de","przed (czas)"
"Preposiciones","Przyimki","a pesar de","pomimo"
"Preposiciones","Przyimki","cerca de","blisko"
"Preposiciones","Przyimki","con respecto a","w odniesieniu do"
"Preposiciones","Przyimki","debajo de","pod (pod spodem)"
"Preposiciones","Przyimki","delante de","przed (miejsce)"
"Preposiciones","Przyimki","dentro de","wewnątrz / w (czas)"
"Preposiciones","Przyimki","después de","po (czas)"
"Preposiciones","Przyimki","detrás de","za (miejsce)"
"Preposiciones","Przyimki","en contra de","przeciwko"
"Preposiciones","Przyimki","en medio de","w środku / pomiędzy"
"Preposiciones","Przyimki","en lugar de","zamiast"
"Preposiciones","Przyimki","en vez de","zamiast"
"Preposiciones","Przyimki","encima de","nad / na"
"Preposiciones","Przyimki","frente a","naprzeciwko / wobec"
"Preposiciones","Przyimki","fuera de","poza"
"Preposiciones","Przyimki","gracias a","dzięki"
"Preposiciones","Przyimki","junto a","obok"
"Preposiciones","Przyimki","lejos de","daleko od"
"Preposiciones","Przyimki","por causa de","z powodu"
"Preposiciones","Przyimki","por culpa de","przez (z winy)"
"Preposiciones","Przyimki","a través de","poprzez"
"Preposiciones","Przyimki","con el fin de","w celu"
"Preposiciones","Przyimki","a favor de","na rzecz / za"
"Conjunciones","Spójniki","y","i / oraz"
"Conjunciones","Spójniki","e","i / oraz (przed wyrazem na i/hi)"
"Conjunciones","Spójniki","ni","ani"
"Conjunciones","Spójniki","que","że / który"
"Conjunciones","Spójniki","o","albo / lub"
"Conjunciones","Spójniki","u","albo / lub (przed wyrazem na o/ho)"
"Conjunciones","Spójniki","pero","ale"
"Conjunciones","Spójniki","mas","lecz / ale (literackie)"
"Conjunciones","Spójniki","sino","lecz (po przeczeniu)"
"Conjunciones","Spójniki","porque","ponieważ / bo"
"Conjunciones","Spójniki","pues","zatem / bo"
"Conjunciones","Spójniki","ya que","skoro / jako że"
"Conjunciones","Spójniki","puesto que","ponieważ / skoro"
"Conjunciones","Spójniki","dado que","zważywszy że"
"Conjunciones","Spójniki","como","jako / ponieważ / jak"
"Conjunciones","Spójniki","si","jeśli / czy"
"Conjunciones","Spójniki","siempre que","zawsze gdy / pod warunkiem że"
"Conjunciones","Spójniki","con tal (de) que","pod warunkiem że"
"Conjunciones","Spójniki","a condición de que","pod warunkiem że"
"Conjunciones","Spójniki","aunque","chociaż / mimo że"
"Conjunciones","Spójniki","a pesar de que","pomimo że"
"Conjunciones","Spójniki","aun cuando","nawet jeśli"
"Conjunciones","Spójniki","por más que","nie ważne jak / chociaż"
"Conjunciones","Spójniki","para que","aby / żeby"
"Conjunciones","Spójniki","a fin de que","w tym celu żeby"
"Conjunciones","Spójniki","luego","więc / toteż"
"Conjunciones","Spójniki","conque","a więc / wobec tego"
"Conjunciones","Spójniki","así que","więc / tak więc"
"Conjunciones","Spójniki","por lo tanto","dlatego też"
"Conjunciones","Spójniki","por consiguiente","w konsekwencji"
"Conjunciones","Spójniki","sea... sea","czy to... czy to"
"Conjunciones","Spójniki","ya... ya","raz... raz"
"Conjunciones","Spójniki","bien... bien","albo... albo"
"Conjunciones","Spójniki","mientras","podczas gdy"
"Conjunciones","Spójniki","cuando","kiedy / gdy"
"Conjunciones","Spójniki","antes de que","zanim"
"Conjunciones","Spójniki","después de que","po tym jak"
"Conjunciones","Spójniki","hasta que","aż / dopóki no"
"Conjunciones","Spójniki","desde que","odkąd"
"Conjunciones","Spójniki","luego que","skoro tylko"
"Conjunciones","Spójniki","tan pronto como","jak tylko"
"Conjunciones","Spójniki","apenas","zaledwie"
"Conjunciones","Spójniki","es decir","to znaczy"
"Conjunciones","Spójniki","o sea","czyli / to znaczy"
"Conjunciones","Spójniki","esto es","to jest"
"Conjunciones","Spójniki","sin embargo","jednakże / mimo to"
"Conjunciones","Spójniki","no obstante","niemniej jednak"
"Conjunciones","Spójniki","salvo","z wyjątkiem"
"Conjunciones","Spójniki","excepto","oprócz / wyjąwszy"
"Conjunciones","Spójniki","además","ponadto"
"Pronombres","Zaimki","yo","ja"
"Pronombres","Zaimki","tú","ty"
"Pronombres","Zaimki","él","on"
"Pronombres","Zaimki","ella","ona"
"Pronombres","Zaimki","usted","pan / pani"
"Pronombres","Zaimki","nosotros","my (mężczyźni/mieszane)"
"Pronombres","Zaimki","nosotras","my (kobiety)"
"Pronombres","Zaimki","vosotros","wy (mężczyźni/mieszane - Hiszpania)"
"Pronombres","Zaimki","vosotras","wy (kobiety - Hiszpania)"
"Pronombres","Zaimki","ellos","oni"
"Pronombres","Zaimki","ellas","one"
"Pronombres","Zaimki","ustedes","państwo (wy)"
"Pronombres","Zaimki","me","mi / mnie"
"Pronombres","Zaimki","te","ci / ciebie"
"Pronombres","Zaimki","le","jemu / jej / panu (celownik)"
"Pronombres","Zaimki","lo","go / jego / to (biernik)"
"Pronombres","Zaimki","la","ją (biernik)"
"Pronombres","Zaimki","nos","nam / nas"
"Pronombres","Zaimki","os","wam / was"
"Pronombres","Zaimki","les","im / państwu (celownik)"
"Pronombres","Zaimki","los","ich (biernik r.m.)"
"Pronombres","Zaimki","las","je (biernik r.ż.)"
"Pronombres","Zaimki","se","się / sobie"
"Pronombres","Zaimki","mí","mnie (po przyimku)"
"Pronombres","Zaimki","ti","tobie (po przyimku)"
"Pronombres","Zaimki","sí","sobie / nim (po przyimku)"
"Pronombres","Zaimki","conmigo","ze mną"
"Pronombres","Zaimki","contigo","z tobą"
"Pronombres","Zaimki","consigo","z nim / ze sobą"
"Pronombres","Zaimki","mío / mía","mój / moja"
"Pronombres","Zaimki","tuyo / tuya","twój / twoja"
"Pronombres","Zaimki","suyo / suya","jego / jej / ich"
"Pronombres","Zaimki","nuestro / nuestra","nasz / nasza"
"Pronombres","Zaimki","vuestro / vuestra","wasz / wasza"
"Pronombres","Zaimki","este","ten"
"Pronombres","Zaimki","esta","ta"
"Pronombres","Zaimki","esto","to"
"Pronombres","Zaimki","ese","tamten"
"Pronombres","Zaimki","esa","tamta"
"Pronombres","Zaimki","eso","tamto"
"Pronombres","Zaimki","aquel","ów (daleki)"
"Pronombres","Zaimki","aquella","owa (daleka)"
"Pronombres","Zaimki","aquello","owo (dalekie)"
"Pronombres","Zaimki","quien","kto / ten, kto"
"Pronombres","Zaimki","quienes","którzy / ci, którzy"
"Pronombres","Zaimki","que","który / co"
"Pronombres","Zaimki","cual","który / jaki"
"Pronombres","Zaimki","cuales","które / jacy"
"Pronombres","Zaimki","alguien","ktoś"
"Pronombres","Zaimki","nadie","nikt"
"Verbos Regulares AR","Czasowniki regularne AR","hablar","mówić / rozmawiać"
"Verbos Regulares AR","Czasowniki regularne AR","trabajar","pracować"
"Verbos Regulares AR","Czasowniki regularne AR","estudiar","uczyć się / studiować"
"Verbos Regulares AR","Czasowniki regularne AR","amar","kochać"
"Verbos Regulares AR","Czasowniki regularne AR","viajar","podróżować"
"Verbos Regulares AR","Czasowniki regularne AR","cantar","śpiewać"
"Verbos Regulares AR","Czasowniki regularne AR","bailar","tańczyć"
"Verbos Regulares AR","Czasowniki regularne AR","escuchar","słuchać"
"Verbos Regulares AR","Czasowniki regularne AR","mirar","patrzeć"
"Verbos Regulares AR","Czasowniki regularne AR","comprar","kupować"
"Verbos Regulares AR","Czasowniki regularne AR","pagar","płacić"
"Verbos Regulares AR","Czasowniki regularne AR","tomar","brać / pić"
"Verbos Regulares AR","Czasowniki regularne AR","llevar","nieść / nosić"
"Verbos Regulares AR","Czasowniki regularne AR","dejar","zostawiać / pozwalać"
"Verbos Regulares AR","Czasowniki regularne AR","ayudar","pomagać"
"Verbos Regulares AR","Czasowniki regularne AR","preparar","przygotowywać"
"Verbos Regulares AR","Czasowniki regularne AR","cocinar","gotować"
"Verbos Regulares AR","Czasowniki regularne AR","entrar","wchodzić"
"Verbos Regulares AR","Czasowniki regularne AR","llegar","przybierać / docierać"
"Verbos Regulares AR","Czasowniki regularne AR","pasar","spędzać / mijać"
"Verbos Regulares AR","Czasowniki regularne AR","mandar","wysyłać / rozkazywać"
"Verbos Regulares AR","Czasowniki regularne AR","preguntar","pytać"
"Verbos Regulares AR","Czasowniki regularne AR","contestar","odpowiadać"
"Verbos Regulares AR","Czasowniki regularne AR","necesitar","potrzebować"
"Verbos Regulares AR","Czasowniki regularne AR","usar","używać"
"Verbos Regulares AR","Czasowniki regularne AR","explicar","wyjaśniać"
"Verbos Regulares AR","Czasowniki regularne AR","ganar","wygrywać / zarabiać"
"Verbos Regulares AR","Czasowniki regularne AR","llorar","płakać"
"Verbos Regulares AR","Czasowniki regularne AR","nadar","pływać"
"Verbos Regulares AR","Czasowniki regularne AR","caminar","spacerować / chodzić"
"Verbos Regulares AR","Czasowniki regularne AR","descansar","odpoczywać"
"Verbos Regulares AR","Czasowniki regularne AR","terminar","kończyć"
"Verbos Regulares AR","Czasowniki regularne AR","olvidar","zapominać"
"Verbos Regulares AR","Czasowniki regularne AR","pintar","malować"
"Verbos Regulares AR","Czasowniki regularne AR","limpiar","sprzątać / czyścić"
"Verbos Regulares AR","Czasowniki regularne AR","lavar","myć / prać"
"Verbos Regulares AR","Czasowniki regularne AR","desayunar","jeść śniadanie"
"Verbos Regulares AR","Czasowniki regularne AR","cenar","jeść kolację"
"Verbos Regulares AR","Czasowniki regularne AR","saludar","pozdrawiać / witać"
"Verbos Regulares AR","Czasowniki regularne AR","invitar","zapraszać"
"Verbos Regulares AR","Czasowniki regularne AR","arreglar","naprawiać / porządkować"
"Verbos Regulares AR","Czasowniki regularne AR","buscar","szukać"
"Verbos Regulares AR","Czasowniki regularne AR","aceptar","akceptować / przyjmować"
"Verbos Regulares AR","Czasowniki regularne AR","acompañar","towarzyszyć"
"Verbos Regulares AR","Czasowniki regularne AR","esperar","czekać / mieć nadzieję"
"Verbos Regulares AR","Czasowniki regularne AR","llamar","dzwonić / wołać"
"Verbos Regulares AR","Czasowniki regularne AR","cuidar","opiekować się / dbać"
"Verbos Regulares AR","Czasowniki regularne AR","pasear","spacerować"
"Verbos Regulares AR","Czasowniki regularne AR","tocar","dotykać / grać (na instrumencie)"
"Verbos Regulares AR","Czasowniki regularne AR","bajar","schodzić / obniżać"
"Verbos Regulares ER","Czasowniki regularne ER","comer","jeść"
"Verbos Regulares ER","Czasowniki regularne ER","beber","pić"
"Verbos Regulares ER","Czasowniki regularne ER","comprender","rozumieć (głęboko)"
"Verbos Regulares ER","Czasowniki regularne ER","aprender","uczyć się (przyswajać)"
"Verbos Regulares ER","Czasowniki regularne ER","leer","czytać"
"Verbos Regulares ER","Czasowniki regularne ER","vender","sprzedawać"
"Verbos Regulares ER","Czasowniki regularne ER","responder","odpowiadać"
"Verbos Regulares ER","Czasowniki regularne ER","correr","biec / biegać"
"Verbos Regulares ER","Czasowniki regularne ER","deber","musieć / mieć powinność"
"Verbos Regulares ER","Czasowniki regularne ER","esconder","chować / ukrywać"
"Verbos Regulares ER","Czasowniki regularne ER","prometer","obiecywać"
"Verbos Regulares ER","Czasowniki regularne ER","creer","wierzyć / sądzić"
"Verbos Regulares ER","Czasowniki regularne ER","romper","psuć / łamać / rwać"
"Verbos Regulares ER","Czasowniki regularne ER","meter","wkładać"
"Verbos Regulares ER","Czasowniki regularne ER","cometer","popełniać (np. błąd)"
"Verbos Regulares ER","Czasowniki regularne ER","depender","zależeć"
"Verbos Regulares ER","Czasowniki regularne ER","ofender","obrażać"
"Verbos Regulares ER","Czasowniki regularne ER","proceder","postępować / pochodzić"
"Verbos Regulares ER","Czasowniki regularne ER","suceder","dziać się / następować"
"Verbos Regulares ER","Czasowniki regularne ER","toser","kasłać"
"Verbos Regulares ER","Czasowniki regularne ER","tejer","tkać / robić na drutach"
"Verbos Regulares ER","Czasowniki regularne ER","sorprender","zaskakiwać"
"Verbos Regulares ER","Czasowniki regularne ER","emprender","podejmować (działanie)"
"Verbos Regulares ER","Czasowniki regularne ER","barrer","zamiatać"
"Verbos Regulares ER","Czasowniki regularne ER","pretender","zamierzać / pretendować"
"Verbos Regulares ER","Czasowniki regularne ER","ceder","ustępować"
"Verbos Regulares ER","Czasowniki regularne ER","conceder","przyznawać / udzielać"
"Verbos Regulares ER","Czasowniki regularne ER","someter","poddawać (kogoś czemuś)"
"Verbos Regulares ER","Czasowniki regularne ER","temer","bać się"
"Verbos Regulares ER","Czasowniki regularne ER","poseer","posiadać"
"Verbos Regulares ER","Czasowniki regularne ER","lamer","lizać"
"Verbos Regulares ER","Czasowniki regularne ER","absorber","absorbować / wchłaniać"
"Verbos Regulares ER","Czasowniki regularne ER","acceder","uzyskiwać dostęp / zgadzać się"
"Verbos Regulares ER","Czasowniki regularne ER","anteceder","poprzedzać"
"Verbos Regulares ER","Czasowniki regularne ER","expeler","wydalać / wyrzucać"
"Verbos Regulares ER","Czasowniki regularne ER","repeler","odstręczać / odpychać"
"Verbos Regulares ER","Czasowniki regularne ER","proveer","zaopatrywać"
"Verbos Regulares ER","Czasowniki regularne ER","suspender","oblewać (egzamin) / zawieszać"
"Verbos Regulares ER","Czasowniki regularne ER","coser","szyć"
"Verbos Regulares ER","Czasowniki regularne ER","prender","zapalać (np. światło) / łapać"
"Verbos Regulares ER","Czasowniki regularne ER","defender","bronić (zmienna samogłoska w niektórych czasach, ale reg. ER w strukturze)"
"Verbos Regulares ER","Czasowniki regularne ER","encender","włączać / zapalać"
"Verbos Regulares ER","Czasowniki regularne ER","entender","rozumieć"
"Verbos Regulares ER","Czasowniki regularne ER","perder","gubić / tracić"
"Verbos Regulares ER","Czasowniki regularne ER","atender","obsługiwać / uważać"
"Verbos Regulares ER","Czasowniki regularne ER","extender","rozciągać / poszerzać"
"Verbos Regulares ER","Czasowniki regularne ER","resolver","rozwiązywać"
"Verbos Regulares ER","Czasowniki regularne ER","volver","wracać"
"Verbos Regulares ER","Czasowniki regularne ER","devolver","zwracać (coś)"
"Verbos Regulares ER","Czasowniki regularne ER","envolver","owijać / pakować"
"Verbos Regulares IR","Czasowniki regularne IR","vivir","żyć / mieszkać"
"Verbos Regulares IR","Czasowniki regularne IR","escribir","pisać"
"Verbos Regulares IR","Czasowniki regularne IR","abrir","otwierać"
"Verbos Regulares IR","Czasowniki regularne IR","recibir","otrzymywać"
"Verbos Regulares IR","Czasowniki regularne IR","permitir","pozwalać"
"Verbos Regulares IR","Czasowniki regularne IR","subir","wchodzić (do góry) / wsiadać"
"Verbos Regulares IR","Czasowniki regularne IR","dividir","dzielić"
"Verbos Regulares IR","Czasowniki regularne IR","decidir","decydować"
"Verbos Regulares IR","Czasowniki regularne IR","descubrir","odkrywać"
"Verbos Regulares IR","Czasowniki regularne IR","sufrir","cierpieć"
"Verbos Regulares IR","Czasowniki regularne IR","existir","istnieć"
"Verbos Regulares IR","Czasowniki regularne IR","añadir","dodawać"
"Verbos Regulares IR","Czasowniki regularne IR","admitir","przyznawać / wpuszczać"
"Verbos Regulares IR","Czasowniki regularne IR","describir","opisywać"
"Verbos Regulares IR","Czasowniki regularne IR","ocurrir","wydarzyć się / dziać się"
"Verbos Regulares IR","Czasowniki regularne IR","asistir","uczestniczyć / brać udział"
"Verbos Regulares IR","Czasowniki regularne IR","definir","definiować"
"Verbos Regulares IR","Czasowniki regularne IR","discutir","kłócić się / dyskutować"
"Verbos Regulares IR","Czasowniki regularne IR","insistir","nalegać"
"Verbos Regulares IR","Czasowniki regularne IR","partir","kroić / wyruszać"
"Verbos Regulares IR","Czasowniki regularne IR","imprimir","drukować"
"Verbos Regulares IR","Czasowniki regularne IR","prohibir","zabraniać"
"Verbos Regulares IR","Czasowniki regularne IR","resumir","podsumowywać"
"Verbos Regulares IR","Czasowniki regularne IR","unir","łączyć"
"Verbos Regulares IR","Czasowniki regularne IR","asumir","zakładać / przejmować"
"Verbos Regulares IR","Czasowniki regularne IR","compartir","dzielić się (czymś)"
"Verbos Regulares IR","Czasowniki regularne IR","cumplir","spełniać / kończyć (lata)"
"Verbos Regulares IR","Czasowniki regularne IR","batir","ubijać / bić (rekord)"
"Verbos Regulares IR","Czasowniki regularne IR","exprimir","wyciskać"
"Verbos Regulares IR","Czasowniki regularne IR","hundir","topić / zatapiać"
"Verbos Regulares IR","Czasowniki regularne IR","crujir","chrupać / skrzypieć"
"Verbos Regulares IR","Czasowniki regularne IR","nutrir","odżywiać"
"Verbos Regulares IR","Czasowniki regularne IR","omitir","pomijać"
"Verbos Regulares IR","Czasowniki regularne IR","percibir","postrzegać"
"Verbos Regulares IR","Czasowniki regularne IR","persistir","wytrwać / utrzymywać się"
"Verbos Regulares IR","Czasowniki regularne IR","persuadir","przekonywać"
"Verbos Regulares IR","Czasowniki regularne IR","presumir","chwalić się / zakładać"
"Verbos Regulares IR","Czasowniki regularne IR","coincidir","zbiegać się / zgadzać się"
"Verbos Regulares IR","Czasowniki regularne IR","confundir","mylić"
"Verbos Regulares IR","Czasowniki regularne IR","deprimir","dołować / deprimować"
"Verbos Regulares IR","Czasowniki regularne IR","evadir","unikać"
"Verbos Regulares IR","Czasowniki regularne IR","fundir","topić (metal/ser)"
"Verbos Regulares IR","Czasowniki regularne IR","presidir","przewodniczyć"
"Verbos Regulares IR","Czasowniki regularne IR","rebatir","zbijać (argument)"
"Verbos Regulares IR","Czasowniki regularne IR","recurrir","uciekać się do / odwoływać się"
"Verbos Regulares IR","Czasowniki regularne IR","resistir","stawiać opór / wytrzymywać"
"Verbos Regulares IR","Czasowniki regularne IR","sacudir","potrząsać"
"Verbos Regulares IR","Czasowniki regularne IR","sobrevivir","przeżyć / przetrwać"
"Verbos Regulares IR","Czasowniki regularne IR","suplir","zastępować / uzupełniać"
"Verbos Regulares IR","Czasowniki regularne IR","latir","bić (o sercu)"
"Verbos Irregulares","Czasowniki nieregularne","ser","być (cechy stałe)"
"Verbos Irregulares","Czasowniki nieregularne","estar","być (stany, lokalizacja)"
"Verbos Irregulares","Czasowniki nieregularne","ir","iść / jechać"
"Verbos Irregulares","Czasowniki nieregularne","tener","mieć"
"Verbos Irregulares","Czasowniki nieregularne","hacer","robić"
"Verbos Irregulares","Czasowniki nieregularne","decir","mówić / powiedzieć"
"Verbos Irregulares","Czasowniki nieregularne","poder","móc"
"Verbos Irregulares","Czasowniki nieregularne","querer","chcieć / kochać"
"Verbos Irregulares","Czasowniki nieregularne","saber","wiedzieć / umieć"
"Verbos Irregulares","Czasowniki nieregularne","venir","przychodzić / przyjeżdżać"
"Verbos Irregulares","Czasowniki nieregularne","ver","widzieć"
"Verbos Irregulares","Czasowniki nieregularne","dar","dawać"
"Verbos Irregulares","Czasowniki nieregularne","poner","kłaść / umieszczać"
"Verbos Irregulares","Czasowniki nieregularne","salir","wychodzić / wyjeżdżać"
"Verbos Irregulares","Czasowniki nieregularne","traer","przynosić"
"Verbos Irregulares","Czasowniki nieregularne","oír","słyszeć"
"Verbos Irregulares","Czasowniki nieregularne","jugar","grać / bawić się"
"Verbos Irregulares","Czasowniki nieregularne","pensar","myśleć"
"Verbos Irregulares","Czasowniki nieregularne","volver","wracać"
"Verbos Irregulares","Czasowniki nieregularne","dormir","spać"
"Verbos Irregulares","Czasowniki nieregularne","pedir","prosić / zamawiać"
"Verbos Irregulares","Czasowniki nieregularne","sentir","czuć / żałować"
"Verbos Irregulares","Czasowniki nieregularne","caer","spadać / upadać"
"Verbos Irregulares","Czasowniki nieregularne","conocer","znać / poznawać"
"Verbos Irregulares","Czasowniki nieregularne","conducir","prowadzić (pojazd)"
"Verbos Irregulares","Czasowniki nieregularne","seguir","śledzić / kontynuować / podążać"
"Verbos Irregulares","Czasowniki nieregularne","cerrar","zamykać"
"Verbos Irregulares","Czasowniki nieregularne","empezar","zaczynać"
"Verbos Irregulares","Czasowniki nieregularne","encontrar","znajdować"
"Verbos Irregulares","Czasowniki nieregularne","recordar","pamiętać / przypominać"
"Verbos Irregulares","Czasowniki nieregularne","perder","tracić / gubić"
"Verbos Irregulares","Czasowniki nieregularne","contar","liczyć / opowiadać"
"Verbos Irregulares","Czasowniki nieregularne","entender","rozumieć"
"Verbos Irregulares","Czasowniki nieregularne","servir","służyć / serwować"
"Verbos Irregulares","Czasowniki nieregularne","reír","śmiać się"
"Verbos Irregulares","Czasowniki nieregularne","volar","latać"
"Verbos Irregulares","Czasowniki nieregularne","mover","ruszać / poruszać"
"Verbos Irregulares","Czasowniki nieregularne","elegir","wybierać"
"Verbos Irregulares","Czasowniki nieregularne","nacer","rodzić się"
"Verbos Irregulares","Czasowniki nieregularne","morir","umierać"
"Verbos Irregulares","Czasowniki nieregularne","traducir","tłumaczyć (język)"
"Verbos Irregulares","Czasowniki nieregularne","producir","produkować"
"Verbos Irregulares","Czasowniki nieregularne","caber","mieścić się"
"Verbos Irregulares","Czasowniki nieregularne","valer","kosztować / być wartym"
"Verbos Irregulares","Czasowniki nieregularne","andar","chodzić / spacerować"
"Verbos Irregulares","Czasowniki nieregularne","construir","budować"
"Verbos Irregulares","Czasowniki nieregularne","huir","uciekać"
"Verbos Irregulares","Czasowniki nieregularne","influir","wpływać (na coś)"
"Verbos Irregulares","Czasowniki nieregularne","destruir","niszczyć"
"Verbos Irregulares","Czasowniki nieregularne","oler","pachnieć / wąchać"
"Verbos Reflexivos","Czasowniki zwrotne","lavarse","myć się"
"Verbos Reflexivos","Czasowniki zwrotne","ducharse","brać prysznic"
"Verbos Reflexivos","Czasowniki zwrotne","bañarse","kąpać się"
"Verbos Reflexivos","Czasowniki zwrotne","peinarse","czesać się"
"Verbos Reflexivos","Czasowniki zwrotne","afeitarse","golić się"
"Verbos Reflexivos","Czasowniki zwrotne","despertarse","budzić się"
"Verbos Reflexivos","Czasowniki zwrotne","levantarse","wstawać"
"Verbos Reflexivos","Czasowniki zwrotne","acostarse","kłaść się (spać)"
"Verbos Reflexivos","Czasowniki zwrotne","dormirse","zasypiać"
"Verbos Reflexivos","Czasowniki zwrotne","vestirse","ubierać się"
"Verbos Reflexivos","Czasowniki zwrotne","desvestirse","rozbierać się"
"Verbos Reflexivos","Czasowniki zwrotne","quitarse","zdejmować (z siebie)"
"Verbos Reflexivos","Czasowniki zwrotne","ponerse","zakładać (na siebie) / stawać się"
"Verbos Reflexivos","Czasowniki zwrotne","maquillarse","malować się"
"Verbos Reflexivos","Czasowniki zwrotne","cepillarse","szczotkować (np. zęby)"
"Verbos Reflexivos","Czasowniki zwrotne","sentarse","siadać"
"Verbos Reflexivos","Czasowniki zwrotne","llamarse","nazywać się"
"Verbos Reflexivos","Czasowniki zwrotne","casarse","brać ślub / hajtasz się"
"Verbos Reflexivos","Czasowniki zwrotne","divorciarse","rozwodzić się"
"Verbos Reflexivos","Czasowniki zwrotne","enamorarse","zakochać się"
"Verbos Reflexivos","Czasowniki zwrotne","enfadarse","złościć się / obrażać się"
"Verbos Reflexivos","Czasowniki zwrotne","alegrarse","cieszyć się"
"Verbos Reflexivos","Czasowniki zwrotne","aburrirse","nudzić się"
"Verbos Reflexivos","Czasowniki zwrotne","preocuparse","martwić się"
"Verbos Reflexivos","Czasowniki zwrotne","quejarse","narzekać / skarżyć się"
"Verbos Reflexivos","Czasowniki zwrotne","relajarse","relaksować się"
"Verbos Reflexivos","Czasowniki zwrotne","quedarse","zostawać"
"Verbos Reflexivos","Czasowniki zwrotne","irse","iść sobie / odchodzić"
"Verbos Reflexivos","Czasowniki zwrotne","acercarse","zbliżać się"
"Verbos Reflexivos","Czasowniki zwrotne","alejarse","oddalać się"
"Verbos Reflexivos","Czasowniki zwrotne","acordarse","pamiętać / przypominać sobie"
"Verbos Reflexivos","Czasowniki zwrotne","olvidarse","zapominać"
"Verbos Reflexivos","Czasowniki zwrotne","despedirse","żegnać się"
"Verbos Reflexivos","Czasowniki zwrotne","reunirse","spotykać się / gromadzić się"
"Verbos Reflexivos","Czasowniki zwrotne","darse","zdarzać się / poddawać się"
"Verbos Reflexivos","Czasowniki zwrotne","atreverse","odważać się"
"Verbos Reflexivos","Czasowniki zwrotne","equivocarse","mielić się / popełniać błąd"
"Verbos Reflexivos","Czasowniki zwrotne","arrepentirse","żałować (za grzechy / błędy)"
"Verbos Reflexivos","Czasowniki zwrotne","enterarse","dowiadywać się"
"Verbos Reflexivos","Czasowniki zwrotne","fijarse","zwracać uwagę / przyglądać się"
"Verbos Reflexivos","Czasowniki zwrotne","burlarse","naigrawać się / drwić"
"Verbos Reflexivos","Czasowniki zwrotne","reírse","śmiać się (z czegoś)"
"Verbos Reflexivos","Czasowniki zwrotne","darse cuenta","zdawać sobie sprawę"
"Verbos Reflexivos","Czasowniki zwrotne","mudarse","przeprowadzać się"
"Verbos Reflexivos","Czasowniki zwrotne","prepararse","przygotowywać się"
"Verbos Reflexivos","Czasowniki zwrotne","secarse","wycierać się / suszyć się"
"Verbos Reflexivos","Czasowniki zwrotne","cortarse","zaciąć się (np. przy goleniu)"
"Verbos Reflexivos","Czasowniki zwrotne","quemarse","oparzyć się / spalić się"
"Verbos Reflexivos","Czasowniki zwrotne","caerse","przewrócić się / upaść"
"Verbos Reflexivos","Czasowniki zwrotne","esconderse","chować się"
"Expresiones de Cortesía","Zwroty grzecznościowe","por favor","proszę (prosząc)"
"Expresiones de Cortesía","Zwroty grzecznościowe","gracias","dziękuję"
"Expresiones de Cortesía","Zwroty grzecznościowe","muchas gracias","bardzo dziękuję"
"Expresiones de Cortesía","Zwroty grzecznościowe","muchísimas gracias","stokrotnie dziękuję"
"Expresiones de Cortesía","Zwroty grzecznościowe","de nada","nie ma za co"
"Expresiones de Cortesía","Zwroty grzecznościowe","no hay de qué","nie ma o co (nie ma za co)"
"Expresiones de Cortesía","Zwroty grzecznościowe","perdón","przepraszam"
"Expresiones de Cortesía","Zwroty grzecznościowe","perdone","przepraszam (Pana/Panią)"
"Expresiones de Cortesía","Zwroty grzecznościowe","perdona","przepraszam (cię)"
"Expresiones de Cortesía","Zwroty grzecznościowe","lo siento","przykro mi / przepraszam"
"Expresiones de Cortesía","Zwroty grzecznościowe","disculpe","przepraszam (Pana/Panią - zwrócenie uwagi)"
"Expresiones de Cortesía","Zwroty grzecznościowe","disculpa","przepraszam (cię - zwrócenie uwagi)"
"Expresiones de Cortesía","Zwroty grzecznościowe","con permiso","za pozwoleniem (przechodząc)"
"Expresiones de Cortesía","Zwroty grzecznościowe","pase","proszę wejść / przejść"
"Expresiones de Cortesía","Zwroty grzecznościowe","adelante","proszę wejść / naprzód"
"Expresiones de Cortesía","Zwroty grzecznościowe","buen provecho","smacznego"
"Expresiones de Cortesía","Zwroty grzecznościowe","que aproveche","smacznego"
"Expresiones de Cortesía","Zwroty grzecznościowe","salud","na zdrowie (kichnięcie / toast)"
"Expresiones de Cortesía","Zwroty grzecznościowe","Jesús","na zdrowie (po kichnięciu)"
"Expresiones de Cortesía","Zwroty grzecznościowe","bienvenido","witaj / mile widziany"
"Expresiones de Cortesía","Zwroty grzecznościowe","encantado","miło mi (mówi mężczyzna)"
"Expresiones de Cortesía","Zwroty grzecznościowe","encantada","miło mi (mówi kobieta)"
"Expresiones de Cortesía","Zwroty grzecznościowe","mucho gusto","bardzo mi miło"
"Expresiones de Cortesía","Zwroty grzecznościowe","el gusto es mío","cała przyjemność po mojej stronie"
"Expresiones de Cortesía","Zwroty grzecznościowe","igualmente","nawzajem"
"Expresiones de Cortesía","Zwroty grzecznościowe","felicidades","gratulacje / wszystkiego najlepszego"
"Expresiones de Cortesía","Zwroty grzecznościowe","enhorabuena","gratulacje"
"Expresiones de Cortesía","Zwroty grzecznościowe","feliz cumpleaños","wszystkiego najlepszego z okazji urodzin"
"Expresiones de Cortesía","Zwroty grzecznościowe","buen viaje","miłej podróży"
"Expresiones de Cortesía","Zwroty grzecznościowe","felices fiestas","wesołych świąt"
"Expresiones de Cortesía","Zwroty grzecznościowe","que te mejores","wracaj do zdrowia"
"Expresiones de Cortesía","Zwroty grzecznościowe","buena suerte","powdzenia"
"Expresiones de Cortesía","Zwroty grzecznościowe","¡ánimo!","głowa do góry! / śmiało!"
"Expresiones de Cortesía","Zwroty grzecznościowe","cuidado","ostrożnie / uwaga"
"Expresiones de Cortesía","Zwroty grzecznościowe","no se preocupe","proszę się nie martwić"
"Expresiones de Cortesía","Zwroty grzecznościowe","no te preocupes","nie martw się"
"Expresiones de Cortesía","Zwroty grzecznościowe","¿puedo ayudarle?","w czym mogę pomóc?"
"Expresiones de Cortesía","Zwroty grzecznościowe","a su servicio","do usług"
"Expresiones de Cortesía","Zwroty grzecznościowe","es muy amable","to bardzo miłe (z Pana/Pani strony)"
"Expresiones de Cortesía","Zwroty grzecznościowe","gracias por su ayuda","dziękuję za pomoc"
"Expresiones de Cortesía","Zwroty grzecznościowe","un placer","przyjemność (po mojej stronie)"
"Expresiones de Cortesía","Zwroty grzecznościowe","buen fin de semana","miłego weekendu"
"Expresiones de Cortesía","Zwroty grzecznościowe","buen día","miłego dnia"
"Expresiones de Cortesía","Zwroty grzecznościowe","que le vaya bien","powodzenia (niech się Panu dobrze wiedzie)"
"Expresiones de Cortesía","Zwroty grzecznościowe","que te vaya bien","powodzenia (niech ci się dobrze wiedzie)"
"Expresiones de Cortesía","Zwroty grzecznościowe","a ti","tobie również (w odpowiedzi na podziękowanie)"
"Expresiones de Cortesía","Zwroty grzecznościowe","a usted","Panu/Pani również"
"Expresiones de Cortesía","Zwroty grzecznościowe","claro","jasne / oczywiście"
"Expresiones de Cortesía","Zwroty grzecznościowe","por supuesto","oczywiście"
"Expresiones de Cortesía","Zwroty grzecznościowe","desde luego","oczywiście / jak najbardziej"
"Saludos y Despedidas","Powitania i pożegnania","hola","cześć (powitanie)"
"Saludos y Despedidas","Powitania i pożegnania","adiós","do widzenia"
"Saludos y Despedidas","Powitania i pożegnania","buenos días","dzień dobry (rano)"
"Saludos y Despedidas","Powitania i pożegnania","buenas tardes","dzień dobry (po południu)"
"Saludos y Despedidas","Powitania i pożegnania","buenas noches","dobry wieczór / dobranoc"
"Saludos y Despedidas","Powitania i pożegnania","hasta luego","do zobaczenia (później)"
"Saludos y Despedidas","Powitania i pożegnania","hasta pronto","do zobaczenia wkrótce"
"Saludos y Despedidas","Powitania i pożegnania","hasta mañana","do jutra"
"Saludos y Despedidas","Powitania i pożegnania","hasta la vista","do zobaczenia"
"Saludos y Despedidas","Powitania i pożegnania","hasta ahora","na razie / do zobaczenia za chwilę"
"Saludos y Despedidas","Powitania i pożegnania","nos vemos","widzimy się / do zobaczenia"
"Saludos y Despedidas","Powitania i pożegnania","chao / chau","cześć (pożegnanie)"
"Saludos y Despedidas","Powitania i pożegnania","qué tal","jak tam? / co słychać?"
"Saludos y Despedidas","Powitania i pożegnania","cómo estás","jak się masz?"
"Saludos y Despedidas","Powitania i pożegnania","cómo está","jak się Pan/Pani ma?"
"Saludos y Despedidas","Powitania i pożegnania","cómo te va","jak ci leci?"
"Saludos y Despedidas","Powitania i pożegnania","qué pasa","co słychać? / co się dzieje?"
"Saludos y Despedidas","Powitania i pożegnania","qué hay","co słychać?"
"Saludos y Despedidas","Powitania i pożegnania","qué cuentas","co powiesz? / co słychać?"
"Saludos y Despedidas","Powitania i pożegnania","bien","dobrze"
"Saludos y Despedidas","Powitania i pożegnania","muy bien","bardzo dobrze"
"Saludos y Despedidas","Powitania i pożegnania","mal","źle"
"Saludos y Despedidas","Powitania i pożegnania","regular","tak sobie"
"Saludos y Despedidas","Powitania i pożegnania","tirando","jakoś leci"
"Saludos y Despedidas","Powitania i pożegnania","todo bien","wszystko dobrze"
"Saludos y Despedidas","Powitania i pożegnania","y tú","a ty?"
"Saludos y Despedidas","Powitania i pożegnania","y usted","a Pan/Pani?"
"Saludos y Despedidas","Powitania i pożegnania","saludos","pozdrowienia"
"Saludos y Despedidas","Powitania i pożegnania","recuerdos a","pozdrowienia dla"
"Saludos y Despedidas","Powitania i pożegnania","un abrazo","uściski (dosł. uścisk)"
"Saludos y Despedidas","Powitania i pożegnania","un beso","buziak (dosł. pocałunek)"
"Saludos y Despedidas","Powitania i pożegnania","besos","buziaki"
"Saludos y Despedidas","Powitania i pożegnania","cuidaros","trzymajcie się"
"Saludos y Despedidas","Powitania i pożegnania","cuídate","trzymaj się"
"Saludos y Despedidas","Powitania i pożegnania","cuídese","niech Pan/Pani trzyma się"
"Saludos y Despedidas","Powitania i pożegnania","buenas","dzień dobry / cześć (potocznie)"
"Saludos y Despedidas","Powitania i pożegnania","hasta la próxima","do następnego razu"
"Saludos y Despedidas","Powitania i pożegnania","hasta siempre","żegnaj na zawsze"
"Saludos y Despedidas","Powitania i pożegnania","bienvenido","witaj (do mężczyzny)"
"Saludos y Despedidas","Powitania i pożegnania","bienvenida","witaj (do kobiety)"
"Saludos y Despedidas","Powitania i pożegnania","bienvenidos","witajcie (l.mn.)"
"Saludos y Despedidas","Powitania i pożegnania","pase","proszę wejść"
"Saludos y Despedidas","Powitania i pożegnania","qué alegría verte","jak miło cię widzieć"
"Saludos y Despedidas","Powitania i pożegnania","cuánto tiempo","kopę lat / ile to czasu"
"Saludos y Despedidas","Powitania i pożegnania","hace mucho que no nos vemos","dawno się nie widzieliśmy"
"Saludos y Despedidas","Powitania i pożegnania","me alegro de verte","cieszę się, że cię widzę"
"Saludos y Despedidas","Powitania i pożegnania","que tengas un buen día","miłego dnia"
"Saludos y Despedidas","Powitania i pożegnania","feliz día","szczęśliwego dnia"
"Saludos y Despedidas","Powitania i pożegnania","despidirse","żegnać się"
"Saludos y Despedidas","Powitania i pożegnania","saludar","witać / pozdrawiać"
"La Infancia","Dzieciństwo","la infancia","dzieciństwo"
"La Infancia","Dzieciństwo","el niño","chłopiec / dziecko"
"La Infancia","Dzieciństwo","la niña","dziewczynka"
"La Infancia","Dzieciństwo","el bebé","niemowlę"
"La Infancia","Dzieciństwo","el recién nacido","noworodek"
"La Infancia","Dzieciństwo","el chupete","smoczek"
"La Infancia","Dzieciństwo","el biberón","butelka ze smoczkiem"
"La Infancia","Dzieciństwo","el pañal","pielucha"
"La Infancia","Dzieciństwo","la cuna","łóżeczko dziecięce"
"La Infancia","Dzieciństwo","el cochecito","wózek dziecięcy"
"La Infancia","Dzieciństwo","el juguete","zabawka"
"La Infancia","Dzieciństwo","el peluche","pluszak"
"La Infancia","Dzieciństwo","el muñeco","lalka / figurka"
"La Infancia","Dzieciństwo","la muñeca","lalka (zabawka)"
"La Infancia","Dzieciństwo","el sonajero","grzechotka"
"La Infancia","Dzieciństwo","el cuento","bajka / opowiadanie"
"La Infancia","Dzieciństwo","gatear","raczkować"
"La Infancia","Dzieciństwo","llorar","płakać"
"La Infancia","Dzieciństwo","reír","śmiać się"
"La Infancia","Dzieciństwo","sonreír","uśmiechać się"
"La Infancia","Dzieciństwo","jugar","bawić się / grać"
"La Infancia","Dzieciństwo","crecer","rosnąć"
"La Infancia","Dzieciństwo","nacer","urodzić się"
"La Infancia","Dzieciństwo","dar a luz","urodzić (wydać na świat)"
"La Infancia","Dzieciństwo","el embarazo","ciąża"
"La Infancia","Dzieciństwo","embarazada","w ciąży"
"La Infancia","Dzieciństwo","la guardería","żłobek / przedszkole"
"La Infancia","Dzieciństwo","el colegio","szkoła (podstawowa)"
"La Infancia","Dzieciństwo","la niñera","niania"
"La Infancia","Dzieciństwo","el patio de recreo","plac zabaw"
"La Infancia","Dzieciństwo","el columpio","huśtawka"
"La Infancia","Dzieciństwo","el tobogán","zjeżdżalnia"
"La Infancia","Dzieciństwo","el arenero","piaskownica"
"La Infancia","Dzieciństwo","el escondite","chowanego"
"La Infancia","Dzieciństwo","travieso","niegrzeczny / psotny"
"La Infancia","Dzieciństwo","obediente","posłuszny"
"La Infancia","Dzieciństwo","desobediente","nieposłuszny"
"La Infancia","Dzieciństwo","castigar","karać"
"La Infancia","Dzieciństwo","el castigo","kara"
"La Infancia","Dzieciństwo","portarse bien","zachowywać się dobrze"
"La Infancia","Dzieciństwo","portarse mal","zachowywać się źle"
"La Infancia","Dzieciństwo","mimar","rozpieszczać"
"La Infancia","Dzieciństwo","el mimo","pieszczota"
"La Infancia","Dzieciństwo","abrazar","przytulać"
"La Infancia","Dzieciństwo","el abrazo","uścisk / przytulenie"
"La Infancia","Dzieciństwo","la inocencia","niewinność"
"La Infancia","Dzieciństwo","el huérfano","sierota"
"La Infancia","Dzieciństwo","la nana","kołysanka"
"La Infancia","Dzieciństwo","el parque infantil","plac zabaw (park)"
"La Infancia","Dzieciństwo","amamantar","karmić piersią"
"La Vejez","Starość","la vejez","starość"
"La Vejez","Starość","el anciano","starzec / starszy pan"
"La Vejez","Starość","la anciana","starsza pani"
"La Vejez","Starość","mayor","starszy"
"La Vejez","Starość","el abuelo","dziadek"
"La Vejez","Starość","la abuela","babcia"
"La Vejez","Starość","los abuelos","dziadkowie"
"La Vejez","Starość","envejecer","starzeć się"
"La Vejez","Starość","la arruga","zmarszczka"
"La Vejez","Starość","arrugado","pomarszczony"
"La Vejez","Starość","la cana","siwy włos"
"La Vejez","Starość","canoso","siwy"
"La Vejez","Starość","calvo","łysy"
"La Vejez","Starość","la pensión","emerytura (pieniądze)"
"La Vejez","Starość","la jubilación","emerytura (stan)"
"La Vejez","Starość","jubilarse","przejść na emeryturę"
"La Vejez","Starość","el jubilado","emeryt"
"La Vejez","Starość","el bastón","laska"
"La Vejez","Starość","la silla de ruedas","wózek inwalidzki"
"La Vejez","Starość","las gafas","okulary"
"La Vejez","Starość","el audífono","aparat słuchowy"
"La Vejez","Starość","la dentadura postiza","sztuczna szczęka"
"La Vejez","Starość","la residencia de ancianos","dom spokojnej starości"
"La Vejez","Starość","el asilo","przytułek"
"La Vejez","Starość","cuidar","opiekować się"
"La Vejez","Starość","el cuidador","opiekun"
"La Vejez","Starość","la sabiduría","mądrość"
"La Vejez","Starość","sabio","mądry"
"La Vejez","Starość","la experiencia","doświadczenie"
"La Vejez","Starość","la memoria","pamięć"
"La Vejez","Starość","olvidar","zapominać"
"La Vejez","Starość","la enfermedad","choroba"
"La Vejez","Starość","sordo","głuchy"
"La Vejez","Starość","ciego","ślepy / niewidomy"
"La Vejez","Starość","la soledad","samotność"
"La Vejez","Starość","solitario","samotny"
"La Vejez","Starość","el respeto","szacunek"
"La Vejez","Starość","respetar","szanować"
"La Vejez","Starość","la generación","pokolenie"
"La Vejez","Starość","el nieto","wnuk"
"La Vejez","Starość","la nieta","wnuczka"
"La Vejez","Starość","la esperanza de vida","długość życia"
"La Vejez","Starość","longevo","długowieczny"
"La Vejez","Starość","frágil","kruchy"
"La Vejez","Starość","la salud","zdrowie"
"La Vejez","Starość","la edad","wiek"
"La Vejez","Starość","cumplir años","kończyć lata / mieć urodziny"
"La Vejez","Starość","el testamento","testament"
"La Vejez","Starość","la herencia","spadek"
"La Vejez","Starość","viudo","wdowiec"
"El Matrimonio","Małżeństwo","el matrimonio","małżeństwo"
"El Matrimonio","Małżeństwo","la boda","ślub / wesele"
"El Matrimonio","Małżeństwo","casarse","brać ślub"
"El Matrimonio","Małżeństwo","el marido","mąż"
"El Matrimonio","Małżeństwo","la mujer","żona / kobieta"
"El Matrimonio","Małżeństwo","el esposo","małżonek"
"El Matrimonio","Małżeństwo","la esposa","małżonka"
"El Matrimonio","Małżeństwo","el novio","pan młody / chłopak (sympatia)"
"El Matrimonio","Małżeństwo","la novia","panna młoda / dziewczyna (sympatia)"
"El Matrimonio","Małżeństwo","los novios","para młoda / narzeczeni"
"El Matrimonio","Małżeństwo","el anillo","pierścionek"
"El Matrimonio","Małżeństwo","la alianza","obrączka"
"El Matrimonio","Małżeństwo","el vestido de novia","suknia ślubna"
"El Matrimonio","Małżeństwo","el ramo","bukiet"
"El Matrimonio","Małżeństwo","el velo","welon"
"El Matrimonio","Małżeństwo","el traje","garnitur"
"El Matrimonio","Małżeństwo","la iglesia","kościół"
"El Matrimonio","Małżeństwo","el juzgado","urząd stanu cywilnego / sąd"
"El Matrimonio","Małżeństwo","el cura","ksiądz"
"El Matrimonio","Małżeństwo","el juez","sędzia"
"El Matrimonio","Małżeństwo","el testigo","świadek"
"El Matrimonio","Małżeństwo","el padrino","świadek / ojciec chrzestny"
"El Matrimonio","Małżeństwo","la madrina","świadkowa / matka chrzestna"
"El Matrimonio","Małżeństwo","la invitación","zaproszenie"
"El Matrimonio","Małżeństwo","el invitado","gość"
"El Matrimonio","Małżeństwo","el banquete","bankiet / przyjęcie"
"El Matrimonio","Małżeństwo","el brindis","toast"
"El Matrimonio","Małżeństwo","la tarta nupcial","tort weselny"
"El Matrimonio","Małżeństwo","la luna de miel","podróż poślubna / miodowy miesiąc"
"El Matrimonio","Małżeństwo","el viaje de novios","podróż poślubna"
"El Matrimonio","Małżeństwo","enamorarse","zakochać się"
"El Matrimonio","Małżeństwo","el amor","miłość"
"El Matrimonio","Małżeństwo","querer","kochać / chcieć"
"El Matrimonio","Małżeństwo","amar","kochać (głęboko)"
"El Matrimonio","Małżeństwo","la pareja","para / partner"
"El Matrimonio","Małżeństwo","el compromiso","zaręczyny / zobowiązanie"
"El Matrimonio","Małżeństwo","prometerse","zaręczyć się"
"El Matrimonio","Małżeństwo","el aniversario","rocznica"
"El Matrimonio","Małżeństwo","las bodas de plata","srebrne gody (25 lat)"
"El Matrimonio","Małżeństwo","las bodas de oro","złote gody (50 lat)"
"El Matrimonio","Małżeństwo","la felicidad","szczęście"
"El Matrimonio","Małżeństwo","fiel","wierny"
"El Matrimonio","Małżeństwo","infiel","niewierny"
"El Matrimonio","Małżeństwo","los celos","zazdrość"
"El Matrimonio","Małżeństwo","discutir","kłócić się"
"El Matrimonio","Małżeństwo","la separación","separacja"
"El Matrimonio","Małżeństwo","separarse","separować się / rozstawać się"
"El Matrimonio","Małżeństwo","el divorcio","rozwód"
"El Matrimonio","Małżeństwo","divorciarse","rozwodzić się"
"El Matrimonio","Małżeństwo","soltero","kawaler / singiel"
"El Divorcio","Rozwód","el divorcio","rozwód"
"El Divorcio","Rozwód","la separación","separacja"
"El Divorcio","Rozwód","divorciarse","rozwodzić się"
"El Divorcio","Rozwód","separarse","rozstawać się / separować się"
"El Divorcio","Rozwód","el exmarido","były mąż"
"El Divorcio","Rozwód","la exmujer","była żona"
"El Divorcio","Rozwód","la expareja","były partner / była partnerka"
"El Divorcio","Rozwód","el abogado","prawnik"
"El Divorcio","Rozwód","el juez","sędzia"
"El Divorcio","Rozwód","el tribunal","sąd"
"El Divorcio","Rozwód","la demanda","pozew"
"El Divorcio","Rozwód","el acuerdo","porozumienie"
"El Divorcio","Rozwód","el desacuerdo","brak porozumienia"
"El Divorcio","Rozwód","la firma","podpis"
"El Divorcio","Rozwód","los papeles","papiery / dokumenty"
"El Divorcio","Rozwód","el proceso","proces"
"El Divorcio","Rozwód","la pensión alimenticia","alimenty"
"El Divorcio","Rozwód","la custodia","opieka nad dziećmi"
"El Divorcio","Rozwód","la custodia compartida","opieka naprzemienna"
"El Divorcio","Rozwód","el régimen de visitas","ustalone wizyty (z dziećmi)"
"El Divorcio","Rozwód","los bienes","majątek / dobra"
"El Divorcio","Rozwód","la separación de bienes","rozdzielność majątkowa"
"El Divorcio","Rozwód","el patrimonio","patrymonium / majątek"
"El Divorcio","Rozwód","la crisis","kryzys"
"El Divorcio","Rozwód","el conflicto","konflikt"
"El Divorcio","Rozwód","la discusión","kłótnia"
"El Divorcio","Rozwód","pelear","kłócić się / walczyć"
"El Divorcio","Rozwód","la ruptura","zerwanie / rozpad"
"El Divorcio","Rozwód","romper","zrywać"
"El Divorcio","Rozwód","dejar","zostawiać (kogoś)"
"El Divorcio","Rozwód","la infidelidad","niewierność"
"El Divorcio","Rozwód","el engaño","oszustwo / zdrada"
"El Divorcio","Rozwód","engañar","zdradzać / oszukiwać"
"El Divorcio","Rozwód","el amante","kochanek"
"El Divorcio","Rozwód","sufrir","cierpieć"
"El Divorcio","Rozwód","llorar","płakać"
"El Divorcio","Rozwód","el dolor","ból"
"El Divorcio","Rozwód","superar","przezwyciężyć"
"El Divorcio","Rozwód","olvidar","zapomnieć"
"El Divorcio","Rozwód","perdonar","wybaczyć"
"El Divorcio","Rozwód","rehacer la vida","ułożyć sobie życie na nowo"
"El Divorcio","Rozwód","soltero","kawaler / singiel"
"El Divorcio","Rozwód","el apoyo","wsparcie"
"El Divorcio","Rozwód","la familia","rodzina"
"El Divorcio","Rozwód","el mediador","mediator"
"El Divorcio","Rozwód","el fallo","orzeczenie sądu"
"El Divorcio","Rozwód","el estrés","stres"
"El Divorcio","Rozwód","la tensión","napięcie"
"El Divorcio","Rozwód","la reconciliación","pojednanie"
"El Divorcio","Rozwód","el fin","koniec"
"Relaciones de Pareja","Relacje partnerskie","la relación","relacja / związek"
"Relaciones de Pareja","Relacje partnerskie","la pareja","para / partner"
"Relaciones de Pareja","Relacje partnerskie","el novio","chłopak"
"Relaciones de Pareja","Relacje partnerskie","la novia","dziewczyna"
"Relaciones de Pareja","Relacje partnerskie","el compañero","partner życiowy"
"Relaciones de Pareja","Relacje partnerskie","salir","spotykać się / chodzić z kimś"
"Relaciones de Pareja","Relacje partnerskie","la cita","randka"
"Relaciones de Pareja","Relacje partnerskie","conocer","poznać"
"Relaciones de Pareja","Relacje partnerskie","enamorarse","zakochać się"
"Relaciones de Pareja","Relacje partnerskie","el amor","miłość"
"Relaciones de Pareja","Relacje partnerskie","el cariño","czułość"
"Relaciones de Pareja","Relacje partnerskie","querer","kochać / lubić"
"Relaciones de Pareja","Relacje partnerskie","amar","kochać"
"Relaciones de Pareja","Relacje partnerskie","el beso","pocałunek"
"Relaciones de Pareja","Relacje partnerskie","besar","całować"
"Relaciones de Pareja","Relacje partnerskie","el abrazo","uścisk / przytulenie"
"Relaciones de Pareja","Relacje partnerskie","abrazar","przytulać"
"Relaciones de Pareja","Relacje partnerskie","la caricia","pieszczota"
"Relaciones de Pareja","Relacje partnerskie","acariciar","pieścić / głaskać"
"Relaciones de Pareja","Relacje partnerskie","la pasión","pasja / namiętność"
"Relaciones de Pareja","Relacje partnerskie","el romance","romans"
"Relaciones de Pareja","Relacje partnerskie","romántico","romantyczny"
"Relaciones de Pareja","Relacje partnerskie","la intimidad","intymność"
"Relaciones de Pareja","Relacje partnerskie","el sexo","seks"
"Relaciones de Pareja","Relacje partnerskie","hacer el amor","uprawiać miłość"
"Relaciones de Pareja","Relacje partnerskie","la confianza","zaufanie"
"Relaciones de Pareja","Relacje partnerskie","confiar","ufać"
"Relaciones de Pareja","Relacje partnerskie","la fidelidad","wierność"
"Relaciones de Pareja","Relacje partnerskie","fiel","wierny"
"Relaciones de Pareja","Relacje partnerskie","el respeto","szacunek"
"Relaciones de Pareja","Relacje partnerskie","respetar","szanować"
"Relaciones de Pareja","Relacje partnerskie","la comunicación","komunikacja"
"Relaciones de Pareja","Relacje partnerskie","el apoyo","wsparcie"
"Relaciones de Pareja","Relacje partnerskie","apoyar","wspierać"
"Relaciones de Pareja","Relacje partnerskie","compartir","dzielić"
"Relaciones de Pareja","Relacje partnerskie","la convivencia","wspólne życie"
"Relaciones de Pareja","Relacje partnerskie","convivir","żyć razem"
"Relaciones de Pareja","Relacje partnerskie","el compromiso","zaangażowanie / zaręczyny"
"Relaciones de Pareja","Relacje partnerskie","comprometerse","zaręczyć się / zaangażować"
"Relaciones de Pareja","Relacje partnerskie","la comprensión","zrozumienie"
"Relaciones de Pareja","Relacje partnerskie","comprender","rozumieć"
"Relaciones de Pareja","Relacje partnerskie","perdonar","wybaczać"
"Relaciones de Pareja","Relacje partnerskie","pedir perdón","prosić o wybaczenie"
"Relaciones de Pareja","Relacje partnerskie","los celos","zazdrość"
"Relaciones de Pareja","Relacje partnerskie","celoso","zazdrosny"
"Relaciones de Pareja","Relacje partnerskie","pelear","kłócić się"
"Relaciones de Pareja","Relacje partnerskie","reconciliarse","godzić się"
"Relaciones de Pareja","Relacje partnerskie","la media naranja","druga połówka (dosł. pół pomarańczy)"
"Relaciones de Pareja","Relacje partnerskie","atraer","przyciągać"
"Relaciones de Pareja","Relacje partnerskie","el flechazo","miłość od pierwszego wejrzenia (strzała amora)"
"Sentimientos Positivos","Pozytywne uczucia","la felicidad","szczęście"
"Sentimientos Positivos","Pozytywne uczucia","feliz","szczęśliwy"
"Sentimientos Positivos","Pozytywne uczucia","la alegría","radość"
"Sentimientos Positivos","Pozytywne uczucia","alegre","radosny"
"Sentimientos Positivos","Pozytywne uczucia","el optimismo","optymizm"
"Sentimientos Positivos","Pozytywne uczucia","optimista","optymistyczny"
"Sentimientos Positivos","Pozytywne uczucia","la esperanza","nadzieja"
"Sentimientos Positivos","Pozytywne uczucia","esperanzado","pełen nadziei"
"Sentimientos Positivos","Pozytywne uczucia","la ilusión","ekscytacja / złudzenie"
"Sentimientos Positivos","Pozytywne uczucia","ilusionado","podekscytowany"
"Sentimientos Positivos","Pozytywne uczucia","el entusiasmo","entuzjazm"
"Sentimientos Positivos","Pozytywne uczucia","entusiasta","entuzjastyczny"
"Sentimientos Positivos","Pozytywne uczucia","la paz","pokój"
"Sentimientos Positivos","Pozytywne uczucia","pacífico","spokojny / pokojowy"
"Sentimientos Positivos","Pozytywne uczucia","la tranquilidad","spokój"
"Sentimientos Positivos","Pozytywne uczucia","tranquilo","spokojny"
"Sentimientos Positivos","Pozytywne uczucia","la calma","cisza / spokój"
"Sentimientos Positivos","Pozytywne uczucia","calmado","opanowany"
"Sentimientos Positivos","Pozytywne uczucia","la satisfacción","satysfakcja"
"Sentimientos Positivos","Pozytywne uczucia","satisfecho","zadowolony"
"Sentimientos Positivos","Pozytywne uczucia","el orgullo","duma"
"Sentimientos Positivos","Pozytywne uczucia","orgulloso","dumny"
"Sentimientos Positivos","Pozytywne uczucia","la gratitud","wdzięczność"
"Sentimientos Positivos","Pozytywne uczucia","agradecido","wdzięczny"
"Sentimientos Positivos","Pozytywne uczucia","el alivio","ulga"
"Sentimientos Positivos","Pozytywne uczucia","aliviado","odczuwający ulgę"
"Sentimientos Positivos","Pozytywne uczucia","la admiración","podziw"
"Sentimientos Positivos","Pozytywne uczucia","admirado","zachwycony"
"Sentimientos Positivos","Pozytywne uczucia","el asombro","zdumienie / podziw"
"Sentimientos Positivos","Pozytywne uczucia","asombrado","zdumiony"
"Sentimientos Positivos","Pozytywne uczucia","el cariño","czułość / sympatia"
"Sentimientos Positivos","Pozytywne uczucia","cariñoso","czuły"
"Sentimientos Positivos","Pozytywne uczucia","la ternura","tkliwość"
"Sentimientos Positivos","Pozytywne uczucia","tierno","tkliwy / czuły"
"Sentimientos Positivos","Pozytywne uczucia","la empatía","empatia"
"Sentimientos Positivos","Pozytywne uczucia","empático","empatyczny"
"Sentimientos Positivos","Pozytywne uczucia","la simpatía","sympatia"
"Sentimientos Positivos","Pozytywne uczucia","simpático","sympatyczny"
"Sentimientos Positivos","Pozytywne uczucia","la confianza","zaufanie / pewność"
"Sentimientos Positivos","Pozytywne uczucia","confiado","ufny / pewny siebie"
"Sentimientos Positivos","Pozytywne uczucia","la seguridad","bezpieczeństwo / pewność"
"Sentimientos Positivos","Pozytywne uczucia","seguro","pewny"
"Sentimientos Positivos","Pozytywne uczucia","la motivación","motywacja"
"Sentimientos Positivos","Pozytywne uczucia","motivado","zmotywowany"
"Sentimientos Positivos","Pozytywne uczucia","la inspiración","inspiracja"
"Sentimientos Positivos","Pozytywne uczucia","inspirado","zainspirowany"
"Sentimientos Positivos","Pozytywne uczucia","la pasión","pasja"
"Sentimientos Positivos","Pozytywne uczucia","apasionado","pełen pasji"
"Sentimientos Positivos","Pozytywne uczucia","la valentía","odwaga"
"Sentimientos Positivos","Pozytywne uczucia","valiente","odważny"
"Sentimientos Negativos","Negatywne uczucia","la tristeza","smutek"
"Sentimientos Negativos","Negatywne uczucia","triste","smutny"
"Sentimientos Negativos","Negatywne uczucia","la depresión","depresja"
"Sentimientos Negativos","Negatywne uczucia","deprimido","zdołowany"
"Sentimientos Negativos","Negatywne uczucia","el dolor","ból"
"Sentimientos Negativos","Negatywne uczucia","dolido","zraniony"
"Sentimientos Negativos","Negatywne uczucia","la pena","smutek / żal"
"Sentimientos Negativos","Negatywne uczucia","apenado","zasmucony"
"Sentimientos Negativos","Negatywne uczucia","la melancolía","melancholia"
"Sentimientos Negativos","Negatywne uczucia","melancólico","melancholijny"
"Sentimientos Negativos","Negatywne uczucia","el llanto","płacz"
"Sentimientos Negativos","Negatywne uczucia","la ira","gniew"
"Sentimientos Negativos","Negatywne uczucia","iracundo","gniewny"
"Sentimientos Negativos","Negatywne uczucia","el enfado","złość"
"Sentimientos Negativos","Negatywne uczucia","enfadado","zły"
"Sentimientos Negativos","Negatywne uczucia","el enojo","złość"
"Sentimientos Negativos","Negatywne uczucia","enojado","zły"
"Sentimientos Negativos","Negatywne uczucia","el odio","nienawiść"
"Sentimientos Negativos","Negatywne uczucia","el rencor","uraza"
"Sentimientos Negativos","Negatywne uczucia","rencoroso","pamiętliwy / mściwy"
"Sentimientos Negativos","Negatywne uczucia","la amargura","gorycz"
"Sentimientos Negativos","Negatywne uczucia","amargado","zgorzkniały"
"Sentimientos Negativos","Negatywne uczucia","el miedo","strach"
"Sentimientos Negativos","Negatywne uczucia","miedoso","strachliwy"
"Sentimientos Negativos","Negatywne uczucia","el temor","obawa"
"Sentimientos Negativos","Negatywne uczucia","temeroso","bojaźliwy"
"Sentimientos Negativos","Negatywne uczucia","el pánico","panika"
"Sentimientos Negativos","Negatywne uczucia","el terror","przerażenie"
"Sentimientos Negativos","Negatywne uczucia","aterrorizado","przerażony"
"Sentimientos Negativos","Negatywne uczucia","la ansiedad","niepokój"
"Sentimientos Negativos","Negatywne uczucia","ansioso","zaniepokojony"
"Sentimientos Negativos","Negatywne uczucia","la angustia","udręka / lęk"
"Sentimientos Negativos","Negatywne uczucia","angustiado","udręczony"
"Sentimientos Negativos","Negatywne uczucia","el estrés","stres"
"Sentimientos Negativos","Negatywne uczucia","estresado","zestresowany"
"Sentimientos Negativos","Negatywne uczucia","la frustración","frustracja"
"Sentimientos Negativos","Negatywne uczucia","frustrado","sfrustrowany"
"Sentimientos Negativos","Negatywne uczucia","la decepción","rozczarowanie"
"Sentimientos Negativos","Negatywne uczucia","decepcionado","rozczarowany"
"Sentimientos Negativos","Negatywne uczucia","la culpa","wina"
"Sentimientos Negativos","Negatywne uczucia","culpable","winny"
"Sentimientos Negativos","Negatywne uczucia","la vergüenza","wstyd"
"Sentimientos Negativos","Negatywne uczucia","avergonzado","zawstydzony"
"Sentimientos Negativos","Negatywne uczucia","el aburrimiento","nuda"
"Sentimientos Negativos","Negatywne uczucia","aburrido","znudzony"
"Sentimientos Negativos","Negatywne uczucia","la envidia","zazdrość (zawiść)"
"Sentimientos Negativos","Negatywne uczucia","envidioso","zawistny"
"Sentimientos Negativos","Negatywne uczucia","la apatía","apatia"
"Sentimientos Negativos","Negatywne uczucia","apático","apatyczny"
"Sentimientos Negativos","Negatywne uczucia","la soledad","samotność"
"Características Físicas","Cechy fizyczne","el aspecto","wygląd"
"Características Físicas","Cechy fizyczne","la apariencia","aparycja"
"Características Físicas","Cechy fizyczne","alto","wysoki"
"Características Físicas","Cechy fizyczne","bajo","niski"
"Características Físicas","Cechy fizyczne","de estatura media","średniego wzrostu"
"Características Físicas","Cechy fizyczne","gordo","gruby"
"Características Físicas","Cechy fizyczne","con sobrepeso","z nadwagą"
"Características Físicas","Cechy fizyczne","delgado","szczupły"
"Características Físicas","Cechy fizyczne","flaco","chudy"
"Características Físicas","Cechy fizyczne","fuerte","silny"
"Características Físicas","Cechy fizyczne","débil","słaby"
"Características Físicas","Cechy fizyczne","musculoso","umięśniony"
"Características Físicas","Cechy fizyczne","guapo","przystojny / ładny"
"Características Físicas","Cechy fizyczne","feo","brzydki"
"Características Físicas","Cechy fizyczne","hermoso","piękny"
"Características Físicas","Cechy fizyczne","atractivo","atrakcyjny"
"Características Físicas","Cechy fizyczne","joven","młody"
"Características Físicas","Cechy fizyczne","viejo","stary"
"Características Físicas","Cechy fizyczne","mayor","starszy"
"Características Físicas","Cechy fizyczne","de mediana edad","w średnim wieku"
"Características Físicas","Cechy fizyczne","el pelo","włosy"
"Características Físicas","Cechy fizyczne","rubio","blond"
"Características Físicas","Cechy fizyczne","moreno","brunet"
"Características Físicas","Cechy fizyczne","castaño","szatyn"
"Características Físicas","Cechy fizyczne","pelirrojo","rudy"
"Características Físicas","Cechy fizyczne","calvo","łysy"
"Características Físicas","Cechy fizyczne","el pelo largo","długie włosy"
"Características Físicas","Cechy fizyczne","el pelo corto","krótkie włosy"
"Características Físicas","Cechy fizyczne","el pelo liso","proste włosy"
"Características Físicas","Cechy fizyczne","el pelo rizado","kręcone włosy"
"Características Físicas","Cechy fizyczne","el pelo ondulado","falowane włosy"
"Características Físicas","Cechy fizyczne","la piel","skóra"
"Características Físicas","Cechy fizyczne","claro","jasny"
"Características Físicas","Cechy fizyczne","oscuro","ciemny"
"Características Físicas","Cechy fizyczne","pálido","blady"
"Características Físicas","Cechy fizyczne","bronceado","opalony"
"Características Físicas","Cechy fizyczne","los ojos","oczy"
"Características Físicas","Cechy fizyczne","los ojos azules","niebieskie oczy"
"Características Físicas","Cechy fizyczne","los ojos verdes","zielone oczy"
"Características Físicas","Cechy fizyczne","los ojos marrones","brązowe oczy"
"Características Físicas","Cechy fizyczne","las gafas","okulary"
"Características Físicas","Cechy fizyczne","la barba","broda"
"Características Físicas","Cechy fizyczne","el bigote","wąsy"
"Características Físicas","Cechy fizyczne","la peca","pieg"
"Características Físicas","Cechy fizyczne","el lunar","pieprzyk"
"Características Físicas","Cechy fizyczne","la arruga","zmarszczka"
"Características Físicas","Cechy fizyczne","la cicatriz","blizna"
"Características Físicas","Cechy fizyczne","el tatuaje","tatuaż"
"Características Físicas","Cechy fizyczne","la sonrisa","uśmiech"
"Características Físicas","Cechy fizyczne","el rostro / la cara","twarz"
"El Cabello","Włosy (Rodzaje)","el cabello / el pelo","włosy"
"El Cabello","Włosy (Rodzaje)","el peinado","fryzura"
"El Cabello","Włosy (Rodzaje)","el corte de pelo","strzyżenie / fryzura"
"El Cabello","Włosy (Rodzaje)","rubio","blond"
"El Cabello","Włosy (Rodzaje)","moreno","ciemnowłosy / brunet"
"El Cabello","Włosy (Rodzaje)","castaño","szatyn"
"El Cabello","Włosy (Rodzaje)","pelirrojo","rudy"
"El Cabello","Włosy (Rodzaje)","teñido","farbowany"
"El Cabello","Włosy (Rodzaje)","las mechas","pasemka"
"El Cabello","Włosy (Rodzaje)","liso","prosty (o włosach)"
"El Cabello","Włosy (Rodzaje)","rizado","kręcony"
"El Cabello","Włosy (Rodzaje)","ondulado","falowany"
"El Cabello","Włosy (Rodzaje)","corto","krótki"
"El Cabello","Włosy (Rodzaje)","largo","długi"
"El Cabello","Włosy (Rodzaje)","suelto","rozpuszczony"
"El Cabello","Włosy (Rodzaje)","recogido","związany / upięty"
"El Cabello","Włosy (Rodzaje)","la trenza","warkocz"
"El Cabello","Włosy (Rodzaje)","la coleta","kucyk"
"El Cabello","Włosy (Rodzaje)","el moño","kok"
"El Cabello","Włosy (Rodzaje)","el flequillo","grzywka"
"El Cabello","Włosy (Rodzaje)","la raya","przedziałek"
"El Cabello","Włosy (Rodzaje)","la calva","łysina"
"El Cabello","Włosy (Rodzaje)","calvo","łysy"
"El Cabello","Włosy (Rodzaje)","la caspa","łupież"
"El Cabello","Włosy (Rodzaje)","el champú","szampon"
"El Cabello","Włosy (Rodzaje)","el acondicionador","odżywka do włosów"
"El Cabello","Włosy (Rodzaje)","el secador","suszarka do włosów"
"El Cabello","Włosy (Rodzaje)","la plancha de pelo","prostownica"
"El Cabello","Włosy (Rodzaje)","el peine","grzebień"
"El Cabello","Włosy (Rodzaje)","el cepillo","szczotka"
"El Cabello","Włosy (Rodzaje)","peinar","czesać (grzebieniem)"
"El Cabello","Włosy (Rodzaje)","cepillar","szczotkować"
"El Cabello","Włosy (Rodzaje)","cortar","obcinać"
"El Cabello","Włosy (Rodzaje)","teñir","farbować"
"El Cabello","Włosy (Rodzaje)","lavar","myć"
"El Cabello","Włosy (Rodzaje)","la peluquería","salon fryzjerski"
"El Cabello","Włosy (Rodzaje)","el peluquero / la peluquera","fryzjer / fryzjerka"
"El Cabello","Włosy (Rodzaje)","la laca","lakier do włosów"
"El Cabello","Włosy (Rodzaje)","el gel / la gomina","żel do włosów"
"El Cabello","Włosy (Rodzaje)","la mascarilla capilar","maska do włosów"
"El Cabello","Włosy (Rodzaje)","las tijeras","nożyczki"
"El Cabello","Włosy (Rodzaje)","la peluca","peruka"
"El Cabello","Włosy (Rodzaje)","las extensiones","doczepiane włosy"
"El Cabello","Włosy (Rodzaje)","el rizo","lok"
"El Cabello","Włosy (Rodzaje)","la raíz","cebulka / odrost"
"El Cabello","Włosy (Rodzaje)","la punta","końcówka (włosa)"
"El Cabello","Włosy (Rodzaje)","el volumen","objętość"
"El Cabello","Włosy (Rodzaje)","brillante","lśniący"
"El Cabello","Włosy (Rodzaje)","seco","suchy"
"El Cabello","Włosy (Rodzaje)","graso","przetłuszczający się / tłusty"
"Ropa de Invierno","Ubrania zimowe","el invierno","zima"
"Ropa de Invierno","Ubrania zimowe","el frío","zimno"
"Ropa de Invierno","Ubrania zimowe","el abrigo","płaszcz"
"Ropa de Invierno","Ubrania zimowe","la chaqueta","kurtka"
"Ropa de Invierno","Ubrania zimowe","el anorak","kurtka zimowa (anorak)"
"Ropa de Invierno","Ubrania zimowe","el plumífero","kurtka puchowa"
"Ropa de Invierno","Ubrania zimowe","el jersey","sweter (przez głowę)"
"Ropa de Invierno","Ubrania zimowe","el suéter","sweter"
"Ropa de Invierno","Ubrania zimowe","la sudadera","bluza"
"Ropa de Invierno","Ubrania zimowe","el cárdigan","rozpinany sweter"
"Ropa de Invierno","Ubrania zimowe","el forro polar","polar (ubranie)"
"Ropa de Invierno","Ubrania zimowe","el chaleco","kamizelka"
"Ropa de Invierno","Ubrania zimowe","los pantalones de pana","spodnie sztruksowe"
"Ropa de Invierno","Ubrania zimowe","la bufanda","szalik"
"Ropa de Invierno","Ubrania zimowe","el gorro","czapka (zimowa)"
"Ropa de Invierno","Ubrania zimowe","los guantes","rękawiczki"
"Ropa de Invierno","Ubrania zimowe","las manoplas","rękawice z jednym palcem"
"Ropa de Invierno","Ubrania zimowe","las orejeras","nauszniki"
"Ropa de Invierno","Ubrania zimowe","los calcetines gruesos","grube skarpety"
"Ropa de Invierno","Ubrania zimowe","los leotardos","rajstopy (grube)"
"Ropa de Invierno","Ubrania zimowe","las mallas","getry / legginsy"
"Ropa de Invierno","Ubrania zimowe","las botas","kozaki / buty zimowe"
"Ropa de Invierno","Ubrania zimowe","las botas de nieve","śniegowce"
"Ropa de Invierno","Ubrania zimowe","el cuello alto","golf (kołnierz)"
"Ropa de Invierno","Ubrania zimowe","abrigarse","ciepło się ubierać"
"Ropa de Invierno","Ubrania zimowe","de lana","z wełny"
"Ropa de Invierno","Ubrania zimowe","térmico","termiczny"
"Ropa de Invierno","Ubrania zimowe","la ropa térmica","odzież termiczna"
"Ropa de Invierno","Ubrania zimowe","la manta","koc"
"Ropa de Invierno","Ubrania zimowe","el pasamontañas","kominiarka"
"Ropa de Invierno","Ubrania zimowe","el impermeable","płaszcz przeciwdeszczowy"
"Ropa de Invierno","Ubrania zimowe","la gabardina","trencz"
"Ropa de Invierno","Ubrania zimowe","la capa","peleryna"
"Ropa de Invierno","Ubrania zimowe","esquiar","jeździć na nartach"
"Ropa de Invierno","Ubrania zimowe","la ropa de esquí","odzież narciarska"
"Ropa de Invierno","Ubrania zimowe","de punto","z dzianiny / robiony na drutach"
"Ropa de Invierno","Ubrania zimowe","la manga larga","długi rękaw"
"Ropa de Invierno","Ubrania zimowe","la capucha","kaptur"
"Ropa de Invierno","Ubrania zimowe","abotonar","zapinać na guziki"
"Ropa de Invierno","Ubrania zimowe","la cremallera","zamek błyskawiczny"
"Ropa de Invierno","Ubrania zimowe","el bolsillo","kieszeń"
"Ropa de Invierno","Ubrania zimowe","grueso","gruby (materiał)"
"Ropa de Invierno","Ubrania zimowe","calentito","cieplutki"
"Ropa de Invierno","Ubrania zimowe","la nieve","śnieg"
"Ropa de Invierno","Ubrania zimowe","proteger","chronić"
"Ropa de Invierno","Ubrania zimowe","el polar","polar (materiał)"
"Ropa de Invierno","Ubrania zimowe","el copo de nieve","płatek śniegu"
"Ropa de Invierno","Ubrania zimowe","abrigado","ciepło ubrany"
"Ropa de Invierno","Ubrania zimowe","congelado","zmarznięty"
"Ropa de Invierno","Ubrania zimowe","tiritar","trząść się (z zimna)"
"Ropa de Verano","Ubrania letnie","el verano","lato"
"Ropa de Verano","Ubrania letnie","el calor","upał / gorąco"
"Ropa de Verano","Ubrania letnie","la camiseta","koszulka / t-shirt"
"Ropa de Verano","Ubrania letnie","el tirante","ramiączko"
"Ropa de Verano","Ubrania letnie","la camiseta de tirantes","koszulka na ramiączkach / top"
"Ropa de Verano","Ubrania letnie","el top","krótki top"
"Ropa de Verano","Ubrania letnie","el pantalón corto","krótkie spodenki"
"Ropa de Verano","Ubrania letnie","las bermudas","bermudy"
"Ropa de Verano","Ubrania letnie","el vestido","sukienka"
"Ropa de Verano","Ubrania letnie","el vestido de verano","letnia sukienka"
"Ropa de Verano","Ubrania letnie","la falda","spódnica"
"Ropa de Verano","Ubrania letnie","el bañador","strój kąpielowy jednoczęściowy / kąpielówki"
"Ropa de Verano","Ubrania letnie","el bikini","bikini"
"Ropa de Verano","Ubrania letnie","las sandalias","sandały"
"Ropa de Verano","Ubrania letnie","las chanclas","klapki / japonki"
"Ropa de Verano","Ubrania letnie","las alpargatas","espadryle"
"Ropa de Verano","Ubrania letnie","el sombrero","kapelusz"
"Ropa de Verano","Ubrania letnie","la gorra","czapka z daszkiem"
"Ropa de Verano","Ubrania letnie","las gafas de sol","okulary przeciwsłoneczne"
"Ropa de Verano","Ubrania letnie","de lino","lniany"
"Ropa de Verano","Ubrania letnie","el lino","len"
"Ropa de Verano","Ubrania letnie","el algodón","bawełna"
"Ropa de Verano","Ubrania letnie","la manga corta","krótki rękaw"
"Ropa de Verano","Ubrania letnie","sin mangas","bez rękawów"
"Ropa de Verano","Ubrania letnie","fresco","chłodny / przewiewny"
"Ropa de Verano","Ubrania letnie","ligero","lekki"
"Ropa de Verano","Ubrania letnie","sudar","pocić się"
"Ropa de Verano","Ubrania letnie","la piscina","basen"
"Ropa de Verano","Ubrania letnie","la playa","plaża"
"Ropa de Verano","Ubrania letnie","el pareo","pareo / chusta plażowa"
"Ropa de Verano","Ubrania letnie","el caftán","kaftan / tunika"
"Ropa de Verano","Ubrania letnie","la blusa","bluzka"
"Ropa de Verano","Ubrania letnie","la camisa de manga corta","koszula z krótkim rękawem"
"Ropa de Verano","Ubrania letnie","los zapatos abiertos","odkryte buty"
"Ropa de Verano","Ubrania letnie","el capazo","torba plażowa / koszyk"
"Ropa de Verano","Ubrania letnie","la toalla","ręcznik (plażowy)"
"Ropa de Verano","Ubrania letnie","el protector solar","krem z filtrem"
"Ropa de Verano","Ubrania letnie","broncearse","opalać się"
"Ropa de Verano","Ubrania letnie","nadar","pływać"
"Ropa de Verano","Ubrania letnie","el traje de baño","strój kąpielowy"
"Ropa de Verano","Ubrania letnie","la ropa ligera","lekka odzież"
"Ropa de Verano","Ubrania letnie","descalzo","boso"
"Ropa de Verano","Ubrania letnie","holgado","luźny (o ubraniu)"
"Ropa de Verano","Ubrania letnie","ajustado","obcisły / dopasowany"
"Ropa de Verano","Ubrania letnie","floreado","w kwiaty (wzór)"
"Ropa de Verano","Ubrania letnie","el estampado","nadruk / wzór"
"Ropa de Verano","Ubrania letnie","transpirable","oddychający (materiał)"
"Ropa de Verano","Ubrania letnie","el abanico","wachlarz"
"Ropa de Verano","Ubrania letnie","refrescar","chłodzić"
"Ropa de Verano","Ubrania letnie","descubierto","odkryty"
"Calzado","Obuwie","el calzado","obuwie"
"Calzado","Obuwie","el zapato","but"
"Calzado","Obuwie","los zapatos","buty"
"Calzado","Obuwie","las zapatillas","trampki / tenisówki"
"Calzado","Obuwie","las zapatillas de deporte","buty sportowe"
"Calzado","Obuwie","los tenis","adidasy / buty sportowe"
"Calzado","Obuwie","las botas","kozaki / buty wysokie"
"Calzado","Obuwie","los botines","botki"
"Calzado","Obuwie","las sandalias","sandały"
"Calzado","Obuwie","las chanclas","klapki / japonki"
"Calzado","Obuwie","los tacones","obcasy"
"Calzado","Obuwie","los zapatos de tacón","buty na obcasie"
"Calzado","Obuwie","los zapatos planos","płaskie buty"
"Calzado","Obuwie","las bailarinas","baleriny"
"Calzado","Obuwie","los mocasines","mokasyny"
"Calzado","Obuwie","los zapatos de cordones","buty sznurowane"
"Calzado","Obuwie","los zapatos de piel","buty skórzane"
"Calzado","Obuwie","las alpargatas","espadryle"
"Calzado","Obuwie","las pantuflas","kapcie"
"Calzado","Obuwie","las botas de agua","kalosze"
"Calzado","Obuwie","las botas de nieve","śniegowce"
"Calzado","Obuwie","el cordón","sznurówka"
"Calzado","Obuwie","atar","wiązać"
"Calzado","Obuwie","desatar","rozwiązywać"
"Calzado","Obuwie","la suela","podeszwa"
"Calzado","Obuwie","el tacón","obcas"
"Calzado","Obuwie","la punta","czubek (buta)"
"Calzado","Obuwie","el empeine","podbicie"
"Calzado","Obuwie","la plantilla","wkładka (do butów)"
"Calzado","Obuwie","el betún","pasta do butów"
"Calzado","Obuwie","limpiar los zapatos","czyścić buty / pastować"
"Calzado","Obuwie","el zapatero","szewc"
"Calzado","Obuwie","la zapatería","sklep obuwniczy"
"Calzado","Obuwie","probarse","przymierzać"
"Calzado","Obuwie","la talla","rozmiar (odzieży / butów ogólnie)"
"Calzado","Obuwie","el número","rozmiar (buta)"
"Calzado","Obuwie","calzar","nosić buty w rozmiarze..."
"Calzado","Obuwie","apretar","uwierać / cisnąć"
"Calzado","Obuwie","holgado","luźny"
"Calzado","Obuwie","cómodo","wygodny"
"Calzado","Obuwie","incómodo","niewygodny"
"Calzado","Obuwie","de cuero","ze skóry"
"Calzado","Obuwie","de ante","z zamszu"
"Calzado","Obuwie","de tela","z materiału"
"Calzado","Obuwie","caminar","chodzić"
"Calzado","Obuwie","el roce","otarcie"
"Calzado","Obuwie","la ampolla","pęcherz / bąbel (na skórze)"
"Calzado","Obuwie","el calcetín","skarpetka"
"Calzado","Obuwie","calzarse","wkładać buty"
"Calzado","Obuwie","descalzarse","zdejmować buty"
"Accesorios","Akcesoria","el accesorio","akcesorium / dodatek"
"Accesorios","Akcesoria","el complemento","dodatek (do ubioru)"
"Accesorios","Akcesoria","el cinturón","pasek"
"Accesorios","Akcesoria","la corbata","krawat"
"Accesorios","Akcesoria","la pajarita","mucha (do garnituru)"
"Accesorios","Akcesoria","el pañuelo","chustka / apaszka"
"Accesorios","Akcesoria","la bufanda","szalik"
"Accesorios","Akcesoria","el guante","rękawiczka"
"Accesorios","Akcesoria","el gorro","czapka"
"Accesorios","Akcesoria","el sombrero","kapelusz"
"Accesorios","Akcesoria","la gorra","czapka z daszkiem"
"Accesorios","Akcesoria","el bolso","torebka"
"Accesorios","Akcesoria","la cartera","portfel / teczka"
"Accesorios","Akcesoria","el monedero","portmonetka"
"Accesorios","Akcesoria","la mochila","plecak"
"Accesorios","Akcesoria","el maletín","aktówka / walizeczka"
"Accesorios","Akcesoria","la maleta","walizka"
"Accesorios","Akcesoria","el paraguas","parasol"
"Accesorios","Akcesoria","las gafas","okulary (korekcyjne)"
"Accesorios","Akcesoria","las gafas de sol","okulary przeciwsłoneczne"
"Accesorios","Akcesoria","el reloj","zegarek (na rękę)"
"Accesorios","Akcesoria","el abanico","wachlarz"
"Accesorios","Akcesoria","la joya","klejnot / biżuteria"
"Accesorios","Akcesoria","el anillo","pierścionek"
"Accesorios","Akcesoria","el collar","naszyjnik"
"Accesorios","Akcesoria","la pulsera","bransoletka"
"Accesorios","Akcesoria","el pendiente","kolczyk"
"Accesorios","Akcesoria","el broche","broszka"
"Accesorios","Akcesoria","el pasador","spinka (do włosów)"
"Accesorios","Akcesoria","la diadema","opaska na włosy"
"Accesorios","Akcesoria","la goma de pelo","gumka do włosów"
"Accesorios","Akcesoria","de cuero","ze skóry"
"Accesorios","Akcesoria","de seda","z jedwabiu"
"Accesorios","Akcesoria","de oro","ze złota"
"Accesorios","Akcesoria","de plata","ze srebra"
"Accesorios","Akcesoria","de plástico","z plastiku"
"Accesorios","Akcesoria","llevar","nosić"
"Accesorios","Akcesoria","ponerse","zakładać (na siebie)"
"Accesorios","Akcesoria","quitarse","zdejmować"
"Accesorios","Akcesoria","combinar","pasować (o ubraniach) / łączyć"
"Accesorios","Akcesoria","de moda","modny"
"Accesorios","Akcesoria","pasado de moda","niemodny"
"Accesorios","Akcesoria","elegante","elegancki"
"Accesorios","Akcesoria","casual","nieformalny / casualowy"
"Accesorios","Akcesoria","el adorno","ozdoba"
"Accesorios","Akcesoria","el detalle","detal / szczegół"
"Accesorios","Akcesoria","la hebilla","klamra (od paska)"
"Accesorios","Akcesoria","el colgante","wisiorek"
"Accesorios","Akcesoria","adornar","ozdabiać"
"Accesorios","Akcesoria","regalar","dawać w prezencie"
"Joyería","Biżuteria","la joyería","biżuteria / jubiler (sklep)"
"Joyería","Biżuteria","el joyero","szkatułka na biżuterię / jubiler (zawód)"
"Joyería","Biżuteria","la joya","klejnot / biżuteria"
"Joyería","Biżuteria","el anillo","pierścionek"
"Joyería","Biżuteria","la alianza","obrączka"
"Joyería","Biżuteria","el collar","naszyjnik"
"Joyería","Biżuteria","la pulsera","bransoletka"
"Joyería","Biżuteria","el pendiente","kolczyk"
"Joyería","Biżuteria","el aro","kolczyk w kształcie koła"
"Joyería","Biżuteria","el broche","broszka"
"Joyería","Biżuteria","el colgante","wisiorek"
"Joyería","Biżuteria","la cadena","łańcuszek"
"Joyería","Biżuteria","el diamante","diament"
"Joyería","Biżuteria","la perla","perła"
"Joyería","Biżuteria","el rubí","rubin"
"Joyería","Biżuteria","la esmeralda","szmaragd"
"Joyería","Biżuteria","el zafiro","szafir"
"Joyería","Biżuteria","el cristal","kryształ"
"Joyería","Biżuteria","el oro","złoto"
"Joyería","Biżuteria","la plata","srebro"
"Joyería","Biżuteria","el platino","platyna"
"Joyería","Biżuteria","el cobre","miedź"
"Joyería","Biżuteria","el acero inoxidable","stal nierdzewna"
"Joyería","Biżuteria","la piedra preciosa","kamień szlachetny"
"Joyería","Biżuteria","el reloj de pulsera","zegarek na rękę"
"Joyería","Biżuteria","la corona","korona"
"Joyería","Biżuteria","la tiara","tiara"
"Joyería","Biżuteria","el camafeo","kamea"
"Joyería","Biżuteria","el cierre","zapięcie"
"Joyería","Biżuteria","el esmalte","emalia"
"Joyería","Biżuteria","tallar","szlifować"
"Joyería","Biżuteria","brillar","błyszczeć"
"Joyería","Biżuteria","el brillo","blask"
"Joyería","Biżuteria","valioso","wartościowy"
"Joyería","Biżuteria","caro","drogi"
"Joyería","Biżuteria","barato","tani"
"Joyería","Biżuteria","antiguo","antyczny / zabytkowy"
"Joyería","Biżuteria","moderno","nowoczesny"
"Joyería","Biżuteria","heredar","odziedziczyć"
"Joyería","Biżuteria","la herencia","spadek / pamiątka"
"Joyería","Biżuteria","regalar","dawać w prezencie"
"Joyería","Biżuteria","el quilate","karat"
"Joyería","Biżuteria","auténtico","autentyczny / prawdziwy"
"Joyería","Biżuteria","falso","sztuczny / fałszywy"
"Joyería","Biżuteria","la bisutería","sztuczna biżuteria"
"Joyería","Biżuteria","el diseñador","projektant"
"Joyería","Biżuteria","el engaste","oprawa (kamienia)"
"Joyería","Biżuteria","la gema","klejnot / gema"
"Joyería","Biżuteria","el amuleto","amulet"
"Joyería","Biżuteria","el talismán","talizman"
"Telas y Tejidos","Tkaniny i materiały","la tela","tkanina / materiał"
"Telas y Tejidos","Tkaniny i materiały","el tejido","tkactwo / materiał"
"Telas y Tejidos","Tkaniny i materiały","el algodón","bawełna"
"Telas y Tejidos","Tkaniny i materiały","la lana","wełna"
"Telas y Tejidos","Tkaniny i materiały","la seda","jedwab"
"Telas y Tejidos","Tkaniny i materiały","el lino","len"
"Telas y Tejidos","Tkaniny i materiały","el poliéster","poliester"
"Telas y Tejidos","Tkaniny i materiały","el nailon","nylon"
"Telas y Tejidos","Tkaniny i materiały","el terciopelo","aksamit"
"Telas y Tejidos","Tkaniny i materiały","la pana","sztruks"
"Telas y Tejidos","Tkaniny i materiały","el cuero","skóra (materiał)"
"Telas y Tejidos","Tkaniny i materiały","el ante","zamsz"
"Telas y Tejidos","Tkaniny i materiały","la mezclilla / el vaquero","jeans / dżins"
"Telas y Tejidos","Tkaniny i materiały","el encaje","koronka"
"Telas y Tejidos","Tkaniny i materiały","el tul","tiul"
"Telas y Tejidos","Tkaniny i materiały","el satén","satyna"
"Telas y Tejidos","Tkaniny i materiały","la gasa","gaza / szyfon"
"Telas y Tejidos","Tkaniny i materiały","la lycra","lycra"
"Telas y Tejidos","Tkaniny i materiały","el fieltro","filc"
"Telas y Tejidos","Tkaniny i materiały","la franela","flanela"
"Telas y Tejidos","Tkaniny i materiały","el cachemir","kaszmir"
"Telas y Tejidos","Tkaniny i materiały","el acrílico","akryl"
"Telas y Tejidos","Tkaniny i materiały","la viscosa","wiskoza"
"Telas y Tejidos","Tkaniny i materiały","el rayón","sztuczny jedwab / wiskoza"
"Telas y Tejidos","Tkaniny i materiały","tejer","tkać / robić na drutach"
"Telas y Tejidos","Tkaniny i materiały","coser","szyć"
"Telas y Tejidos","Tkaniny i materiały","bordar","haftować"
"Telas y Tejidos","Tkaniny i materiały","el hilo","nić"
"Telas y Tejidos","Tkaniny i materiały","la aguja","igła"
"Telas y Tejidos","Tkaniny i materiały","el patrón","wzór (krawiecki)"
"Telas y Tejidos","Tkaniny i materiały","suave","miękki / gładki"
"Telas y Tejidos","Tkaniny i materiały","áspero","szorstki"
"Telas y Tejidos","Tkaniny i materiały","grueso","gruby (o materiale)"
"Telas y Tejidos","Tkaniny i materiały","fino","cienki / delikatny"
"Telas y Tejidos","Tkaniny i materiały","transparente","przezroczysty"
"Telas y Tejidos","Tkaniny i materiały","elástico","elastyczny"
"Telas y Tejidos","Tkaniny i materiały","resistente","wytrzymały"
"Telas y Tejidos","Tkaniny i materiały","el tinte","barwnik"
"Telas y Tejidos","Tkaniny i materiały","teñir","farbować (materiał)"
"Telas y Tejidos","Tkaniny i materiały","estampado","wzorzysty / z nadrukiem"
"Telas y Tejidos","Tkaniny i materiały","liso","gładki / jednolity (bez wzoru)"
"Telas y Tejidos","Tkaniny i materiały","a rayas","w paski"
"Telas y Tejidos","Tkaniny i materiały","a cuadros","w kratkę"
"Telas y Tejidos","Tkaniny i materiały","de lunares","w grochy"
"Telas y Tejidos","Tkaniny i materiały","el metro","metr (bieżący)"
"Telas y Tejidos","Tkaniny i materiały","la textura","tekstura / faktura"
"Telas y Tejidos","Tkaniny i materiały","la fibra","włókno"
"Telas y Tejidos","Tkaniny i materiały","la fibra sintética","włókno syntetyczne"
"Telas y Tejidos","Tkaniny i materiały","la costura","szew / szycie"
"Telas y Tejidos","Tkaniny i materiały","el retal","ścinka / resztka materiału"
"Partes de la Casa","Części domu","la casa","dom"
"Partes de la Casa","Części domu","el piso","mieszkanie / piętro"
"Partes de la Casa","Części domu","el apartamento","apartament"
"Partes de la Casa","Części domu","el edificio","budynek"
"Partes de la Casa","Części domu","la fachada","fasada / elewacja"
"Partes de la Casa","Części domu","el tejado","dach"
"Partes de la Casa","Części domu","la chimenea","komin / kominek"
"Partes de la Casa","Części domu","la pared","ściana"
"Partes de la Casa","Części domu","el suelo","podłoga / ziemia"
"Partes de la Casa","Części domu","el techo","sufit"
"Partes de la Casa","Części domu","la puerta","drzwi"
"Partes de la Casa","Części domu","la ventana","okno"
"Partes de la Casa","Części domu","el cristal","szyba"
"Partes de la Casa","Części domu","la persiana","roleta / żaluzja"
"Partes de la Casa","Części domu","el balcón","balkon"
"Partes de la Casa","Części domu","la terraza","taras"
"Partes de la Casa","Części domu","el pasillo","korytarz"
"Partes de la Casa","Części domu","el recibidor","przedpokój"
"Partes de la Casa","Części domu","el salón","salon"
"Partes de la Casa","Części domu","el comedor","jadalnia"
"Partes de la Casa","Części domu","la cocina","kuchnia"
"Partes de la Casa","Części domu","el dormitorio","sypialnia"
"Partes de la Casa","Części domu","el baño","łazienka"
"Partes de la Casa","Części domu","el aseo","toaleta (pomieszczenie)"
"Partes de la Casa","Części domu","el sótano","piwnica"
"Partes de la Casa","Części domu","el ático / la buhardilla","strych / poddasze"
"Partes de la Casa","Części domu","el garaje","garaż"
"Partes de la Casa","Części domu","el jardín","ogród"
"Partes de la Casa","Części domu","el patio","dziedziniec / podwórko"
"Partes de la Casa","Części domu","la escalera","schody"
"Partes de la Casa","Części domu","el escalón","stopień"
"Partes de la Casa","Części domu","el ascensor","winda"
"Partes de la Casa","Części domu","el timbre","dzwonek"
"Partes de la Casa","Części domu","la cerradura","zamek (w drzwiach)"
"Partes de la Casa","Części domu","la llave","klucz"
"Partes de la Casa","Części domu","la habitación","pokój"
"Partes de la Casa","Części domu","el cuarto","pokój / pomieszczenie"
"Partes de la Casa","Części domu","la despensa","spiżarnia"
"Partes de la Casa","Części domu","el lavadero","pralnia (w domu)"
"Partes de la Casa","Części domu","el trastero","schowek / graciarnia"
"Partes de la Casa","Części domu","la valla","ogrodzenie / płot"
"Partes de la Casa","Części domu","el porche","ganek"
"Partes de la Casa","Części domu","la entrada","wejście"
"Partes de la Casa","Części domu","la salida","wyjście"
"Partes de la Casa","Części domu","la planta baja","parter"
"Partes de la Casa","Części domu","el primer piso","pierwsze piętro"
"Partes de la Casa","Części domu","la baldosa","płytka podłogowa / kafel"
"Partes de la Casa","Części domu","el ladrillo","cegła"
"Partes de la Casa","Części domu","el cimiento","fundament"
"Partes de la Casa","Części domu","la viga","belka"
"El Jardín","Ogród","el jardín","ogród"
"El Jardín","Ogród","el césped","trawnik"
"El Jardín","Ogród","la hierba","trawa"
"El Jardín","Ogród","la planta","roślina"
"El Jardín","Ogród","la flor","kwiat"
"El Jardín","Ogród","la rosa","róża"
"El Jardín","Ogród","el tulipán","tulipan"
"El Jardín","Ogród","el clavel","goździk (kwiat)"
"El Jardín","Ogród","la margarita","stokrotka"
"El Jardín","Ogród","el arbusto","krzew"
"El Jardín","Ogród","el árbol","drzewo"
"El Jardín","Ogród","la rama","gałąź"
"El Jardín","Ogród","la hoja","liść"
"El Jardín","Ogród","la raíz","korzeń"
"El Jardín","Ogród","la semilla","nasiono"
"El Jardín","Ogród","la tierra","ziemia"
"El Jardín","Ogród","el abono","nawóz"
"El Jardín","Ogród","la maceta","doniczka"
"El Jardín","Ogród","la regadera","konewka"
"El Jardín","Ogród","la manguera","wąż ogrodowy"
"El Jardín","Ogród","el cortacésped","kosiarka"
"El Jardín","Ogród","las tijeras de podar","sekator"
"El Jardín","Ogród","la pala","łopata"
"El Jardín","Ogród","el rastrillo","grabie"
"El Jardín","Ogród","la azada","motyka"
"El Jardín","Ogród","la carretilla","taczka"
"El Jardín","Ogród","el invernadero","szklarnia"
"El Jardín","Ogród","el huerto","warzywniak / sad"
"El Jardín","Ogród","la fuente","fontanna"
"El Jardín","Ogród","el estanque","staw / oczko wodne"
"El Jardín","Ogród","el camino","ścieżka"
"El Jardín","Ogród","la valla","płot / ogrodzenie"
"El Jardín","Ogród","el seto","żywopłot"
"El Jardín","Ogród","la maleza / el abrojo","chwasty"
"El Jardín","Ogród","regar","podlewać"
"El Jardín","Ogród","plantar","sadzić"
"El Jardín","Ogród","sembrar","siać"
"El Jardín","Ogród","podar","przycinać (rośliny)"
"El Jardín","Ogród","cavar","kopać"
"El Jardín","Ogród","cortar el césped","kosić trawnik"
"El Jardín","Ogród","crecer","rosnąć"
"El Jardín","Ogród","florecer","kwitnąć"
"El Jardín","Ogród","marchitarse","więdnąć"
"El Jardín","Ogród","arrancar","wyrywać"
"El Jardín","Ogród","cultivar","uprawiać"
"El Jardín","Ogród","el jardinero","ogrodnik"
"El Jardín","Ogród","la primavera","wiosna"
"El Jardín","Ogród","el capullo","pąk"
"El Jardín","Ogród","el polen","pyłek"
"El Jardín","Ogród","la plaga","plaga / szkodniki"
"El Baño","Łazienka","el baño","łazienka (z wanną/prysznicem)"
"El Baño","Łazienka","el cuarto de baño","łazienka"
"El Baño","Łazienka","el aseo","ubikacja (często bez prysznica)"
"El Baño","Łazienka","la ducha","prysznic"
"El Baño","Łazienka","la bañera","wanna"
"El Baño","Łazienka","el lavabo","umywalka"
"El Baño","Łazienka","el váter / el inodoro","muszla klozetowa / toaleta"
"El Baño","Łazienka","el bidé","bidet"
"El Baño","Łazienka","el grifo","kran"
"El Baño","Łazienka","el desagüe","odpływ"
"El Baño","Łazienka","el espejo","lustro"
"El Baño","Łazienka","el azulejo","kafelek / glazura"
"El Baño","Łazienka","la toalla","ręcznik"
"El Baño","Łazienka","el albornoz","szlafrok"
"El Baño","Łazienka","la alfombrilla","dywanik łazienkowy"
"El Baño","Łazienka","la cortina de ducha","zasłona prysznicowa"
"El Baño","Łazienka","la mampara","kabina prysznicowa / ścianka"
"El Baño","Łazienka","el jabón","mydło"
"El Baño","Łazienka","el champú","szampon"
"El Baño","Łazienka","la esponja","gąbka"
"El Baño","Łazienka","el papel higiénico","papier toaletowy"
"El Baño","Łazienka","el cepillo de dientes","szczoteczka do zębów"
"El Baño","Łazienka","la pasta de dientes","pasta do zębów"
"El Baño","Łazienka","el enjuague bucal","płyn do płukania ust"
"El Baño","Łazienka","el hilo dental","nić dentystyczna"
"El Baño","Łazienka","el peine","grzebień"
"El Baño","Łazienka","el cepillo","szczotka (np. do włosów)"
"El Baño","Łazienka","el secador de pelo","suszarka do włosów"
"El Baño","Łazienka","la cuchilla de afeitar","maszynka do golenia"
"El Baño","Łazienka","la espuma de afeitar","pianka do golenia"
"El Baño","Łazienka","la loción","balsam"
"El Baño","Łazienka","el desodorante","dezodorant"
"El Baño","Łazienka","la báscula","waga (łazienkowa)"
"El Baño","Łazienka","el cubo de basura","kosz na śmieci"
"El Baño","Łazienka","tirar de la cadena","spuszczać wodę (w toalecie)"
"El Baño","Łazienka","lavarse","myć się"
"El Baño","Łazienka","ducharse","brać prysznic"
"El Baño","Łazienka","bañarse","kąpać się"
"El Baño","Łazienka","secarse","wycierać się / suszyć się"
"El Baño","Łazienka","peinarse","czesać się"
"El Baño","Łazienka","afeitarse","golić się"
"El Baño","Łazienka","maquillarse","malować się"
"El Baño","Łazienka","desmaquillarse","zmywać makijaż"
"El Baño","Łazienka","la higiene","higiena"
"El Baño","Łazienka","limpio","czysty"
"El Baño","Łazienka","sucio","brudny"
"El Baño","Łazienka","el agua caliente","gorąca woda"
"El Baño","Łazienka","el agua fría","zimna woda"
"El Baño","Łazienka","el fontanero","hydraulik"
"El Baño","Łazienka","el tapón","korek (do wanny/zlewu)"
"El Dormitorio","Sypialnia","el dormitorio","sypialnia"
"El Dormitorio","Sypialnia","la cama","łóżko"
"El Dormitorio","Sypialnia","el colchón","materac"
"El Dormitorio","Sypialnia","la almohada","poduszka (do spania)"
"El Dormitorio","Sypialnia","la sábana","prześcieradło"
"El Dormitorio","Sypialnia","la manta","koc"
"El Dormitorio","Sypialnia","el edredón","kołdra"
"El Dormitorio","Sypialnia","la funda","poszewka"
"El Dormitorio","Sypialnia","el cabecero","wezgłowie"
"El Dormitorio","Sypialnia","la mesita de noche","stolik nocny"
"El Dormitorio","Sypialnia","la lámpara","lampa"
"El Dormitorio","Sypialnia","el despertador","budzik"
"El Dormitorio","Sypialnia","el armario","szafa"
"El Dormitorio","Sypialnia","la percha","wieszak (do szafy)"
"El Dormitorio","Sypialnia","la cómoda","komoda"
"El Dormitorio","Sypialnia","el cajón","szuflada"
"El Dormitorio","Sypialnia","el espejo","lustro"
"El Dormitorio","Sypialnia","la alfombra","dywan"
"El Dormitorio","Sypialnia","la cortina","zasłona"
"El Dormitorio","Sypialnia","la persiana","roleta / żaluzja"
"El Dormitorio","Sypialnia","la ventana","okno"
"El Dormitorio","Sypialnia","la puerta","drzwi"
"El Dormitorio","Sypialnia","el interruptor","włącznik"
"El Dormitorio","Sypialnia","el enchufe","gniazdko"
"El Dormitorio","Sypialnia","el techo","sufit"
"El Dormitorio","Sypialnia","el suelo","podłoga"
"El Dormitorio","Sypialnia","la pared","ściana"
"El Dormitorio","Sypialnia","el pijama","piżama"
"El Dormitorio","Sypialnia","el camisón","koszula nocna"
"El Dormitorio","Sypialnia","las zapatillas de casa","kapcie"
"El Dormitorio","Sypialnia","dormir","spać"
"El Dormitorio","Sypialnia","despertar","budzić (się)"
"El Dormitorio","Sypialnia","roncar","chrapać"
"El Dormitorio","Sypialnia","soñar","śnić / marzyć"
"El Dormitorio","Sypialnia","el sueño","sen"
"El Dormitorio","Sypialnia","la pesadilla","koszmar"
"El Dormitorio","Sypialnia","descansar","odpoczywać"
"El Dormitorio","Sypialnia","hacer la cama","ścielić łóżko"
"El Dormitorio","Sypialnia","deshacer la cama","rozkładać łóżko"
"El Dormitorio","Sypialnia","la cuna","łóżeczko dziecięce"
"El Dormitorio","Sypialnia","la litera","łóżko piętrowe"
"El Dormitorio","Sypialnia","el cojín","poduszka (dekoracyjna)"
"El Dormitorio","Sypialnia","la colcha","narzuta"
"El Dormitorio","Sypialnia","el tocador","toaletka"
"El Dormitorio","Sypialnia","el joyero","szkatułka na biżuterię"
"El Dormitorio","Sypialnia","la ropa de cama","pościel"
"El Dormitorio","Sypialnia","apagar la luz","gasić światło"
"El Dormitorio","Sypialnia","encender la luz","zapalać światło"
"El Dormitorio","Sypialnia","el insomnio","bezsenność"
"El Dormitorio","Sypialnia","madrugar","wstawać wcześnie"
"El Salón","Salon","el salón","salon"
"El Salón","Salon","la sala de estar","pokój dzienny"
"El Salón","Salon","el sofá","kanapa"
"El Salón","Salon","el sillón","fotel"
"El Salón","Salon","la butaca","fotel (wypoczynkowy/teatralny)"
"El Salón","Salon","la mesa de centro","stolik kawowy"
"El Salón","Salon","el mueble","mebel"
"El Salón","Salon","la estantería","regał"
"El Salón","Salon","la televisión / la tele","telewizor / telewizja"
"El Salón","Salon","el mando a distancia","pilot"
"El Salón","Salon","la alfombra","dywan"
"El Salón","Salon","la cortina","zasłona"
"El Salón","Salon","el cuadro","obraz"
"El Salón","Salon","el póster","plakat"
"El Salón","Salon","el jarrón","wazon"
"El Salón","Salon","la planta","roślina"
"El Salón","Salon","el cojín","poduszka (ozdobna)"
"El Salón","Salon","la chimenea","kominek"
"El Salón","Salon","la leña","drewno na opał"
"El Salón","Salon","el fuego","ogień"
"El Salón","Salon","la lámpara de pie","lampa stojąca"
"El Salón","Salon","la lámpara de techo","lampa sufitowa"
"El Salón","Salon","sentarse","siadać"
"El Salón","Salon","descansar","odpoczywać"
"El Salón","Salon","ver la tele","oglądać telewizję"
"El Salón","Salon","charlar","rozmawiać / gadać"
"El Salón","Salon","el reposabrazos","podłokietnik"
"El Salón","Salon","el respaldo","oparcie"
"El Salón","Salon","el puf / el puff","pufa"
"El Salón","Salon","la vitrina","witryna (mebel)"
"El Salón","Salon","el reloj de pared","zegar ścienny"
"El Salón","Salon","la decoración","dekoracja"
"El Salón","Salon","decorar","dekorować"
"El Salón","Salon","el cenicero","popielniczka"
"El Salón","Salon","el radiador","kaloryfer"
"El Salón","Salon","el aire acondicionado","klimatyzacja"
"El Salón","Salon","el ventilador","wentylator"
"El Salón","Salon","la revista","magazyn / czasopismo"
"El Salón","Salon","el periódico","gazeta"
"El Salón","Salon","la mesa de comedor","stół w jadalni"
"El Salón","Salon","la silla","krzesło"
"El Salón","Salon","la manta","koc (na kanapę)"
"El Salón","Salon","la pantalla","ekran"
"El Salón","Salon","el equipo de música","wieża stereo"
"El Salón","Salon","el altavoz","głośnik"
"El Salón","Salon","acogedor","przytulny"
"El Salón","Salon","amplio","przestronny"
"El Salón","Salon","el sofá cama","sofa rozkładana"
"El Salón","Salon","recibir visitas","przyjmować gości"
"El Salón","Salon","el rincón","kąt / róg (pokoju)"
"Limpieza del Hogar","Sprzątanie domu","la limpieza","sprzątanie"
"Limpieza del Hogar","Sprzątanie domu","limpiar","czyścić / sprzątać"
"Limpieza del Hogar","Sprzątanie domu","ensuciar","brudzić"
"Limpieza del Hogar","Sprzątanie domu","barrer","zamiatać"
"Limpieza del Hogar","Sprzątanie domu","la escoba","miotła"
"Limpieza del Hogar","Sprzątanie domu","el recogedor","szufelka"
"Limpieza del Hogar","Sprzątanie domu","fregar","myć (podłogę/naczynia)"
"Limpieza del Hogar","Sprzątanie domu","la fregona","mop"
"Limpieza del Hogar","Sprzątanie domu","el cubo","wiadro"
"Limpieza del Hogar","Sprzątanie domu","el agua","woda"
"Limpieza del Hogar","Sprzątanie domu","el jabón","mydło"
"Limpieza del Hogar","Sprzątanie domu","el detergente","detergent"
"Limpieza del Hogar","Sprzątanie domu","la lejía","wybielacz"
"Limpieza del Hogar","Sprzątanie domu","el desinfectante","środek dezynfekujący"
"Limpieza del Hogar","Sprzątanie domu","el estropajo","druciak / szorstka gąbka"
"Limpieza del Hogar","Sprzątanie domu","la bayeta / el trapo","ścierka"
"Limpieza del Hogar","Sprzątanie domu","la esponja","gąbka"
"Limpieza del Hogar","Sprzątanie domu","aspirar","odkurzać"
"Limpieza del Hogar","Sprzątanie domu","la aspiradora","odkurzacz"
"Limpieza del Hogar","Sprzątanie domu","el polvo","kurz"
"Limpieza del Hogar","Sprzątanie domu","quitar el polvo","ścierać kurz"
"Limpieza del Hogar","Sprzątanie domu","el plumero","miotelka do kurzu"
"Limpieza del Hogar","Sprzątanie domu","planchar","prasować"
"Limpieza del Hogar","Sprzątanie domu","la plancha","żelazko"
"Limpieza del Hogar","Sprzątanie domu","la tabla de planchar","deska do prasowania"
"Limpieza del Hogar","Sprzątanie domu","lavar","myć / prać"
"Limpieza del Hogar","Sprzątanie domu","la lavadora","pralka"
"Limpieza del Hogar","Sprzątanie domu","tender la ropa","rozwieszać pranie"
"Limpieza del Hogar","Sprzątanie domu","la pinza","klammerka (do prania)"
"Limpieza del Hogar","Sprzątanie domu","el tendedero","suszarka na pranie (stojak)"
"Limpieza del Hogar","Sprzątanie domu","secar","suszyć"
"Limpieza del Hogar","Sprzątanie domu","la secadora","suszarka (do ubrań)"
"Limpieza del Hogar","Sprzątanie domu","el lavavajillas","zmywarka"
"Limpieza del Hogar","Sprzątanie domu","la basura","śmieci"
"Limpieza del Hogar","Sprzątanie domu","el cubo de basura","kosz na śmieci"
"Limpieza del Hogar","Sprzątanie domu","reciclar","recyklingować"
"Limpieza del Hogar","Sprzątanie domu","la bolsa de basura","worek na śmieci"
"Limpieza del Hogar","Sprzątanie domu","ordenar","porządkować"
"Limpieza del Hogar","Sprzątanie domu","recoger","zbierać / sprzątać"
"Limpieza del Hogar","Sprzątanie domu","el desorden","bałagan"
"Limpieza del Hogar","Sprzątanie domu","el orden","porządek"
"Limpieza del Hogar","Sprzątanie domu","sucio","brudny"
"Limpieza del Hogar","Sprzątanie domu","limpio","czysty"
"Limpieza del Hogar","Sprzątanie domu","manchar","plamić"
"Limpieza del Hogar","Sprzątanie domu","la mancha","plama"
"Limpieza del Hogar","Sprzątanie domu","el quitamanchas","odplamiacz"
"Limpieza del Hogar","Sprzątanie domu","ventilar","wietrzyć"
"Limpieza del Hogar","Sprzątanie domu","el cristal","szyba / szkło"
"Limpieza del Hogar","Sprzątanie domu","el limpiacristales","płyn do szyb"
"Limpieza del Hogar","Sprzątanie domu","el cepillo","szczotka"
"Mascotas","Zwierzęta domowe","la mascota","zwierzę domowe"
"Mascotas","Zwierzęta domowe","el perro","pies"
"Mascotas","Zwierzęta domowe","el gato","kot"
"Mascotas","Zwierzęta domowe","el cachorro","szczeniak / młode"
"Mascotas","Zwierzęta domowe","el gatito","kociak"
"Mascotas","Zwierzęta domowe","ladrar","szczekać"
"Mascotas","Zwierzęta domowe","maullar","miauczeć"
"Mascotas","Zwierzęta domowe","morder","gryźć"
"Mascotas","Zwierzęta domowe","arañar","drapać"
"Mascotas","Zwierzęta domowe","el collar","obroża"
"Mascotas","Zwierzęta domowe","la correa","smycz"
"Mascotas","Zwierzęta domowe","el bozal","kaganiec"
"Mascotas","Zwierzęta domowe","el hueso","kość"
"Mascotas","Zwierzęta domowe","el pienso","sucha karma"
"Mascotas","Zwierzęta domowe","el comedero","miska na jedzenie"
"Mascotas","Zwierzęta domowe","el bebedero","miska na wodę"
"Mascotas","Zwierzęta domowe","la cama","legowisko"
"Mascotas","Zwierzęta domowe","la jaula","klatka"
"Mascotas","Zwierzęta domowe","el pájaro","ptak"
"Mascotas","Zwierzęta domowe","el loro","papuga"
"Mascotas","Zwierzęta domowe","el canario","kanarek"
"Mascotas","Zwierzęta domowe","el pez","rybka"
"Mascotas","Zwierzęta domowe","el acuario / la pecera","akwarium"
"Mascotas","Zwierzęta domowe","el hámster","chomik"
"Mascotas","Zwierzęta domowe","la cobaya","świnka morska"
"Mascotas","Zwierzęta domowe","el conejo","królik"
"Mascotas","Zwierzęta domowe","el ratón","mysz"
"Mascotas","Zwierzęta domowe","la tortuga","żółw"
"Mascotas","Zwierzęta domowe","el lagarto","jaszczurka"
"Mascotas","Zwierzęta domowe","la serpiente","wąż"
"Mascotas","Zwierzęta domowe","el veterinario","weterynarz"
"Mascotas","Zwierzęta domowe","la vacuna","szczepionka"
"Mascotas","Zwierzęta domowe","vacunar","szczepić"
"Mascotas","Zwierzęta domowe","acariciar","głaskać"
"Mascotas","Zwierzęta domowe","el pelo","sierść / włosy"
"Mascotas","Zwierzęta domowe","soltar pelo","gubić sierść / linieć"
"Mascotas","Zwierzęta domowe","cepillar","szczotkować"
"Mascotas","Zwierzęta domowe","pasear (al perro)","wyprowadzać (psa)"
"Mascotas","Zwierzęta domowe","el juguete","zabawka"
"Mascotas","Zwierzęta domowe","la arena (para gatos)","żwirek (dla kotów)"
"Mascotas","Zwierzęta domowe","el arenero","kuweta"
"Mascotas","Zwierzęta domowe","la pulga","pchła"
"Mascotas","Zwierzęta domowe","la garrapata","kleszcz"
"Mascotas","Zwierzęta domowe","el microchip","czip"
"Mascotas","Zwierzęta domowe","la raza","rasa"
"Mascotas","Zwierzęta domowe","de pura raza","rasowy"
"Mascotas","Zwierzęta domowe","el mestizo","kundel / mieszaniec"
"Mascotas","Zwierzęta domowe","adoptar","adoptować"
"Mascotas","Zwierzęta domowe","la adopción","adopcja"
"Mascotas","Zwierzęta domowe","domesticar","oswoić"
"Animales Salvajes","Zwierzęta dzikie","el animal salvaje","dzikie zwierzę"
"Animales Salvajes","Zwierzęta dzikie","el león","lew"
"Animales Salvajes","Zwierzęta dzikie","el tigre","tygrys"
"Animales Salvajes","Zwierzęta dzikie","el leopardo","leopard"
"Animales Salvajes","Zwierzęta dzikie","el guepardo","gepard"
"Animales Salvajes","Zwierzęta dzikie","el elefante","słoń"
"Animales Salvajes","Zwierzęta dzikie","el rinoceronte","nosorożec"
"Animales Salvajes","Zwierzęta dzikie","el hipopótamo","hipopotam"
"Animales Salvajes","Zwierzęta dzikie","la jirafa","żyrafa"
"Animales Salvajes","Zwierzęta dzikie","la cebra","zebra"
"Animales Salvajes","Zwierzęta dzikie","el mono","małpa"
"Animales Salvajes","Zwierzęta dzikie","el gorila","goryl"
"Animales Salvajes","Zwierzęta dzikie","el chimpancé","szympans"
"Animales Salvajes","Zwierzęta dzikie","el oso","niedźwiedź"
"Animales Salvajes","Zwierzęta dzikie","el oso polar","niedźwiedź polarny"
"Animales Salvajes","Zwierzęta dzikie","el oso panda","panda"
"Animales Salvajes","Zwierzęta dzikie","el lobo","wilk"
"Animales Salvajes","Zwierzęta dzikie","el zorro","lis"
"Animales Salvajes","Zwierzęta dzikie","el ciervo","jeleń"
"Animales Salvajes","Zwierzęta dzikie","el alce","łoś"
"Animales Salvajes","Zwierzęta dzikie","el jabalí","dzik"
"Animales Salvajes","Zwierzęta dzikie","el canguro","kangur"
"Animales Salvajes","Zwierzęta dzikie","el koala","koala"
"Animales Salvajes","Zwierzęta dzikie","el camello","wielbłąd"
"Animales Salvajes","Zwierzęta dzikie","el dromedario","dromader"
"Animales Salvajes","Zwierzęta dzikie","el cocodrilo","krokodyl"
"Animales Salvajes","Zwierzęta dzikie","el caimán","kajman"
"Animales Salvajes","Zwierzęta dzikie","la serpiente","wąż"
"Animales Salvajes","Zwierzęta dzikie","la cobra","kobra"
"Animales Salvajes","Zwierzęta dzikie","la pitón","pyton"
"Animales Salvajes","Zwierzęta dzikie","la rana","żaba"
"Animales Salvajes","Zwierzęta dzikie","el sapo","ropucha"
"Animales Salvajes","Zwierzęta dzikie","el murciélago","nietoperz"
"Animales Salvajes","Zwierzęta dzikie","la ardilla","wiewiórka"
"Animales Salvajes","Zwierzęta dzikie","el castor","bóbr"
"Animales Salvajes","Zwierzęta dzikie","el águila","orzeł"
"Animales Salvajes","Zwierzęta dzikie","el halcón","sokół"
"Animales Salvajes","Zwierzęta dzikie","el buitre","sęp"
"Animales Salvajes","Zwierzęta dzikie","el avestruz","struś"
"Animales Salvajes","Zwierzęta dzikie","el pingüino","pingwin"
"Animales Salvajes","Zwierzęta dzikie","la selva","dżungla / puszcza"
"Animales Salvajes","Zwierzęta dzikie","el bosque","las"
"Animales Salvajes","Zwierzęta dzikie","la sabana","sawanna"
"Animales Salvajes","Zwierzęta dzikie","el zoológico / el zoo","zoo"
"Animales Salvajes","Zwierzęta dzikie","cazar","polować"
"Animales Salvajes","Zwierzęta dzikie","el cazador","myśliwy"
"Animales Salvajes","Zwierzęta dzikie","la presa","ofiara / zdobycz"
"Animales Salvajes","Zwierzęta dzikie","el depredador","drapieżnik"
"Animales Salvajes","Zwierzęta dzikie","en peligro de extinción","zagrożony wyginięciem"
"Animales Salvajes","Zwierzęta dzikie","el hábitat","siedlisko / środowisko naturalne"
"Aves","Ptaki","el ave / el pájaro","ptak"
"Aves","Ptaki","el águila","orzeł"
"Aves","Ptaki","el halcón","sokół"
"Aves","Ptaki","el búho","sowa / puchacz"
"Aves","Ptaki","la lechuza","sowa płomykówka"
"Aves","Ptaki","el cuervo","kruk / wrona"
"Aves","Ptaki","la paloma","gołąb"
"Aves","Ptaki","el cisne","łabędź"
"Aves","Ptaki","el pato","kaczka"
"Aves","Ptaki","el ganso","gęś"
"Aves","Ptaki","el pingüino","pingwin"
"Aves","Ptaki","el avestruz","struś"
"Aves","Ptaki","el loro","papuga"
"Aves","Ptaki","la cotorra","papużka"
"Aves","Ptaki","el canario","kanarek"
"Aves","Ptaki","el jilguero","szczygieł"
"Aves","Ptaki","el ruiseñor","słowik"
"Aves","Ptaki","el gorrión","wróbel"
"Aves","Ptaki","la golondrina","jaskółka"
"Aves","Ptaki","la cigüeña","bocian"
"Aves","Ptaki","el flamenco","flaming"
"Aves","Ptaki","el pelícano","pelikan"
"Aves","Ptaki","la gaviota","mewa"
"Aves","Ptaki","el albatros","albatros"
"Aves","Ptaki","el pavo real","paw"
"Aves","Ptaki","el pavo","indyk"
"Aves","Ptaki","la gallina","kura"
"Aves","Ptaki","el gallo","kogut"
"Aves","Ptaki","el pollito","kurczak / pisklę"
"Aves","Ptaki","el colibrí","koliber"
"Aves","Ptaki","el tucán","tukan"
"Aves","Ptaki","el pájaro carpintero","dzięcioł"
"Aves","Ptaki","el Martín pescador","zimorodek"
"Aves","Ptaki","el nido","gniazdo"
"Aves","Ptaki","la pluma","pióro"
"Aves","Ptaki","el pico","dziób"
"Aves","Ptaki","el ala","skrzydło"
"Aves","Ptaki","volar","latać"
"Aves","Ptaki","piar","ćwierkać / piszczeć"
"Aves","Ptaki","el canto","śpiew"
"Aves","Ptaki","cantar","śpiewać"
"Aves","Ptaki","poner un huevo","znieść jajko"
"Aves","Ptaki","el huevo","jajko"
"Aves","Ptaki","la cáscara","skorupka"
"Aves","Ptaki","el polluelo","pisklę"
"Aves","Ptaki","la bandada","stado (ptaków)"
"Aves","Ptaki","emigrar","emigrować / odlatywać"
"Aves","Ptaki","la jaula","klatka"
"Aves","Ptaki","el comedero","karmnik"
"Aves","Ptaki","el plumaje","upierzenie"
"Insectos","Owady","el insecto","owad"
"Insectos","Owady","el bicho","robal / żyjątko"
"Insectos","Owady","la mosca","mucha"
"Insectos","Owady","el mosquito","komar"
"Insectos","Owady","la abeja","pszczoła"
"Insectos","Owady","la avispa","osa"
"Insectos","Owady","la hormiga","mrówka"
"Insectos","Owady","la araña","pająk"
"Insectos","Owady","la mariposa","motyl"
"Insectos","Owady","la polilla","ćma / mól"
"Insectos","Owady","el escarabajo","chrząszcz / żuk"
"Insectos","Owady","la mariquita","biedronka"
"Insectos","Owady","el saltamontes","konik polny"
"Insectos","Owady","el grillo","świerszcz"
"Insectos","Owady","la cucaracha","karaluch"
"Insectos","Owady","el ciempiés","stonoga"
"Insectos","Owady","el gusano","robak / dżdżownica"
"Insectos","Owady","la oruga","gąsienica"
"Insectos","Owady","la libélula","ważka"
"Insectos","Owady","la mantis religiosa","modliszka"
"Insectos","Owady","la pulga","pchła"
"Insectos","Owady","la garrapata","kleszcz"
"Insectos","Owady","el piojo","wesz"
"Insectos","Owady","la chinche","pluskwa"
"Insectos","Owady","el escorpión / el alacrán","skorpion"
"Insectos","Owady","el caracol","ślimak"
"Insectos","Owady","la babosa","śliźniak"
"Insectos","Owady","la tela de araña","pajęczyna"
"Insectos","Owady","picar","żądlić / gryźć (o owadzie)"
"Insectos","Owady","la picadura","ukąszenie / użądlenie"
"Insectos","Owady","zumbar","bzyczeć"
"Insectos","Owady","el zumbido","bzyczenie"
"Insectos","Owady","el enjambre","rój"
"Insectos","Owady","la colmena","ul"
"Insectos","Owady","la miel","miód"
"Insectos","Owady","el polen","pyłek"
"Insectos","Owady","polinizar","zapylać"
"Insectos","Owady","la antena","czułek"
"Insectos","Owady","arrastrarse","pełzać"
"Insectos","Owady","la larva","larwa"
"Insectos","Owady","el capullo","kokon"
"Insectos","Owady","venenoso","jadowity / trujący"
"Insectos","Owady","la plaga","plaga / szkodniki"
"Insectos","Owady","el repelente","środek odstraszający (repelent)"
"Insectos","Owady","el insecticida","środek owadobójczy"
"Insectos","Owady","aplastar","rozgnieść"
"Insectos","Owady","molesto","irytujący / uciążliwy"
"Insectos","Owady","el aguijón","żądło"
"Insectos","Owady","el hormiguero","mrowisko"
"Insectos","Owady","inofensivo","nieszkodliwy"
"Animales Marinos","Zwierzęta morskie","el animal marino","zwierzę morskie"
"Animales Marinos","Zwierzęta morskie","el pez","ryba (żywa)"
"Animales Marinos","Zwierzęta morskie","el tiburón","rekin"
"Animales Marinos","Zwierzęta morskie","la ballena","wieloryb"
"Animales Marinos","Zwierzęta morskie","el delfín","delfin"
"Animales Marinos","Zwierzęta morskie","la orca","orka"
"Animales Marinos","Zwierzęta morskie","el pulpo","ośmiornica"
"Animales Marinos","Zwierzęta morskie","el calamar","kałamarnica"
"Animales Marinos","Zwierzęta morskie","la medusa","meduza"
"Animales Marinos","Zwierzęta morskie","la estrella de mar","rozgwiazda"
"Animales Marinos","Zwierzęta morskie","el caballito de mar","konik morski"
"Animales Marinos","Zwierzęta morskie","la tortuga marina","żółw morski"
"Animales Marinos","Zwierzęta morskie","el cangrejo","krab"
"Animales Marinos","Zwierzęta morskie","la langosta","homar / langusta"
"Animales Marinos","Zwierzęta morskie","la gamba","krewetka (mała)"
"Animales Marinos","Zwierzęta morskie","el langostino","krewetka (duża)"
"Animales Marinos","Zwierzęta morskie","la ostra","ostryga"
"Animales Marinos","Zwierzęta morskie","el mejillón","omułek"
"Animales Marinos","Zwierzęta morskie","la almeja","małż"
"Animales Marinos","Zwierzęta morskie","el caracol de mar","ślimak morski"
"Animales Marinos","Zwierzęta morskie","la foca","foka"
"Animales Marinos","Zwierzęta morskie","la morsa","mors"
"Animales Marinos","Zwierzęta morskie","el león marino","lew morski"
"Animales Marinos","Zwierzęta morskie","el manatí","manat"
"Animales Marinos","Zwierzęta morskie","la raya","płaszczka"
"Animales Marinos","Zwierzęta morskie","el pez espada","miecznik"
"Animales Marinos","Zwierzęta morskie","el pez payaso","błazenek (rybka)"
"Animales Marinos","Zwierzęta morskie","el coral","koral"
"Animales Marinos","Zwierzęta morskie","el arrecife","rafa (koralowa)"
"Animales Marinos","Zwierzęta morskie","la concha","muszla"
"Animales Marinos","Zwierzęta morskie","la aleta","płetwa"
"Animales Marinos","Zwierzęta morskie","las agallas","skrzela"
"Animales Marinos","Zwierzęta morskie","la escama","łuska"
"Animales Marinos","Zwierzęta morskie","la cola","ogon"
"Animales Marinos","Zwierzęta morskie","el océano","ocean"
"Animales Marinos","Zwierzęta morskie","el mar","morze"
"Animales Marinos","Zwierzęta morskie","nadar","pływać"
"Animales Marinos","Zwierzęta morskie","bucear","nurkować"
"Animales Marinos","Zwierzęta morskie","sumergirse","zanurzać się"
"Animales Marinos","Zwierzęta morskie","el acuario","akwarium (budynek / zbiornik)"
"Animales Marinos","Zwierzęta morskie","el plancton","plankton"
"Animales Marinos","Zwierzęta morskie","el alga","glon / alga"
"Animales Marinos","Zwierzęta morskie","salado","słony"
"Animales Marinos","Zwierzęta morskie","la profundidad","głębia / głębokość"
"Animales Marinos","Zwierzęta morskie","la marea","pływ (przypływ/odpływ)"
"Animales Marinos","Zwierzęta morskie","la ola","fala"
"Animales Marinos","Zwierzęta morskie","la costa","wybrzeże"
"Animales Marinos","Zwierzęta morskie","el tentáculo","macka"
"Animales Marinos","Zwierzęta morskie","el caparazón","pancerz / skorupa"
"Animales Marinos","Zwierzęta morskie","la anémona","ukwiał"
"Árboles","Drzewa","el árbol","drzewo"
"Árboles","Drzewa","el tronco","pień"
"Árboles","Drzewa","la rama","gałąź"
"Árboles","Drzewa","la hoja","liść"
"Árboles","Drzewa","la raíz","korzeń"
"Árboles","Drzewa","la corteza","kora"
"Árboles","Drzewa","la savia","sok (drzewny)"
"Árboles","Drzewa","el roble","dąb"
"Árboles","Drzewa","el pino","sosna"
"Árboles","Drzewa","el abeto","jodła"
"Árboles","Drzewa","el haya","buk"
"Árboles","Drzewa","el abedul","brzoza"
"Árboles","Drzewa","el sauce","wierzba"
"Árboles","Drzewa","el sauce llorón","wierzba płacząca"
"Árboles","Drzewa","el álamo","topola"
"Árboles","Drzewa","el fresno","jesion"
"Árboles","Drzewa","el olmo","wiąz"
"Árboles","Drzewa","el arce","klon"
"Árboles","Drzewa","el castaño","kasztanowiec"
"Árboles","Drzewa","el nogal","orzech (drzewo)"
"Árboles","Drzewa","el almendro","migdałowiec"
"Árboles","Drzewa","el olivo","drzewo oliwne / oliwka"
"Árboles","Drzewa","el manzano","jabłoń"
"Árboles","Drzewa","el peral","grusza"
"Árboles","Drzewa","el ciruelo","śliwa"
"Árboles","Drzewa","el cerezo","czereśnia / wiśnia (drzewo)"
"Árboles","Drzewa","el limonero","drzewo cytrynowe"
"Árboles","Drzewa","el naranjo","drzewo pomarańczowe"
"Árboles","Drzewa","el melocotonero","brzoskwinia (drzewo)"
"Árboles","Drzewa","la palmera","palma"
"Árboles","Drzewa","el eucalipto","eukaliptus"
"Árboles","Drzewa","el baobab","baobab"
"Árboles","Drzewa","el bonsái","bonsai"
"Árboles","Drzewa","el bosque","las"
"Árboles","Drzewa","la selva","puszcza / dżungla"
"Árboles","Drzewa","plantar","sadzić"
"Árboles","Drzewa","talar","ścinać (drzewa)"
"Árboles","Drzewa","la madera","drewno"
"Árboles","Drzewa","la leña","drewno na opał"
"Árboles","Drzewa","el tocón","pniak"
"Árboles","Drzewa","el bosque de coníferas","las iglasty"
"Árboles","Drzewa","el bosque de hoja caduca","las liściasty"
"Árboles","Drzewa","la hoja perenne","liść zimozielony"
"Árboles","Drzewa","la hoja caduca","liść opadający"
"Árboles","Drzewa","dar sombra","dawać cień"
"Árboles","Drzewa","el fruto","owoc"
"Árboles","Drzewa","la semilla","nasiono"
"Árboles","Drzewa","la piña","szyszka / ananas"
"Árboles","Drzewa","florecer","kwitnąć"
"Árboles","Drzewa","el follaje","listowie / korona drzewa"
"Flores","Kwiaty","la flor","kwiat"
"Flores","Kwiaty","el pétalo","płatek"
"Flores","Kwiaty","el tallo","łodyga"
"Flores","Kwiaty","la espina","kolec"
"Flores","Kwiaty","la hoja","liść"
"Flores","Kwiaty","el capullo","pąk"
"Flores","Kwiaty","el polen","pyłek"
"Flores","Kwiaty","el néctar","nektar"
"Flores","Kwiaty","la rosa","róża"
"Flores","Kwiaty","el tulipán","tulipan"
"Flores","Kwiaty","la margarita","stokrotka / margaretka"
"Flores","Kwiaty","el clavel","goździk"
"Flores","Kwiaty","el girasol","słonecznik"
"Flores","Kwiaty","la orquídea","orchidea / storczyk"
"Flores","Kwiaty","el lirio","lilia / irys"
"Flores","Kwiaty","la azucena","lilia (biała)"
"Flores","Kwiaty","la violeta","fiołek"
"Flores","Kwiaty","el pensamiento","bratek"
"Flores","Kwiaty","la amapola","mak"
"Flores","Kwiaty","el jazmín","jaśmin"
"Flores","Kwiaty","la lavanda","lawenda"
"Flores","Kwiaty","la lila","bez (lilak)"
"Flores","Kwiaty","la camelia","kamelia"
"Flores","Kwiaty","el loto","lotos"
"Flores","Kwiaty","la peonía","piwonia"
"Flores","Kwiaty","el narciso","narcyz"
"Flores","Kwiaty","el crisantemo","chryzantema"
"Flores","Kwiaty","el diente de león","mniszek lekarski (mlecz)"
"Flores","Kwiaty","la begonia","begonia"
"Flores","Kwiaty","el geranio","pelargonia / geranium"
"Flores","Kwiaty","la dalia","dalia"
"Flores","Kwiaty","el gladiolo","mieczyk (gladiola)"
"Flores","Kwiaty","la anémona","zawilec (anemon)"
"Flores","Kwiaty","la magnolia","magnolia"
"Flores","Kwiaty","el hibisco","hibiskus"
"Flores","Kwiaty","florecer","kwitnąć"
"Flores","Kwiaty","marchitarse","więdnąć"
"Flores","Kwiaty","oler","pachnieć / wąchać"
"Flores","Kwiaty","el aroma","aromat / zapach"
"Flores","Kwiaty","el ramo","bukiet"
"Flores","Kwiaty","el florero / el jarrón","wazon"
"Flores","Kwiaty","plantar","sadzić"
"Flores","Kwiaty","regar","podlewać"
"Flores","Kwiaty","el jardín","ogród"
"Flores","Kwiaty","la maceta","doniczka"
"Flores","Kwiaty","la floristería","kwiaciarnia"
"Flores","Kwiaty","el florista","florysta / kwiaciarz"
"Flores","Kwiaty","silvestre","dziki / polny"
"Flores","Kwiaty","cultivar","uprawiać (rośliny)"
"Flores","Kwiaty","la corona de flores","wieniec z kwiatów"
"Accidentes Geográficos","Ukształtowanie terenu","el accidente geográfico","ukształtowanie terenu"
"Accidentes Geográficos","Ukształtowanie terenu","la montaña","góra"
"Accidentes Geográficos","Ukształtowanie terenu","la cordillera","łańcuch górski"
"Accidentes Geográficos","Ukształtowanie terenu","el volcán","wulkan"
"Accidentes Geográficos","Ukształtowanie terenu","la colina / el cerro","wzgórze"
"Accidentes Geográficos","Ukształtowanie terenu","el valle","dolina"
"Accidentes Geográficos","Ukształtowanie terenu","la llanura","równina"
"Accidentes Geográficos","Ukształtowanie terenu","la meseta","płaskowyż"
"Accidentes Geográficos","Ukształtowanie terenu","el cañón","kanion / wąwóz"
"Accidentes Geográficos","Ukształtowanie terenu","el barranco","jar / wąwóz"
"Accidentes Geográficos","Ukształtowanie terenu","el precipicio","przepaść"
"Accidentes Geográficos","Ukształtowanie terenu","el acantilado","klif"
"Accidentes Geográficos","Ukształtowanie terenu","la costa","wybrzeże"
"Accidentes Geográficos","Ukształtowanie terenu","la playa","plaża"
"Accidentes Geográficos","Ukształtowanie terenu","el cabo","przylądek"
"Accidentes Geográficos","Ukształtowanie terenu","la península","półwysep"
"Accidentes Geográficos","Ukształtowanie terenu","el istmo","przesmyk"
"Accidentes Geográficos","Ukształtowanie terenu","la isla","wyspa"
"Accidentes Geográficos","Ukształtowanie terenu","el archipiélago","archipelag"
"Accidentes Geográficos","Ukształtowanie terenu","el golfo","zatoka (duża)"
"Accidentes Geográficos","Ukształtowanie terenu","la bahía","zatoka (mniejsza)"
"Accidentes Geográficos","Ukształtowanie terenu","la cala","zatoczka"
"Accidentes Geográficos","Ukształtowanie terenu","el estrecho","cieśnina"
"Accidentes Geográficos","Ukształtowanie terenu","el océano","ocean"
"Accidentes Geográficos","Ukształtowanie terenu","el mar","morze"
"Accidentes Geográficos","Ukształtowanie terenu","el lago","jezioro"
"Accidentes Geográficos","Ukształtowanie terenu","la laguna","laguna / jeziorko"
"Accidentes Geográficos","Ukształtowanie terenu","el río","rzeka"
"Accidentes Geográficos","Ukształtowanie terenu","el arroyo","strumień"
"Accidentes Geográficos","Ukształtowanie terenu","el manantial","źródło"
"Accidentes Geográficos","Ukształtowanie terenu","la cascada / la catarata","wodospad"
"Accidentes Geográficos","Ukształtowanie terenu","el delta","delta (rzeki)"
"Accidentes Geográficos","Ukształtowanie terenu","el estuario","estuarium"
"Accidentes Geográficos","Ukształtowanie terenu","el pantano / la marisma","bagno / moczary"
"Accidentes Geográficos","Ukształtowanie terenu","el glaciar","lodowiec"
"Accidentes Geográficos","Ukształtowanie terenu","el fiordo","fiord"
"Accidentes Geográficos","Ukształtowanie terenu","el desierto","pustynia"
"Accidentes Geográficos","Ukształtowanie terenu","el oasis","oaza"
"Accidentes Geográficos","Ukształtowanie terenu","la duna","wydma"
"Accidentes Geográficos","Ukształtowanie terenu","la selva","dżungla"
"Accidentes Geográficos","Ukształtowanie terenu","el bosque","las"
"Accidentes Geográficos","Ukształtowanie terenu","la cueva / la caverna","jaskinia"
"Accidentes Geográficos","Ukształtowanie terenu","la sima","rozpadlina"
"Accidentes Geográficos","Ukształtowanie terenu","el pico / la cima","szczyt (góry)"
"Accidentes Geográficos","Ukształtowanie terenu","la ladera","zbocze"
"Accidentes Geográficos","Ukształtowanie terenu","la falda (de la montaña)","podnóże (góry)"
"Accidentes Geográficos","Ukształtowanie terenu","el cráter","krater"
"Accidentes Geográficos","Ukształtowanie terenu","el arrecife","rafa"
"Accidentes Geográficos","Ukształtowanie terenu","el atolón","atol"
"Accidentes Geográficos","Ukształtowanie terenu","la depresión","depresja (terenowa)"
"Catástrofes Naturales","Katastrofy naturalne","la catástrofe natural","katastrofa naturalna"
"Catástrofes Naturales","Katastrofy naturalne","el desastre","katastrofa / klęska"
"Catástrofes Naturales","Katastrofy naturalne","el terremoto / el seísmo","trzęsienie ziemi"
"Catástrofes Naturales","Katastrofy naturalne","el temblor","wstrząs"
"Catástrofes Naturales","Katastrofy naturalne","la réplica","wstrząs wtórny"
"Catástrofes Naturales","Katastrofy naturalne","el epicentro","epicentrum"
"Catástrofes Naturales","Katastrofy naturalne","la magnitud","magnituda / siła"
"Catástrofes Naturales","Katastrofy naturalne","el maremoto","trzęsienie ziemi pod wodą"
"Catástrofes Naturales","Katastrofy naturalne","el tsunami","tsunami"
"Catástrofes Naturales","Katastrofy naturalne","la erupción volcánica","erupcja wulkanu"
"Catástrofes Naturales","Katastrofy naturalne","la lava","lawa"
"Catástrofes Naturales","Katastrofy naturalne","la ceniza","popiół"
"Catástrofes Naturales","Katastrofy naturalne","el huracán","huragan"
"Catástrofes Naturales","Katastrofy naturalne","el tornado","tornado"
"Catástrofes Naturales","Katastrofy naturalne","el tifón","tajfun"
"Catástrofes Naturales","Katastrofy naturalne","el ciclón","cyklon"
"Catástrofes Naturales","Katastrofy naturalne","la tormenta","burza"
"Catástrofes Naturales","Katastrofy naturalne","la tormenta tropical","burza tropikalna"
"Catástrofes Naturales","Katastrofy naturalne","la tormenta de arena","burza piaskowa"
"Catástrofes Naturales","Katastrofy naturalne","la tormenta de nieve","burza śnieżna"
"Catástrofes Naturales","Katastrofy naturalne","la ventisca","zamieć"
"Catástrofes Naturales","Katastrofy naturalne","el granizo / la granizada","grad / gradobicie"
"Catástrofes Naturales","Katastrofy naturalne","la inundación","powódź"
"Catástrofes Naturales","Katastrofy naturalne","desbordarse","wystąpić z brzegów"
"Catástrofes Naturales","Katastrofy naturalne","la sequía","susza"
"Catástrofes Naturales","Katastrofy naturalne","el incendio forestal","pożar lasu"
"Catástrofes Naturales","Katastrofy naturalne","la avalancha / el alud","lawina"
"Catástrofes Naturales","Katastrofy naturalne","el deslizamiento de tierra","osuwisko"
"Catástrofes Naturales","Katastrofy naturalne","la ola de calor","fala upałów"
"Catástrofes Naturales","Katastrofy naturalne","la ola de frío","fala mrozów"
"Catástrofes Naturales","Katastrofy naturalne","el rayo","piorun / promień"
"Catástrofes Naturales","Katastrofy naturalne","el relámpago","błyskawica"
"Catástrofes Naturales","Katastrofy naturalne","el trueno","grzmot"
"Catástrofes Naturales","Katastrofy naturalne","la emergencia","nagły wypadek / stan wyjątkowy"
"Catástrofes Naturales","Katastrofy naturalne","la alarma","alarm"
"Catástrofes Naturales","Katastrofy naturalne","la sirena","syrena"
"Catástrofes Naturales","Katastrofy naturalne","el refugio","schron"
"Catástrofes Naturales","Katastrofy naturalne","el rescate","ratunek"
"Catástrofes Naturales","Katastrofy naturalne","rescatar","ratować"
"Catástrofes Naturales","Katastrofy naturalne","el rescatista","ratownik"
"Catástrofes Naturales","Katastrofy naturalne","el bombero","strażak"
"Catástrofes Naturales","Katastrofy naturalne","la víctima","ofiara"
"Catástrofes Naturales","Katastrofy naturalne","el herido","ranny"
"Catástrofes Naturales","Katastrofy naturalne","el superviviente","ocalały"
"Catástrofes Naturales","Katastrofy naturalne","el refugiado","uchodźca"
"Catástrofes Naturales","Katastrofy naturalne","la evacuación","ewakuacja"
"Catástrofes Naturales","Katastrofy naturalne","evacuar","ewakuować"
"Catástrofes Naturales","Katastrofy naturalne","destruir","niszczyć"
"Catástrofes Naturales","Katastrofy naturalne","la ruina","ruina"
"Catástrofes Naturales","Katastrofy naturalne","los escombros","gruzy"
"Medio Ambiente","Środowisko naturalne","el medio ambiente","środowisko naturalne"
"Medio Ambiente","Środowisko naturalne","la naturaleza","natura"
"Medio Ambiente","Środowisko naturalne","la ecología","ekologia"
"Medio Ambiente","Środowisko naturalne","el ecosistema","ekosystem"
"Medio Ambiente","Środowisko naturalne","la biodiversidad","bioróżnorodność"
"Medio Ambiente","Środowisko naturalne","la fauna","fauna"
"Medio Ambiente","Środowisko naturalne","la flora","flora"
"Medio Ambiente","Środowisko naturalne","el hábitat","siedlisko"
"Medio Ambiente","Środowisko naturalne","la conservación","ochrona / konserwacja"
"Medio Ambiente","Środowisko naturalne","proteger","chronić"
"Medio Ambiente","Środowisko naturalne","la contaminación","zanieczyszczenie"
"Medio Ambiente","Środowisko naturalne","contaminar","zanieczyszczać"
"Medio Ambiente","Środowisko naturalne","la polución","smog / zanieczyszczenie (powietrza)"
"Medio Ambiente","Środowisko naturalne","el calentamiento global","globalne ocieplenie"
"Medio Ambiente","Środowisko naturalne","el cambio climático","zmiana klimatu"
"Medio Ambiente","Środowisko naturalne","el efecto invernadero","efekt cieplarniany"
"Medio Ambiente","Środowisko naturalne","la emisión de gases","emisja gazów"
"Medio Ambiente","Środowisko naturalne","el dióxido de carbono","dwutlenek węgla"
"Medio Ambiente","Środowisko naturalne","la huella de carbono","ślad węglowy"
"Medio Ambiente","Środowisko naturalne","la capa de ozono","warstwa ozonowa"
"Medio Ambiente","Środowisko naturalne","la deforestación","wylesianie"
"Medio Ambiente","Środowisko naturalne","la tala de árboles","wycinka drzew"
"Medio Ambiente","Środowisko naturalne","los recursos naturales","zasoby naturalne"
"Medio Ambiente","Środowisko naturalne","la energía renovable","energia odnawialna"
"Medio Ambiente","Środowisko naturalne","la energía solar","energia słoneczna"
"Medio Ambiente","Środowisko naturalne","la energía eólica","energia wiatrowa"
"Medio Ambiente","Środowisko naturalne","la energía nuclear","energia jądrowa"
"Medio Ambiente","Środowisko naturalne","sostenible","zrównoważony"
"Medio Ambiente","Środowisko naturalne","la sostenibilidad","zrównoważony rozwój"
"Medio Ambiente","Środowisko naturalne","el ecologista","ekolog"
"Medio Ambiente","Środowisko naturalne","verde","zielony / ekologiczny"
"Medio Ambiente","Środowisko naturalne","la basura","śmieci"
"Medio Ambiente","Środowisko naturalne","el residuo / el desecho","odpad / resztka"
"Medio Ambiente","Środowisko naturalne","el vertedero","wysypisko śmieci"
"Medio Ambiente","Środowisko naturalne","tóxico","toksyczny"
"Medio Ambiente","Środowisko naturalne","el pesticida","pestycyd"
"Medio Ambiente","Środowisko naturalne","en peligro de extinción","zagrożony wyginięciem"
"Medio Ambiente","Środowisko naturalne","la extinción","wyginięcie"
"Medio Ambiente","Środowisko naturalne","la sobreexplotación","nadmierna eksploatacja"
"Medio Ambiente","Środowisko naturalne","el agua potable","woda pitna"
"Medio Ambiente","Środowisko naturalne","purificar","oczyszczać"
"Medio Ambiente","Środowisko naturalne","el aire puro","czyste powietrze"
"Medio Ambiente","Środowisko naturalne","la reserva natural","rezerwat przyrody"
"Medio Ambiente","Środowisko naturalne","el parque nacional","park narodowy"
"Medio Ambiente","Środowisko naturalne","la biosfera","biosfera"
"Medio Ambiente","Środowisko naturalne","la degradación","degradacja"
"Medio Ambiente","Środowisko naturalne","el impacto ambiental","wpływ na środowisko"
"Medio Ambiente","Środowisko naturalne","la concienciación","budowanie świadomości"
"Medio Ambiente","Środowisko naturalne","concienciar","uświadamiać"
"Medio Ambiente","Środowisko naturalne","preservar","zachowywać / chronić"
"Reciclaje","Recykling","el reciclaje","recykling"
"Reciclaje","Recykling","reciclar","przetwarzać / poddawać recyklingowi"
"Reciclaje","Recykling","reutilizar","używać ponownie"
"Reciclaje","Recykling","reducir","redukować / zmniejszać"
"Reciclaje","Recykling","el contenedor","kontener / pojemnik"
"Reciclaje","Recykling","la basura","śmieci"
"Reciclaje","Recykling","la papelera","kosz na śmieci"
"Reciclaje","Recykling","el cubo de basura","wiaderko na śmieci"
"Reciclaje","Recykling","la separación de residuos","segregacja odpadów"
"Reciclaje","Recykling","separar","segregować / oddzielać"
"Reciclaje","Recykling","clasificar","klasyfikować / sortować"
"Reciclaje","Recykling","el residuo","odpad"
"Reciclaje","Recykling","el desecho","odpadek"
"Reciclaje","Recykling","orgánico","organiczny"
"Reciclaje","Recykling","inorgánico","nieorganiczny"
"Reciclaje","Recykling","el plástico","plastik"
"Reciclaje","Recykling","el vidrio","szkło (np. butelki)"
"Reciclaje","Recykling","el cartón","karton"
"Reciclaje","Recykling","el papel","papier"
"Reciclaje","Recykling","el envase","opakowanie / pojemnik"
"Reciclaje","Recykling","el envoltorio","opakowanie / papierek"
"Reciclaje","Recykling","la lata","puszka"
"Reciclaje","Recykling","la botella","butelka"
"Reciclaje","Recykling","el metal","metal"
"Reciclaje","Recykling","el aluminio","aluminium"
"Reciclaje","Recykling","la pila","bateria (np. paluszek)"
"Reciclaje","Recykling","la batería","bateria / akumulator"
"Reciclaje","Recykling","la chatarra","złom"
"Reciclaje","Recykling","el escombro","gruz / śmieci budowlane"
"Reciclaje","Recykling","el punto limpio / el ecopunto","punkt zbiórki odpadów (PSZOK)"
"Reciclaje","Recykling","la planta de reciclaje","zakład recyklingu"
"Reciclaje","Recykling","la bolsa de plástico","torba foliowa / reklamówka"
"Reciclaje","Recykling","la bolsa de tela","torba materiałowa"
"Reciclaje","Recykling","biodegradable","biodegradowalny"
"Reciclaje","Recykling","el compost","kompost"
"Reciclaje","Recykling","el abono","nawóz"
"Reciclaje","Recykling","ecológico","ekologiczny"
"Reciclaje","Recykling","el desperdicio","marnotrawstwo / odpad"
"Reciclaje","Recykling","desperdiciar","marnować"
"Reciclaje","Recykling","tirar (a la basura)","wyrzucać (do śmieci)"
"Reciclaje","Recykling","recoger","zbierać"
"Reciclaje","Recykling","el material reciclado","materiał z recyklingu"
"Reciclaje","Recykling","el embalaje","opakowanie (transportowe)"
"Reciclaje","Recykling","contaminante","zanieczyszczający (substancja)"
"Reciclaje","Recykling","verter","wylewać / wyrzucać na wysypisko"
"Reciclaje","Recykling","el vertedero","wysypisko śmieci"
"Reciclaje","Recykling","el residuo tóxico","odpad toksyczny"
"Reciclaje","Recykling","la economía circular","gospodarka obiegu zamkniętego"
"Reciclaje","Recykling","cero residuos (zero waste)","zero odpadów"
"Reciclaje","Recykling","recuperar","odzyskiwać"
"El Universo","Wszechświat","el universo","wszechświat"
"El Universo","Wszechświat","el cosmos","kosmos"
"El Universo","Wszechświat","el espacio exterior","przestrzeń kosmiczna"
"El Universo","Wszechświat","la galaxia","galaktyka"
"El Universo","Wszechświat","la Vía Láctea","Droga Mleczna"
"El Universo","Wszechświat","el sistema solar","układ słoneczny"
"El Universo","Wszechświat","la estrella","gwiazda"
"El Universo","Wszechświat","el planeta","planeta"
"El Universo","Wszechświat","la órbita","orbita"
"El Universo","Wszechświat","orbitar","krążyć po orbicie"
"El Universo","Wszechświat","la luna","księżyc"
"El Universo","Wszechświat","el satélite natural","naturalny satelita"
"El Universo","Wszechświat","el sol","słońce"
"El Universo","Wszechświat","el asteroide","asteroida"
"El Universo","Wszechświat","el cometa","kometa"
"El Universo","Wszechświat","el meteorito","meteoryt"
"El Universo","Wszechświat","el meteoro / la estrella fugaz","meteor / spadająca gwiazda"
"El Universo","Wszechświat","la gravedad","grawitacja"
"El Universo","Wszechświat","el agujero negro","czarna dziura"
"El Universo","Wszechświat","la nebulosa","mgławica"
"El Universo","Wszechświat","la constelación","konstelacja"
"El Universo","Wszechświat","el año luz","rok świetlny"
"El Universo","Wszechświat","la velocidad de la luz","prędkość światła"
"El Universo","Wszechświat","el telescopio","teleskop"
"El Universo","Wszechświat","el observatorio","obserwatorium"
"El Universo","Wszechświat","la nave espacial","statek kosmiczny"
"El Universo","Wszechświat","el cohete","rakieta"
"El Universo","Wszechświat","el transbordador espacial","prom kosmiczny"
"El Universo","Wszechświat","la estación espacial","stacja kosmiczna"
"El Universo","Wszechświat","la sonda","sonda (kosmiczna)"
"El Universo","Wszechświat","el astronauta","astronauta"
"El Universo","Wszechświat","el cosmonauta","kosmonauta"
"El Universo","Wszechświat","el traje espacial","skafander kosmiczny"
"El Universo","Wszechświat","la gravedad cero","stan nieważkości"
"El Universo","Wszechświat","la exploración espacial","eksploracja kosmosu"
"El Universo","Wszechświat","el lanzamiento","start (rakiety)"
"El Universo","Wszechświat","aterrizar","lądować"
"El Universo","Wszechświat","alunizar","lądować na księżycu"
"El Universo","Wszechświat","la órbita terrestre","orbita okołoziemska"
"El Universo","Wszechświat","el extraterrestre","kosmita"
"El Universo","Wszechświat","el ovni","UFO"
"El Universo","Wszechświat","el alienígena","obcy / kosmita"
"El Universo","Wszechświat","el cielo","niebo"
"El Universo","Wszechświat","el vacío","próżnia"
"El Universo","Wszechświat","el Big Bang","Wielki Wybuch"
"El Universo","Wszechświat","la materia oscura","ciemna materia"
"El Universo","Wszechświat","la supernova","supernowa"
"El Universo","Wszechświat","el eclipse solar","zaćmienie słońca"
"El Universo","Wszechświat","el eclipse lunar","zaćmienie księżyca"
"El Universo","Wszechświat","el polvo cósmico","pył kosmiczny"
"Planetas","Planety","el planeta","planeta"
"Planetas","Planety","Mercurio","Merkury"
"Planetas","Planety","Venus","Wenus"
"Planetas","Planety","la Tierra","Ziemia"
"Planetas","Planety","Marte","Mars"
"Planetas","Planety","Júpiter","Jowisz"
"Planetas","Planety","Saturno","Saturn"
"Planetas","Planety","Urano","Uran"
"Planetas","Planety","Neptuno","Neptun"
"Planetas","Planety","Plutón","Pluton"
"Planetas","Planety","el planeta enano","planeta karłowata"
"Planetas","Planety","el exoplaneta","egzoplaneta"
"Planetas","Planety","la órbita","orbita"
"Planetas","Planety","el satélite natural","naturalny satelita"
"Planetas","Planety","la luna","księżyc"
"Planetas","Planety","el sistema solar","układ słoneczny"
"Planetas","Planety","el sol","słońce"
"Planetas","Planety","la estrella","gwiazda"
"Planetas","Planety","el anillo","pierścień (np. Saturna)"
"Planetas","Planety","el gas","gaz"
"Planetas","Planety","la roca","skała"
"Planetas","Planety","el cráter","krater"
"Planetas","Planety","la superficie","powierzchnia"
"Planetas","Planety","la atmósfera","atmosfera"
"Planetas","Planety","la gravedad","grawitacja"
"Planetas","Planety","la rotación","rotacja / obrót"
"Planetas","Planety","la traslación","ruch obiegowy"
"Planetas","Planety","el ecuador","równik"
"Planetas","Planety","el hemisferio","półkula"
"Planetas","Planety","el polo","biegun"
"Planetas","Planety","el telescopio","teleskop"
"Planetas","Planety","la sonda espacial","sonda kosmiczna"
"Planetas","Planety","el rover","łazik"
"Planetas","Planety","el satélite","satelita"
"Planetas","Planety","la exploración","eksploracja"
"Planetas","Planety","descubrir","odkrywać"
"Planetas","Planety","rocoso","skalisty"
"Planetas","Planety","gaseoso","gazowy"
"Planetas","Planety","el gigante gaseoso","gazowy olbrzym"
"Planetas","Planety","el núcleo","jądro"
"Planetas","Planety","la corteza","skorupa"
"Planetas","Planety","el manto","płaszcz"
"Planetas","Planety","el campo magnético","pole magnetyczne"
"Planetas","Planety","el día solar","dzień słoneczny"
"Planetas","Planety","el año luz","rok świetlny"
"Planetas","Planety","la temperatura","temperatura"
"Planetas","Planety","el hielo","lód"
"Planetas","Planety","la vida extraterrestre","życie pozaziemskie"
"Planetas","Planety","el espacio","kosmos / przestrzeń"
"Planetas","Planety","el vacío","próżnia"
"Vehículos","Pojazdy","el vehículo","pojazd"
"Vehículos","Pojazdy","el coche","samochód"
"Vehículos","Pojazdy","el automóvil","samochód (formalnie)"
"Vehículos","Pojazdy","el autobús","autobus"
"Vehículos","Pojazdy","el autocar","autokar"
"Vehículos","Pojazdy","el camión","ciężarówka"
"Vehículos","Pojazdy","la furgoneta","furgonetka / van"
"Vehículos","Pojazdy","la camioneta","pick-up"
"Vehículos","Pojazdy","el tren","pociąg"
"Vehículos","Pojazdy","el tranvía","tramwaj"
"Vehículos","Pojazdy","el metro","metro"
"Vehículos","Pojazdy","el avión","samolot"
"Vehículos","Pojazdy","el helicóptero","helikopter"
"Vehículos","Pojazdy","el barco","statek"
"Vehículos","Pojazdy","el buque","okręt / duży statek"
"Vehículos","Pojazdy","el ferry","prom"
"Vehículos","Pojazdy","la lancha","motorówka"
"Vehículos","Pojazdy","el yate","jacht"
"Vehículos","Pojazdy","el submarino","łódź podwodna"
"Vehículos","Pojazdy","la bicicleta","rower"
"Vehículos","Pojazdy","la motocicleta / la moto","motocykl"
"Vehículos","Pojazdy","el ciclomotor","motorower"
"Vehículos","Pojazdy","el patinete","hulajnoga"
"Vehículos","Pojazdy","el patinete eléctrico","hulajnoga elektryczna"
"Vehículos","Pojazdy","el monopatín","deskorolka"
"Vehículos","Pojazdy","el tractor","traktor"
"Vehículos","Pojazdy","la excavadora","koparka"
"Vehículos","Pojazdy","la ambulancia","ambulans / karetka"
"Vehículos","Pojazdy","el coche de policía","radiowóz"
"Vehículos","Pojazdy","el camión de bomberos","wóz strażacki"
"Vehículos","Pojazdy","el taxi","taksówka"
"Vehículos","Pojazdy","el carro","wóz / bryczka"
"Vehículos","Pojazdy","el trineo","sanie / sanki"
"Vehículos","Pojazdy","el globo aerostático","balon na ogrzane powietrze"
"Vehículos","Pojazdy","el teleférico","kolejka linowa"
"Vehículos","Pojazdy","el funicular","kolejka linowo-terenowa"
"Vehículos","Pojazdy","el cohete","rakieta"
"Vehículos","Pojazdy","la nave espacial","statek kosmiczny"
"Vehículos","Pojazdy","el triciclo","rower trójkołowy"
"Vehículos","Pojazdy","el remolque","przyczepa"
"Vehículos","Pojazdy","la caravana","przyczepa kempingowa"
"Vehículos","Pojazdy","la autocaravana","kamper"
"Vehículos","Pojazdy","el vehículo todoterreno","samochód terenowy (4x4)"
"Vehículos","Pojazdy","el quad","quad"
"Vehículos","Pojazdy","el transporte público","transport publiczny"
"Vehículos","Pojazdy","el transporte privado","transport prywatny"
"Vehículos","Pojazdy","el velero","żaglówka"
"Vehículos","Pojazdy","el bote","łódka"
"Vehículos","Pojazdy","el coche deportivo","samochód sportowy"
"Vehículos","Pojazdy","el crucero","statek wycieczkowy"
"Partes de un Coche","Części samochodu","el motor","silnik"
"Partes de un Coche","Części samochodu","el volante","kierownica"
"Partes de un Coche","Części samochodu","la rueda","koło"
"Partes de un Coche","Części samochodu","el neumático","opona"
"Partes de un Coche","Części samochodu","el freno","hamulec"
"Partes de un Coche","Części samochodu","el acelerador","pedał gazu"
"Partes de un Coche","Części samochodu","el embrague","sprzęgło"
"Partes de un Coche","Części samochodu","la marcha","bieg"
"Partes de un Coche","Części samochodu","la caja de cambios","skrzynia biegów"
"Partes de un Coche","Części samochodu","el parachoques","zderzak"
"Partes de un Coche","Części samochodu","el capó","maska"
"Partes de un Coche","Części samochodu","el maletero","bagażnik"
"Partes de un Coche","Części samochodu","el parabrisas","szyba przednia"
"Partes de un Coche","Części samochodu","el limpiaparabrisas","wycieraczka"
"Partes de un Coche","Części samochodu","la ventanilla","szyba (w oknie)"
"Partes de un Coche","Części samochodu","el espejo retrovisor","lusterko wsteczne"
"Partes de un Coche","Części samochodu","el espejo lateral","lusterko boczne"
"Partes de un Coche","Części samochodu","el faro","reflektor"
"Partes de un Coche","Części samochodu","la luz intermitente","kierunkowskaz"
"Partes de un Coche","Części samochodu","la matrícula","tablica rejestracyjna"
"Partes de un Coche","Części samochodu","el tubo de escape","rura wydechowa"
"Partes de un Coche","Części samochodu","la bocina / el claxon","klakson"
"Partes de un Coche","Części samochodu","el asiento","siedzenie"
"Partes de un Coche","Części samochodu","el cinturón de seguridad","pas bezpieczeństwa"
"Partes de un Coche","Części samochodu","el airbag","poduszka powietrzna"
"Partes de un Coche","Części samochodu","el salpicadero","deska rozdzielcza"
"Partes de un Coche","Części samochodu","el velocímetro","prędkościomierz"
"Partes de un Coche","Części samochodu","el depósito de gasolina","bak paliwa"
"Partes de un Coche","Części samochodu","la batería","akumulator"
"Partes de un Coche","Części samochodu","la bujía","świeca zapłonowa"
"Partes de un Coche","Części samochodu","el radiador","chłodnica"
"Partes de un Coche","Części samochodu","la suspensión","zawieszenie"
"Partes de un Coche","Części samochodu","el amortiguador","amortyzator"
"Partes de un Coche","Części samochodu","el eje","oś"
"Partes de un Coche","Części samochodu","la puerta","drzwi"
"Partes de un Coche","Części samochodu","la manilla","klamka"
"Partes de un Coche","Części samochodu","la cerradura","zamek (w drzwiach)"
"Partes de un Coche","Części samochodu","la llave","kluczyk"
"Partes de un Coche","Części samochodu","el pedal","pedał"
"Partes de un Coche","Części samochodu","la palanca de cambios","dźwignia zmiany biegów"
"Partes de un Coche","Części samochodu","el freno de mano","hamulec ręczny"
"Partes de un Coche","Części samochodu","el asiento trasero","tylne siedzenie"
"Partes de un Coche","Części samochodu","el techo","dach"
"Partes de un Coche","Części samochodu","la antena","antena"
"Partes de un Coche","Części samochodu","el tapacubos","kołpak"
"Partes de un Coche","Części samochodu","el chasis","podwozie / rama"
"Partes de un Coche","Części samochodu","la guantera","schowek (przed pasażerem)"
"Partes de un Coche","Części samochodu","el reposacabezas","zagłówek"
"Partes de un Coche","Części samochodu","el cuentakilómetros","licznik przebiegu"
"Partes de un Coche","Części samochodu","el maletero de techo","bagażnik dachowy"
"Tráfico","Ruch drogowy","el tráfico","ruch drogowy"
"Tráfico","Ruch drogowy","la circulación","ruch / obieg"
"Tráfico","Ruch drogowy","el atasco","korek drogowy"
"Tráfico","Ruch drogowy","la calle","ulica"
"Tráfico","Ruch drogowy","la carretera","droga / szosa"
"Tráfico","Ruch drogowy","la autopista","autostrada"
"Tráfico","Ruch drogowy","la autovía","droga ekspresowa"
"Tráfico","Ruch drogowy","el carril","pas ruchu"
"Tráfico","Ruch drogowy","el carril bici","ścieżka rowerowa"
"Tráfico","Ruch drogowy","la acera","chodnik"
"Tráfico","Ruch drogowy","el cruce","skrzyżowanie"
"Tráfico","Ruch drogowy","la rotonda","rondo"
"Tráfico","Ruch drogowy","el semáforo","sygnalizacja świetlna"
"Tráfico","Ruch drogowy","el paso de cebra","przejście dla pieszych"
"Tráfico","Ruch drogowy","la señal de tráfico","znak drogowy"
"Tráfico","Ruch drogowy","el límite de velocidad","ograniczenie prędkości"
"Tráfico","Ruch drogowy","la velocidad","prędkość"
"Tráfico","Ruch drogowy","el peatón","pieszy"
"Tráfico","Ruch drogowy","el conductor","kierowca"
"Tráfico","Ruch drogowy","el ciclista","rowerzysta"
"Tráfico","Ruch drogowy","el pasajero","pasażer"
"Tráfico","Ruch drogowy","el accidente","wypadek"
"Tráfico","Ruch drogowy","el choque","zderzenie"
"Tráfico","Ruch drogowy","atropellar","potrącić"
"Tráfico","Ruch drogowy","la multa","mandat"
"Tráfico","Ruch drogowy","el peaje","myto / bramki na autostradzie"
"Tráfico","Ruch drogowy","el aparcamiento","parking"
"Tráfico","Ruch drogowy","aparcar","parkować"
"Tráfico","Ruch drogowy","la grúa","laweta"
"Tráfico","Ruch drogowy","el policía de tráfico","policjant drogówki"
"Tráfico","Ruch drogowy","la infracción","wykroczenie"
"Tráfico","Ruch drogowy","el carnet de conducir","prawo jazdy"
"Tráfico","Ruch drogowy","el sentido","kierunek ruchu"
"Tráfico","Ruch drogowy","la dirección","kierunek / adres"
"Tráfico","Ruch drogowy","la ruta","trasa"
"Tráfico","Ruch drogowy","el desvío","objazd"
"Tráfico","Ruch drogowy","la curva","zakręt"
"Tráfico","Ruch drogowy","adelantar","wyprzedzać"
"Tráfico","Ruch drogowy","frenar","hamować"
"Tráfico","Ruch drogowy","acelerar","przyspieszać"
"Tráfico","Ruch drogowy","ceder el paso","ustąpić pierwszeństwa"
"Tráfico","Ruch drogowy","la prioridad","pierwszeństwo"
"Tráfico","Ruch drogowy","la señal de stop","znak stop"
"Tráfico","Ruch drogowy","el peligro","niebezpieczeństwo"
"Tráfico","Ruch drogowy","el badén","próg zwalniający"
"Tráfico","Ruch drogowy","la zona peatonal","strefa dla pieszych"
"Tráfico","Ruch drogowy","el puente","most"
"Tráfico","Ruch drogowy","el túnel","tunel"
"Tráfico","Ruch drogowy","el viandante","przechodzień"
"Tráfico","Ruch drogowy","la calzada","jezdnia"
"En el Tren","W pociągu","el tren","pociąg"
"En el Tren","W pociągu","la estación de tren","stacja kolejowa"
"En el Tren","W pociągu","el andén","peron"
"En el Tren","W pociągu","la vía","tor"
"En el Tren","W pociągu","el billete","bilet"
"En el Tren","W pociągu","el billete de ida","bilet w jedną stronę"
"En el Tren","W pociągu","el billete de ida y vuelta","bilet w obie strony"
"En el Tren","W pociągu","la taquilla","kasa biletowa"
"En el Tren","W pociągu","la máquina expendedora","automat biletowy"
"En el Tren","W pociągu","el horario","rozkład jazdy"
"En el Tren","W pociągu","la pantalla","tablica odjazdów / ekran"
"En el Tren","W pociągu","el destino","miejsce docelowe"
"En el Tren","W pociągu","la salida","odjazd"
"En el Tren","W pociągu","la llegada","przyjazd"
"En el Tren","W pociągu","el retraso","opóźnienie"
"En el Tren","W pociągu","el pasajero","pasażer"
"En el Tren","W pociągu","el revisor","konduktor / rewizor"
"En el Tren","W pociągu","el maquinista","maszynista"
"En el Tren","W pociągu","el vagón","wagon"
"En el Tren","W pociągu","el coche cama","wagon sypialny"
"En el Tren","W pociągu","el coche comedor","wagon restauracyjny"
"En el Tren","W pociągu","el asiento","siedzenie"
"En el Tren","W pociągu","la ventanilla","okno (w pociągu)"
"En el Tren","W pociągu","el pasillo","korytarz"
"En el Tren","W pociągu","el portaequipajes","półka na bagaż"
"En el Tren","W pociągu","la maleta","walizka"
"En el Tren","W pociągu","el transbordo","przesiadka"
"En el Tren","W pociągu","hacer transbordo","przesiadać się"
"En el Tren","W pociągu","directo","bezpośredni (pociąg)"
"En el Tren","W pociągu","el tren de alta velocidad","pociąg dużych prędkości"
"En el Tren","W pociągu","el tren de cercanías","pociąg podmiejski"
"En el Tren","W pociągu","el metro","metro"
"En el Tren","W pociągu","el tranvía","tramwaj"
"En el Tren","W pociągu","el silbato","gwizdek"
"En el Tren","W pociągu","subir","wsiadać"
"En el Tren","W pociągu","bajar","wysiadać"
"En el Tren","W pociągu","reservar","rezerwować"
"En el Tren","W pociągu","la reserva","rezerwacja"
"En el Tren","W pociągu","el número de asiento","numer siedzenia"
"En el Tren","W pociągu","el coche de pasajeros","wagon pasażerski"
"En el Tren","W pociągu","la primera clase","pierwsza klasa"
"En el Tren","W pociągu","la segunda clase","druga klasa"
"En el Tren","W pociągu","el descuento","zniżka"
"En el Tren","W pociągu","validar","kasować / zatwierdzać (bilet)"
"En el Tren","W pociągu","la consigna","przechowalnia bagażu"
"En el Tren","W pociągu","viajar","podróżować"
"En el Tren","W pociągu","el viaje","podróż"
"En el Tren","W pociągu","puntual","punktualny"
"En el Tren","W pociągu","el equipaje","bagaż"
"En el Tren","W pociągu","la estación de término","stacja końcowa"
"En el Barco","Na statku","el barco","statek"
"En el Barco","Na statku","el bote","łódź"
"En el Barco","Na statku","el velero","żaglówka"
"En el Barco","Na statku","el crucero","statek wycieczkowy"
"En el Barco","Na statku","el yate","jacht"
"En el Barco","Na statku","el ferry","prom"
"En el Barco","Na statku","la lancha","motorówka"
"En el Barco","Na statku","la cubierta","pokład"
"En el Barco","Na statku","el camarote","kajuta / kabina"
"En el Barco","Na statku","el capitán","kapitan"
"En el Barco","Na statku","el marinero","marynarz"
"En el Barco","Na statku","la tripulación","załoga"
"En el Barco","Na statku","el ancla","kotwica"
"En el Barco","Na statku","el puerto","port"
"En el Barco","Na statku","el muelle","molo / pirs"
"En el Barco","Na statku","zarpar","wypływać (z portu)"
"En el Barco","Na statku","atracar","cumować"
"En el Barco","Na statku","navegar","żeglować / pływać"
"En el Barco","Na statku","naufragar","zatonąć / rozbić się"
"En el Barco","Na statku","el naufragio","katastrofa morska"
"En el Barco","Na statku","el chaleco salvavidas","kamizelka ratunkowa"
"En el Barco","Na statku","el bote salvavidas","szalupa ratunkowa"
"En el Barco","Na statku","la proa","dziób statku"
"En el Barco","Na statku","la popa","rufa"
"En el Barco","Na statku","babor","bakburta (lewa)"
"En el Barco","Na statku","estribor","sterburta (prawa)"
"En el Barco","Na statku","el mástil","maszt"
"En el Barco","Na statku","la vela","żagiel"
"En el Barco","Na statku","el timón","ster"
"En el Barco","Na statku","el faro","latarnia morska"
"En el Barco","Na statku","la ola","fala"
"En el Barco","Na statku","el mar","morze"
"En el Barco","Na statku","el océano","ocean"
"En el Barco","Na statku","marearse","mieć chorobę morską"
"En el Barco","Na statku","el mareo","choroba morska"
"En el Barco","Na statku","el pasaje","bilet (na rejs)"
"En el Barco","Na statku","el pasajero","pasażer"
"En el Barco","Na statku","el salvavidas","koło ratunkowe / ratownik"
"En el Barco","Na statku","la brújula","kompas"
"En el Barco","Na statku","el radar","radar"
"En el Barco","Na statku","la escotilla","właz"
"En el Barco","Na statku","la bodega","ładownia"
"En el Barco","Na statku","hundirse","tonąć"
"En el Barco","Na statku","flotar","unosić się na wodzie"
"En el Barco","Na statku","el nudo","węzeł"
"En el Barco","Na statku","el pirata","pirat"
"En el Barco","Na statku","el remo","wiosło"
"En el Barco","Na statku","remar","wiosłować"
"En el Barco","Na statku","la cuerda","lina"
"En el Barco","Na statku","la marea","pływ (przypływ/odpływ)"
"Transporte Público","Transport publiczny","el transporte público","transport publiczny"
"Transporte Público","Transport publiczny","el autobús","autobus"
"Transporte Público","Transport publiczny","el autocar","autokar"
"Transporte Público","Transport publiczny","el tranvía","tramwaj"
"Transporte Público","Transport publiczny","el metro","metro"
"Transporte Público","Transport publiczny","el tren","pociąg"
"Transporte Público","Transport publiczny","el taxi","taksówka"
"Transporte Público","Transport publiczny","la parada","przystanek"
"Transporte Público","Transport publiczny","la estación","stacja"
"Transporte Público","Transport publiczny","la terminal","terminal"
"Transporte Público","Transport publiczny","el billete / el boleto","bilet"
"Transporte Público","Transport publiczny","el bono de transporte","bilet okresowy"
"Transporte Público","Transport publiczny","la tarjeta de transporte","karta miejska"
"Transporte Público","Transport publiczny","validar","kasować (bilet)"
"Transporte Público","Transport publiczny","la máquina expendedora","automat biletowy"
"Transporte Público","Transport publiczny","el revisor","kontroler biletów / rewizor"
"Transporte Público","Transport publiczny","el conductor","kierowca"
"Transporte Público","Transport publiczny","el pasajero","pasażer"
"Transporte Público","Transport publiczny","subir","wsiadać"
"Transporte Público","Transport publiczny","bajar","wysiadać"
"Transporte Público","Transport publiczny","hacer transbordo","przesiadać się"
"Transporte Público","Transport publiczny","la línea","linia"
"Transporte Público","Transport publiczny","la ruta","trasa"
"Transporte Público","Transport publiczny","el horario","rozkład jazdy"
"Transporte Público","Transport publiczny","el retraso","opóźnienie"
"Transporte Público","Transport publiczny","puntual","punktualny"
"Transporte Público","Transport publiczny","la marquesina","wiata przystankowa"
"Transporte Público","Transport publiczny","el asiento","siedzenie"
"Transporte Público","Transport publiczny","ceder el asiento","ustąpić miejsca"
"Transporte Público","Transport publiczny","de pie","na stojąco"
"Transporte Público","Transport publiczny","el timbre","dzwonek"
"Transporte Público","Transport publiczny","solicitar parada","żądać zatrzymania (przystanek na żądanie)"
"Transporte Público","Transport publiczny","la hora punta","godzina szczytu"
"Transporte Público","Transport publiczny","lleno","pełny"
"Transporte Público","Transport publiczny","vacío","pusty"
"Transporte Público","Transport publiczny","la tarifa","taryfa / opłata"
"Transporte Público","Transport publiczny","el descuento","zniżka"
"Transporte Público","Transport publiczny","la multa","mandat"
"Transporte Público","Transport publiczny","el andén","peron"
"Transporte Público","Transport publiczny","la vía","tor"
"Transporte Público","Transport publiczny","la dirección","kierunek"
"Transporte Público","Transport publiczny","próximo","następny"
"Transporte Público","Transport publiczny","la parada de taxis","postój taksówek"
"Transporte Público","Transport publiczny","el taxímetro","taksometr"
"Transporte Público","Transport publiczny","la parada a petición","przystanek na żądanie"
"Transporte Público","Transport publiczny","moverse","poruszać się"
"Transporte Público","Transport publiczny","viajar","podróżować"
"Transporte Público","Transport publiczny","el abono mensual","bilet miesięczny"
"Transporte Público","Transport publiczny","la conexión","połączenie"
"Transporte Público","Transport publiczny","el trayecto","przejazd / odcinek trasy"
"Medicina","Medycyna","la medicina","medycyna / lek"
"Medicina","Medycyna","el médico / la médica","lekarz"
"Medicina","Medycyna","el doctor / la doctora","doktor"
"Medicina","Medycyna","el enfermero / la enfermera","pielęgniarz/pielęgniarka"
"Medicina","Medycyna","el paciente","pacjent"
"Medicina","Medycyna","la salud","zdrowie"
"Medicina","Medycyna","la enfermedad","choroba"
"Medicina","Medycyna","el diagnóstico","diagnoza"
"Medicina","Medycyna","diagnosticar","diagnozować"
"Medicina","Medycyna","el tratamiento","leczenie / kuracja"
"Medicina","Medycyna","tratar","leczyć"
"Medicina","Medycyna","curar","uzdrawiać / wyleczyć"
"Medicina","Medycyna","la cura","lekarstwo / wyleczenie"
"Medicina","Medycyna","prevenir","zapobiegać"
"Medicina","Medycyna","la prevención","profilaktyka"
"Medicina","Medycyna","el síntoma","objaw"
"Medicina","Medycyna","la consulta","wizyta lekarska"
"Medicina","Medycyna","el consultorio","przychodnia / gabinet"
"Medicina","Medycyna","examinar","badać"
"Medicina","Medycyna","el examen médico","badanie lekarskie"
"Medicina","Medycyna","la presión arterial","ciśnienie krwi"
"Medicina","Medycyna","el pulso","puls"
"Medicina","Medycyna","tomar el pulso","mierzyć puls"
"Medicina","Medycyna","el termómetro","termometr"
"Medicina","Medycyna","la temperatura","temperatura"
"Medicina","Medycyna","la fiebre","gorączka"
"Medicina","Medycyna","la inyección","zastrzyk"
"Medicina","Medycyna","la vacuna","szczepionka"
"Medicina","Medycyna","vacunar","szczepić"
"Medicina","Medycyna","la operación","operacja"
"Medicina","Medycyna","operar","operować"
"Medicina","Medycyna","el cirujano","chirurg"
"Medicina","Medycyna","la receta","recepta"
"Medicina","Medycyna","recetar","przepisywać lek"
"Medicina","Medycyna","la pastilla","tabletka"
"Medicina","Medycyna","el jarabe","syrop"
"Medicina","Medycyna","la sangre","krew"
"Medicina","Medycyna","el análisis de sangre","badanie krwi"
"Medicina","Medycyna","la radiografía","rentgen (zdjęcie)"
"Medicina","Medycyna","el dolor","ból"
"Medicina","Medycyna","doler","boleć"
"Medicina","Medycyna","el especialista","specjalista"
"Medicina","Medycyna","el pediatra","pediatra"
"Medicina","Medycyna","el cardiólogo","kardiolog"
"Medicina","Medycyna","el dentista","dentysta"
"Medicina","Medycyna","el psicólogo","psycholog"
"Medicina","Medycyna","el psiquiatra","psychiatra"
"Medicina","Medycyna","la terapia","terapia"
"Medicina","Medycyna","recuperarse","wracać do zdrowia"
"Medicina","Medycyna","la recuperación","rekonwalescencja"
"En la Farmacia","W aptece","la farmacia","apteka"
"En la Farmacia","W aptece","el farmacéutico","farmaceuta"
"En la Farmacia","W aptece","el medicamento","lekarstwo"
"En la Farmacia","W aptece","la medicina","lek"
"En la Farmacia","W aptece","la pastilla / la píldora","tabletka / pigułka"
"En la Farmacia","W aptece","la cápsula","kapsułka"
"En la Farmacia","W aptece","el jarabe","syrop"
"En la Farmacia","W aptece","la pomada / la crema","maść / krem"
"En la Farmacia","W aptece","el gel","żel"
"En la Farmacia","W aptece","las gotas","krople"
"En la Farmacia","W aptece","el supositorio","czopek"
"En la Farmacia","W aptece","el antibiótico","antybiotyk"
"En la Farmacia","W aptece","el analgésico","środek przeciwbólowy"
"En la Farmacia","W aptece","el antiinflamatorio","lek przeciwzapalny"
"En la Farmacia","W aptece","la aspirina","aspiryna"
"En la Farmacia","W aptece","el paracetamol","paracetamol"
"En la Farmacia","W aptece","el ibuprofeno","ibuprofen"
"En la Farmacia","W aptece","el jarabe para la tos","syrop na kaszel"
"En la Farmacia","W aptece","las vitaminas","witaminy"
"En la Farmacia","W aptece","la receta médica","recepta lekarska"
"En la Farmacia","W aptece","el prospecto","ulotka (dołączona do leku)"
"En la Farmacia","W aptece","la dosis","dawka"
"En la Farmacia","W aptece","los efectos secundarios","skutki uboczne"
"En la Farmacia","W aptece","la fecha de caducidad","data ważności"
"En la Farmacia","W aptece","caducado","przeterminowany"
"En la Farmacia","W aptece","la tirita / la curita","plaster"
"En la Farmacia","W aptece","el vendaje / la venda","bandaż"
"En la Farmacia","W aptece","el algodón","wata"
"En la Farmacia","W aptece","el alcohol","spirytus salicylowy"
"En la Farmacia","W aptece","el agua oxigenada","woda utleniona"
"En la Farmacia","W aptece","el desinfectante","środek dezynfekujący"
"En la Farmacia","W aptece","la jeringa","strzykawka"
"En la Farmacia","W aptece","la aguja","igła"
"En la Farmacia","W aptece","el termómetro","termometr"
"En la Farmacia","W aptece","el preservativo","prezerwatywa"
"En la Farmacia","W aptece","la prueba de embarazo","test ciążowy"
"En la Farmacia","W aptece","el colirio","krople do oczu"
"En la Farmacia","W aptece","el botiquín","apteczka"
"En la Farmacia","W aptece","aliviar","przynosić ulgę / łagodzić"
"En la Farmacia","W aptece","chupar","ssać (np. tabletkę)"
"En la Farmacia","W aptece","tragar","połykać"
"En la Farmacia","W aptece","aplicar","nakładać / aplikować"
"En la Farmacia","W aptece","la alergia","alergia"
"En la Farmacia","W aptece","el antihistamínico","lek przeciwhistaminowy"
"En la Farmacia","W aptece","el somnífero","lek nasenny"
"En la Farmacia","W aptece","la receta electrónica","e-recepta"
"En la Farmacia","W aptece","de venta libre","bez recepty"
"En la Farmacia","W aptece","la gasa","gaza"
"En la Farmacia","W aptece","el esparadrapo","przylepiec / taśma medyczna"
"En la Farmacia","W aptece","el ungüento","maść (tłusta)"
"En el Hospital","W szpitalu","el hospital","szpital"
"En el Hospital","W szpitalu","la clínica","klinika"
"En el Hospital","W szpitalu","el ambulatorio","przychodnia"
"En el Hospital","W szpitalu","urgencias","ostry dyżur / SOR"
"En el Hospital","W szpitalu","la emergencia","nagły wypadek"
"En el Hospital","W szpitalu","la ambulancia","karetka"
"En el Hospital","W szpitalu","el paramédico","ratownik medyczny"
"En el Hospital","W szpitalu","la camilla","nosze"
"En el Hospital","W szpitalu","la silla de ruedas","wózek inwalidzki"
"En el Hospital","W szpitalu","la muleta","kula ortopedyczna"
"En el Hospital","W szpitalu","el bastón","laska"
"En el Hospital","W szpitalu","la sala de espera","poczekalnia"
"En el Hospital","W szpitalu","la habitación","sala chorych"
"En el Hospital","W szpitalu","la cama de hospital","łóżko szpitalne"
"En el Hospital","W szpitalu","el quirófano","sala operacyjna"
"En el Hospital","W szpitalu","la operación","operacja"
"En el Hospital","W szpitalu","la cirugía","chirurgia"
"En el Hospital","W szpitalu","el cirujano","chirurg"
"En el Hospital","W szpitalu","el anestesista","anestezjolog"
"En el Hospital","W szpitalu","la anestesia","znieczulenie / narkoza"
"En el Hospital","W szpitalu","el oxígeno","tlen"
"En el Hospital","W szpitalu","la mascarilla","maska tlenowa / maseczka"
"En el Hospital","W szpitalu","el suero","kroplówka / surowica"
"En el Hospital","W szpitalu","la vía","wkłucie / wenflon"
"En el Hospital","W szpitalu","la donación de sangre","oddawanie krwi"
"En el Hospital","W szpitalu","el donante","dawca"
"En el Hospital","W szpitalu","la transfusión","transfuzja"
"En el Hospital","W szpitalu","el escáner","skaner / tomograf"
"En el Hospital","W szpitalu","la ecografía","USG"
"En el Hospital","W szpitalu","la resonancia magnética","rezonans magnetyczny"
"En el Hospital","W szpitalu","el parto","poród"
"En el Hospital","W szpitalu","dar a luz","rodzić"
"En el Hospital","W szpitalu","la planta","oddział szpitalny"
"En el Hospital","W szpitalu","la UCI","OIOM (Oddział Intensywnej Terapii)"
"En el Hospital","W szpitalu","el alta","wypis (ze szpitala)"
"En el Hospital","W szpitalu","dar el alta","wypisać ze szpitala"
"En el Hospital","W szpitalu","ingresar","przyjąć do szpitala"
"En el Hospital","W szpitalu","el ingreso","przyjęcie do szpitala"
"En el Hospital","W szpitalu","visitar","odwiedzać"
"En el Hospital","W szpitalu","el horario de visitas","godziny odwiedzin"
"En el Hospital","W szpitalu","grave","ciężki (stan)"
"En el Hospital","W szpitalu","estable","stabilny (stan)"
"En el Hospital","W szpitalu","crítico","krytyczny (stan)"
"En el Hospital","W szpitalu","el yeso / la escayola","gips"
"En el Hospital","W szpitalu","la herida","rana"
"En el Hospital","W szpitalu","la cicatriz","blizna"
"En el Hospital","W szpitalu","los puntos","szwy"
"En el Hospital","W szpitalu","desmayarse","zemdleć"
"En el Hospital","W szpitalu","sangrar","krwawić"
"En el Hospital","W szpitalu","el coma","śpiączka"
"Síntomas","Symptomy","el síntoma","objaw / symptom"
"Síntomas","Symptomy","el dolor","ból"
"Síntomas","Symptomy","la fiebre","gorączka"
"Síntomas","Symptomy","la tos","kaszel"
"Síntomas","Symptomy","el resfriado","katar / przeziębienie"
"Síntomas","Symptomy","el estornudo","kichnięcie"
"Síntomas","Symptomy","la fatiga / el cansancio","zmęczenie"
"Síntomas","Symptomy","la debilidad","osłabienie"
"Síntomas","Symptomy","el mareo","zawroty głowy / nudności"
"Síntomas","Symptomy","la náusea","mdłości"
"Síntomas","Symptomy","el vómito","wymioty"
"Síntomas","Symptomy","la diarrea","biegunka"
"Síntomas","Symptomy","el estreñimiento","zaparcie"
"Síntomas","Symptomy","la erupción / el sarpullido","wysypka"
"Síntomas","Symptomy","el picor / la comezón","swędzenie"
"Síntomas","Symptomy","la hinchazón","obrzęk / opuchlizna"
"Síntomas","Symptomy","los escalofríos","dreszcze"
"Síntomas","Symptomy","el sudor","pot / pocenie się"
"Síntomas","Symptomy","la falta de aire","duszność"
"Síntomas","Symptomy","la dificultad para respirar","trudności w oddychaniu"
"Síntomas","Symptomy","la hemorragia / el sangrado","krwawienie"
"Síntomas","Symptomy","el moretón / el hematoma","siniak / krwiak"
"Síntomas","Symptomy","el calambre","skurcz"
"Síntomas","Symptomy","el entumecimiento","drętwienie"
"Síntomas","Symptomy","el hormigueo","mrowienie"
"Síntomas","Symptomy","el insomnio","bezsenność"
"Síntomas","Symptomy","la pérdida de apetito","utrata apetytu"
"Síntomas","Symptomy","la pérdida de peso","utrata wagi"
"Síntomas","Symptomy","el aumento de peso","przyrost wagi"
"Síntomas","Symptomy","la palidez","bladość"
"Síntomas","Symptomy","el enrojecimiento","zaczerwienienie"
"Síntomas","Symptomy","el dolor de cabeza","ból głowy"
"Síntomas","Symptomy","el dolor de estómago","ból brzucha"
"Síntomas","Symptomy","el dolor de garganta","ból gardła"
"Síntomas","Symptomy","la acidez","zgaga"
"Síntomas","Symptomy","la indigestión","niestrawność"
"Síntomas","Symptomy","las flatulencias / los gases","wzdęcia / gazy"
"Síntomas","Symptomy","el pinchazo","kłucie"
"Síntomas","Symptomy","el ardor","pieczenie"
"Síntomas","Symptomy","el lagrimeo","łzawienie"
"Síntomas","Symptomy","la rinitis alérgica","katar sienny"
"Síntomas","Symptomy","la ronquera","chrypka"
"Síntomas","Symptomy","la pérdida de olfato","utrata węchu"
"Síntomas","Symptomy","la pérdida de gusto","utrata smaku"
"Síntomas","Symptomy","el desmayo","omdlenie"
"Síntomas","Symptomy","las palpitaciones","palpitacje"
"Síntomas","Symptomy","la asfixia","duszność / duszenie się"
"Síntomas","Symptomy","la debilidad muscular","osłabienie mięśni"
"Síntomas","Symptomy","la rigidez","sztywność"
"Síntomas","Symptomy","el temblor","drżenie"
"Tratamientos Médicos","Leczenie","el tratamiento","leczenie / kuracja"
"Tratamientos Médicos","Leczenie","el medicamento / la medicina","lekarstwo"
"Tratamientos Médicos","Leczenie","la pastilla","tabletka / pigułka"
"Tratamientos Médicos","Leczenie","el jarabe","syrop"
"Tratamientos Médicos","Leczenie","la pomada / la crema","maść / krem"
"Tratamientos Médicos","Leczenie","la inyección","zastrzyk"
"Tratamientos Médicos","Leczenie","el suero","kroplówka"
"Tratamientos Médicos","Leczenie","la vacuna","szczepionka"
"Tratamientos Médicos","Leczenie","el antibiótico","antybiotyk"
"Tratamientos Médicos","Leczenie","el analgésico","środek przeciwbólowy"
"Tratamientos Médicos","Leczenie","la operación","operacja"
"Tratamientos Médicos","Leczenie","la cirugía","chirurgia"
"Tratamientos Médicos","Leczenie","la rehabilitación","rehabilitacja"
"Tratamientos Médicos","Leczenie","la fisioterapia","fizjoterapia"
"Tratamientos Médicos","Leczenie","el masaje","masaż"
"Tratamientos Médicos","Leczenie","la terapia","terapia"
"Tratamientos Médicos","Leczenie","la quimioterapia","chemioterapia"
"Tratamientos Médicos","Leczenie","la radioterapia","radioterapia"
"Tratamientos Médicos","Leczenie","el trasplante","przeszczep"
"Tratamientos Médicos","Leczenie","la diálisis","dializa"
"Tratamientos Médicos","Leczenie","la inhalación","inhalacja"
"Tratamientos Médicos","Leczenie","el vendaje","opatrunek / bandażowanie"
"Tratamientos Médicos","Leczenie","la venda","bandaż"
"Tratamientos Médicos","Leczenie","el yeso / la escayola","gips"
"Tratamientos Médicos","Leczenie","las muletas","kule ortopedyczne"
"Tratamientos Médicos","Leczenie","la silla de ruedas","wózek inwalidzki"
"Tratamientos Médicos","Leczenie","los puntos de sutura","szwy"
"Tratamientos Médicos","Leczenie","los primeros auxilios","pierwsza pomoc"
"Tratamientos Médicos","Leczenie","la reanimación / la RCP","resuscytacja"
"Tratamientos Médicos","Leczenie","la respiración artificial","sztuczne oddychanie"
"Tratamientos Médicos","Leczenie","el análisis de sangre","badanie krwi"
"Tratamientos Médicos","Leczenie","la radiografía","rentgen"
"Tratamientos Médicos","Leczenie","la resonancia magnética","rezonans magnetyczny"
"Tratamientos Médicos","Leczenie","la ecografía","USG"
"Tratamientos Médicos","Leczenie","la receta","recepta"
"Tratamientos Médicos","Leczenie","la dosis","dawka"
"Tratamientos Médicos","Leczenie","el reposo en cama","leżenie w łóżku (odpoczynek)"
"Tratamientos Médicos","Leczenie","la dieta","dieta"
"Tratamientos Médicos","Leczenie","las vitaminas","witaminy"
"Tratamientos Médicos","Leczenie","el suplemento","suplement"
"Tratamientos Médicos","Leczenie","la acupuntura","akupunktura"
"Tratamientos Médicos","Leczenie","la homeopatía","homeopatia"
"Tratamientos Médicos","Leczenie","la anestesia","znieczulenie"
"Tratamientos Médicos","Leczenie","el desfibrilador","defibrylator"
"Tratamientos Médicos","Leczenie","el respirador","respirator"
"Tratamientos Médicos","Leczenie","la cuarentena","kwarantanna"
"Tratamientos Médicos","Leczenie","el aislamiento","izolacja"
"Tratamientos Médicos","Leczenie","la desintoxicación","detoks"
"Tratamientos Médicos","Leczenie","el trasplante de médula","przeszczep szpiku"
"Tratamientos Médicos","Leczenie","la terapia láser","laseroterapia"
"Deportes de Equipo","Sporty zespołowe","el deporte de equipo","sport zespołowy"
"Deportes de Equipo","Sporty zespołowe","el equipo","drużyna"
"Deportes de Equipo","Sporty zespołowe","el jugador / la jugadora","zawodnik / gracz"
"Deportes de Equipo","Sporty zespołowe","el entrenador","trener"
"Deportes de Equipo","Sporty zespołowe","el capitán","kapitan"
"Deportes de Equipo","Sporty zespołowe","el árbitro","sędzia"
"Deportes de Equipo","Sporty zespołowe","el fútbol","piłka nożna"
"Deportes de Equipo","Sporty zespołowe","el baloncesto","koszykówka"
"Deportes de Equipo","Sporty zespołowe","el voleibol","siatkówka"
"Deportes de Equipo","Sporty zespołowe","el balonmano","piłka ręczna"
"Deportes de Equipo","Sporty zespołowe","el rugby","rugby"
"Deportes de Equipo","Sporty zespołowe","el fútbol americano","futbol amerykański"
"Deportes de Equipo","Sporty zespołowe","el béisbol","baseball"
"Deportes de Equipo","Sporty zespołowe","el hockey sobre hielo","hokej na lodzie"
"Deportes de Equipo","Sporty zespołowe","el hockey sobre hierba","hokej na trawie"
"Deportes de Equipo","Sporty zespołowe","el waterpolo","piłka wodna"
"Deportes de Equipo","Sporty zespołowe","el críquet","krykiet"
"Deportes de Equipo","Sporty zespołowe","el lacrosse","lacrosse"
"Deportes de Equipo","Sporty zespołowe","el polo","polo"
"Deportes de Equipo","Sporty zespołowe","el curling","curling"
"Deportes de Equipo","Sporty zespołowe","el partido","mecz"
"Deportes de Equipo","Sporty zespołowe","el torneo","turniej"
"Deportes de Equipo","Sporty zespołowe","el campeonato","mistrzostwa"
"Deportes de Equipo","Sporty zespołowe","la liga","liga"
"Deportes de Equipo","Sporty zespołowe","la copa","puchar"
"Deportes de Equipo","Sporty zespołowe","el estadio","stadion"
"Deportes de Equipo","Sporty zespołowe","el campo / la cancha","boisko"
"Deportes de Equipo","Sporty zespołowe","la portería","bramka"
"Deportes de Equipo","Sporty zespołowe","la canasta","kosz"
"Deportes de Equipo","Sporty zespołowe","la red","siatka"
"Deportes de Equipo","Sporty zespołowe","el balón / la pelota","piłka"
"Deportes de Equipo","Sporty zespołowe","el disco","krążek (hokejowy)"
"Deportes de Equipo","Sporty zespołowe","el casco","kask"
"Deportes de Equipo","Sporty zespołowe","las protecciones","ochraniacze"
"Deportes de Equipo","Sporty zespołowe","marcar un gol","strzelić gola"
"Deportes de Equipo","Sporty zespołowe","anotar un punto","zdobyć punkt"
"Deportes de Equipo","Sporty zespołowe","lanzar","rzucać"
"Deportes de Equipo","Sporty zespołowe","atrapar / coger","łapać"
"Deportes de Equipo","Sporty zespołowe","pasar","podawać"
"Deportes de Equipo","Sporty zespołowe","la falta","faul"
"Deportes de Equipo","Sporty zespołowe","el penalti","rzut karny"
"Deportes de Equipo","Sporty zespołowe","el fuera de juego","spalony"
"Deportes de Equipo","Sporty zespołowe","el empate","remis"
"Deportes de Equipo","Sporty zespołowe","la prórroga","dogrywka"
"Deportes de Equipo","Sporty zespołowe","ganar","wygrać"
"Deportes de Equipo","Sporty zespołowe","perder","przegrać"
"Deportes de Equipo","Sporty zespołowe","el aficionado / el hincha","kibic"
"Deportes de Equipo","Sporty zespołowe","la táctica","taktyka"
"Deportes de Equipo","Sporty zespołowe","la defensa","obrona"
"Deportes de Equipo","Sporty zespołowe","el ataque","atak"
"Deportes Individuales","Sporty indywidualne","el deporte individual","sport indywidualny"
"Deportes Individuales","Sporty indywidualne","el atletismo","lekkoatletyka"
"Deportes Individuales","Sporty indywidualne","la carrera / el running","bieganie"
"Deportes Individuales","Sporty indywidualne","el esprint","sprint"
"Deportes Individuales","Sporty indywidualne","el maratón","maraton"
"Deportes Individuales","Sporty indywidualne","el salto de longitud","skok w dal"
"Deportes Individuales","Sporty indywidualne","el salto de altura","skok wzwyż"
"Deportes Individuales","Sporty indywidualne","el salto con pértiga","skok o tyczce"
"Deportes Individuales","Sporty indywidualne","el lanzamiento de jabalina","rzut oszczepem"
"Deportes Individuales","Sporty indywidualne","la natación","pływanie"
"Deportes Individuales","Sporty indywidualne","el ciclismo","kolarstwo"
"Deportes Individuales","Sporty indywidualne","el tenis","tenis"
"Deportes Individuales","Sporty indywidualne","el tenis de mesa / el ping-pong","tenis stołowy"
"Deportes Individuales","Sporty indywidualne","el bádminton","badminton"
"Deportes Individuales","Sporty indywidualne","el squash","squash"
"Deportes Individuales","Sporty indywidualne","el golf","golf"
"Deportes Individuales","Sporty indywidualne","el boxeo","boks"
"Deportes Individuales","Sporty indywidualne","la lucha libre","zapasy"
"Deportes Individuales","Sporty indywidualne","el judo","judo"
"Deportes Individuales","Sporty indywidualne","el karate","karate"
"Deportes Individuales","Sporty indywidualne","el taekwondo","taekwondo"
"Deportes Individuales","Sporty indywidualne","la esgrima","szermierka"
"Deportes Individuales","Sporty indywidualne","la gimnasia","gimnastyka"
"Deportes Individuales","Sporty indywidualne","el patinaje artístico","łyżwiarstwo figurowe"
"Deportes Individuales","Sporty indywidualne","el esquí","narciarstwo"
"Deportes Individuales","Sporty indywidualne","el snowboard","snowboard"
"Deportes Individuales","Sporty indywidualne","la halterofilia","podnoszenie ciężarów"
"Deportes Individuales","Sporty indywidualne","el tiro","strzelectwo"
"Deportes Individuales","Sporty indywidualne","el tiro con arco","łucznictwo"
"Deportes Individuales","Sporty indywidualne","la equitación / la hípica","jeździectwo"
"Deportes Individuales","Sporty indywidualne","el triatlón","triathlon"
"Deportes Individuales","Sporty indywidualne","el pentatlón","pięciobój"
"Deportes Individuales","Sporty indywidualne","la escalada","wspinaczka"
"Deportes Individuales","Sporty indywidualne","el billar","billiard"
"Deportes Individuales","Sporty indywidualne","los dardos","rzutki (darts)"
"Deportes Individuales","Sporty indywidualne","el ajedrez","szachy"
"Deportes Individuales","Sporty indywidualne","la carrera","wyścig"
"Deportes Individuales","Sporty indywidualne","el récord","rekord"
"Deportes Individuales","Sporty indywidualne","la medalla","medal"
"Deportes Individuales","Sporty indywidualne","el oro","złoto"
"Deportes Individuales","Sporty indywidualne","la plata","srebro"
"Deportes Individuales","Sporty indywidualne","el bronce","brąz"
"Deportes Individuales","Sporty indywidualne","el campeón","mistrz"
"Deportes Individuales","Sporty indywidualne","el podio","podium"
"Deportes Individuales","Sporty indywidualne","el oponente / el contrincante","przeciwnik"
"Deportes Individuales","Sporty indywidualne","el rival","rywal"
"Deportes Individuales","Sporty indywidualne","el entrenamiento","trening"
"Deportes Individuales","Sporty indywidualne","la condición física","kondycja"
"Deportes Individuales","Sporty indywidualne","la técnica","technika"
"Deportes Individuales","Sporty indywidualne","el equipamiento","sprzęt (sportowy)"
"Deportes Acuáticos","Sporty wodne","el deporte acuático","sport wodny"
"Deportes Acuáticos","Sporty wodne","la natación","pływanie"
"Deportes Acuáticos","Sporty wodne","los saltos (de trampolín)","skoki do wody"
"Deportes Acuáticos","Sporty wodne","el waterpolo","piłka wodna"
"Deportes Acuáticos","Sporty wodne","la natación sincronizada","pływanie synchroniczne"
"Deportes Acuáticos","Sporty wodne","el remo","wioślarstwo"
"Deportes Acuáticos","Sporty wodne","el piragüismo / el kayak","kajakarstwo"
"Deportes Acuáticos","Sporty wodne","la vela","żeglarstwo"
"Deportes Acuáticos","Sporty wodne","el windsurf","windsurfing"
"Deportes Acuáticos","Sporty wodne","el kitesurf","kitesurfing"
"Deportes Acuáticos","Sporty wodne","el surf","surfing"
"Deportes Acuáticos","Sporty wodne","el buceo / el submarinismo","nurkowanie"
"Deportes Acuáticos","Sporty wodne","la apnea","freediving (na wstrzymanym oddechu)"
"Deportes Acuáticos","Sporty wodne","el esnórquel","snorkeling (z rurką)"
"Deportes Acuáticos","Sporty wodne","el esquí acuático","narty wodne"
"Deportes Acuáticos","Sporty wodne","el wakeboard","wakeboard"
"Deportes Acuáticos","Sporty wodne","el rafting","rafting"
"Deportes Acuáticos","Sporty wodne","la piscina","basen"
"Deportes Acuáticos","Sporty wodne","el mar","morze"
"Deportes Acuáticos","Sporty wodne","el lago","jezioro"
"Deportes Acuáticos","Sporty wodne","el agua","woda"
"Deportes Acuáticos","Sporty wodne","la tabla de surf","deska surfingowa"
"Deportes Acuáticos","Sporty wodne","la vela (objeto)","żagiel"
"Deportes Acuáticos","Sporty wodne","el remo (objeto)","wiosło"
"Deportes Acuáticos","Sporty wodne","la canoa / el kayak","kajak / kanoe"
"Deportes Acuáticos","Sporty wodne","la barca","łódź"
"Deportes Acuáticos","Sporty wodne","el bañador","strój kąpielowy"
"Deportes Acuáticos","Sporty wodne","el traje de neopreno","pianka (do pływania)"
"Deportes Acuáticos","Sporty wodne","las gafas de natación","okulary pływackie"
"Deportes Acuáticos","Sporty wodne","el gorro de baño","czepek"
"Deportes Acuáticos","Sporty wodne","las aletas","płetwy"
"Deportes Acuáticos","Sporty wodne","el tubo de buceo","rurka do nurkowania"
"Deportes Acuáticos","Sporty wodne","el chaleco salvavidas","kamizelka ratunkowa"
"Deportes Acuáticos","Sporty wodne","el socorrista","ratownik wodny"
"Deportes Acuáticos","Sporty wodne","la ola","fala"
"Deportes Acuáticos","Sporty wodne","el viento","wiatr"
"Deportes Acuáticos","Sporty wodne","la corriente","prąd (wodny)"
"Deportes Acuáticos","Sporty wodne","la profundidad","głębokość"
"Deportes Acuáticos","Sporty wodne","el estilo libre / el crol","kraul / styl dowolny"
"Deportes Acuáticos","Sporty wodne","la braza","styl klasyczny (żabka)"
"Deportes Acuáticos","Sporty wodne","el estilo espalda","styl grzbietowy"
"Deportes Acuáticos","Sporty wodne","el estilo mariposa","styl motylkowy (delfin)"
"Deportes Acuáticos","Sporty wodne","el trampolín","trampolina"
"Deportes Acuáticos","Sporty wodne","la inmersión","zanurzenie"
"Deportes Acuáticos","Sporty wodne","la regata","regaty / wyścig"
"Deportes Acuáticos","Sporty wodne","el puerto deportivo","marina / przystań"
"Deportes Acuáticos","Sporty wodne","el amarre","miejsce cumowania"
"Deportes Acuáticos","Sporty wodne","la balsa","tratwa"
"Deportes Acuáticos","Sporty wodne","la moto de agua","skuter wodny"
"Deportes Acuáticos","Sporty wodne","bucear","nurkować"
"Deportes de Invierno","Sporty zimowe","el deporte de invierno","sport zimowy"
"Deportes de Invierno","Sporty zimowe","el esquí","narciarstwo / narta"
"Deportes de Invierno","Sporty zimowe","el snowboard","snowboard"
"Deportes de Invierno","Sporty zimowe","el patinaje sobre hielo","łyżwiarstwo figurowe / na lodzie"
"Deportes de Invierno","Sporty zimowe","el hockey sobre hielo","hokej na lodzie"
"Deportes de Invierno","Sporty zimowe","el patinaje de velocidad","łyżwiarstwo szybkie"
"Deportes de Invierno","Sporty zimowe","el salto de esquí","skoki narciarskie"
"Deportes de Invierno","Sporty zimowe","el biatlón","biathlon"
"Deportes de Invierno","Sporty zimowe","el bobsleigh","bobsleje"
"Deportes de Invierno","Sporty zimowe","el trineo","sanki / saneczkarstwo"
"Deportes de Invierno","Sporty zimowe","el curling","curling"
"Deportes de Invierno","Sporty zimowe","el alpinismo","alpinizm"
"Deportes de Invierno","Sporty zimowe","la nieve","śnieg"
"Deportes de Invierno","Sporty zimowe","el hielo","lód"
"Deportes de Invierno","Sporty zimowe","la montaña","góra"
"Deportes de Invierno","Sporty zimowe","la pista de esquí","stok narciarski"
"Deportes de Invierno","Sporty zimowe","el telesilla / el remonte","wyciąg krzesełkowy / orczyk"
"Deportes de Invierno","Sporty zimowe","el teleférico","kolejka linowa"
"Deportes de Invierno","Sporty zimowe","la avalancha / el alud","lawina"
"Deportes de Invierno","Sporty zimowe","el copo de nieve","płatek śniegu"
"Deportes de Invierno","Sporty zimowe","el invierno","zima"
"Deportes de Invierno","Sporty zimowe","el frío","zimno"
"Deportes de Invierno","Sporty zimowe","bajo cero","poniżej zera"
"Deportes de Invierno","Sporty zimowe","congelado","zamarznięty"
"Deportes de Invierno","Sporty zimowe","resbaladizo","śliski"
"Deportes de Invierno","Sporty zimowe","patinar","jeździć na łyżwach"
"Deportes de Invierno","Sporty zimowe","esquiar","jeździć na nartach"
"Deportes de Invierno","Sporty zimowe","deslizarse","ślizgać się / zjeżdżać"
"Deportes de Invierno","Sporty zimowe","frenar","hamować"
"Deportes de Invierno","Sporty zimowe","caerse","przewrócić się"
"Deportes de Invierno","Sporty zimowe","los esquís","narty"
"Deportes de Invierno","Sporty zimowe","los bastones (de esquí)","kije narciarskie"
"Deportes de Invierno","Sporty zimowe","las fijaciones","wiązania"
"Deportes de Invierno","Sporty zimowe","las botas de esquí","buty narciarskie"
"Deportes de Invierno","Sporty zimowe","la tabla de snowboard","deska snowboardowa"
"Deportes de Invierno","Sporty zimowe","los patines","łyżwy"
"Deportes de Invierno","Sporty zimowe","el disco (de hockey)","krążek hokejowy"
"Deportes de Invierno","Sporty zimowe","el casco","kask"
"Deportes de Invierno","Sporty zimowe","las gafas de ventisca","gogle narciarskie"
"Deportes de Invierno","Sporty zimowe","los guantes","rękawice"
"Deportes de Invierno","Sporty zimowe","el abrigo","płaszcz / kurtka"
"Deportes de Invierno","Sporty zimowe","el gorro","czapka"
"Deportes de Invierno","Sporty zimowe","la bufanda","szalik"
"Deportes de Invierno","Sporty zimowe","el forfait","karnet narciarski"
"Deportes de Invierno","Sporty zimowe","el instructor","instruktor"
"Deportes de Invierno","Sporty zimowe","la clase de esquí","lekcja narciarstwa"
"Deportes de Invierno","Sporty zimowe","el campeonato","mistrzostwa"
"Deportes de Invierno","Sporty zimowe","el fuera de pista","jazda poza trasą (freeride)"
"Deportes de Invierno","Sporty zimowe","la estación de esquí","ośrodek narciarski"
"Deportes de Invierno","Sporty zimowe","el trineo de perros","psi zaprzęg"
"Equipamiento Deportivo","Sprzęt sportowy","el equipamiento deportivo","sprzęt sportowy"
"Equipamiento Deportivo","Sprzęt sportowy","la pelota","piłka (zwykle mała)"
"Equipamiento Deportivo","Sprzęt sportowy","el balón","piłka (duża)"
"Equipamiento Deportivo","Sprzęt sportowy","la raqueta","rakieta (np. tenisowa)"
"Equipamiento Deportivo","Sprzęt sportowy","el bate","kij baseballowy"
"Equipamiento Deportivo","Sprzęt sportowy","el palo","kij (golfowy, hokejowy)"
"Equipamiento Deportivo","Sprzęt sportowy","la red","siatka"
"Equipamiento Deportivo","Sprzęt sportowy","la portería","bramka"
"Equipamiento Deportivo","Sprzęt sportowy","la canasta","kosz"
"Equipamiento Deportivo","Sprzęt sportowy","los guantes","rękawice"
"Equipamiento Deportivo","Sprzęt sportowy","el casco","kask"
"Equipamiento Deportivo","Sprzęt sportowy","las rodilleras","nakolanniki"
"Equipamiento Deportivo","Sprzęt sportowy","las coderas","nałokietniki"
"Equipamiento Deportivo","Sprzęt sportowy","las espinilleras","ochraniacze na piszczele"
"Equipamiento Deportivo","Sprzęt sportowy","las gafas de natación","okulary pływackie"
"Equipamiento Deportivo","Sprzęt sportowy","el gorro de baño","czepek pływacki"
"Equipamiento Deportivo","Sprzęt sportowy","el bañador","strój kąpielowy"
"Equipamiento Deportivo","Sprzęt sportowy","el chándal","dres"
"Equipamiento Deportivo","Sprzęt sportowy","las zapatillas de deporte","buty sportowe"
"Equipamiento Deportivo","Sprzęt sportowy","los tacos","korki (buty)"
"Equipamiento Deportivo","Sprzęt sportowy","los patines","łyżwy / rolki"
"Equipamiento Deportivo","Sprzęt sportowy","la bicicleta","rower"
"Equipamiento Deportivo","Sprzęt sportowy","el sillín","siodełko"
"Equipamiento Deportivo","Sprzęt sportowy","el pedal","pedał"
"Equipamiento Deportivo","Sprzęt sportowy","el manillar","kierownica (rowerowa)"
"Equipamiento Deportivo","Sprzęt sportowy","la tabla","deska"
"Equipamiento Deportivo","Sprzęt sportowy","los esquís","narty"
"Equipamiento Deportivo","Sprzęt sportowy","el silbato","gwizdek"
"Equipamiento Deportivo","Sprzęt sportowy","el cronómetro","stoper"
"Equipamiento Deportivo","Sprzęt sportowy","la cinta de correr","bieżnia (urządzenie)"
"Equipamiento Deportivo","Sprzęt sportowy","la pesa","ciężarek"
"Equipamiento Deportivo","Sprzęt sportowy","la mancuerna","hantel"
"Equipamiento Deportivo","Sprzęt sportowy","la barra","sztanga / drążek"
"Equipamiento Deportivo","Sprzęt sportowy","el disco (de pesas)","talerz (obciążenie)"
"Equipamiento Deportivo","Sprzęt sportowy","la esterilla / la colchoneta","mata (np. do jogi) / materac"
"Equipamiento Deportivo","Sprzęt sportowy","el saco de boxeo","worek treningowy"
"Equipamiento Deportivo","Sprzęt sportowy","el kimono","kimono"
"Equipamiento Deportivo","Sprzęt sportowy","el cinturón","pas (np. w sztukach walki)"
"Equipamiento Deportivo","Sprzęt sportowy","los dardos","rzutki (lotki)"
"Equipamiento Deportivo","Sprzęt sportowy","la diana","tarcza (do rzutek)"
"Equipamiento Deportivo","Sprzęt sportowy","el tablero","plansza (np. do szachów)"
"Equipamiento Deportivo","Sprzęt sportowy","las piezas","pionki / bierki"
"Equipamiento Deportivo","Sprzęt sportowy","el aro","obręcz (np. hula hop)"
"Equipamiento Deportivo","Sprzęt sportowy","la comba","skakanka"
"Equipamiento Deportivo","Sprzęt sportowy","el trampolín","trampolina"
"Equipamiento Deportivo","Sprzęt sportowy","la jabalina","oszczep"
"Equipamiento Deportivo","Sprzęt sportowy","el disco (atletismo)","dysk (do rzutu)"
"Equipamiento Deportivo","Sprzęt sportowy","el trofeo","trofeum / puchar"
"Equipamiento Deportivo","Sprzęt sportowy","la medalla","medal"
"Equipamiento Deportivo","Sprzęt sportowy","el uniforme","stój sportowy (uniform)"
"En el Gimnasio","Na siłowni","el gimnasio","siłownia"
"En el Gimnasio","Na siłowni","el entrenamiento","trening"
"En el Gimnasio","Na siłowni","entrenar","trenować"
"En el Gimnasio","Na siłowni","hacer ejercicio","ćwiczyć"
"En el Gimnasio","Na siłowni","estar en forma","być w formie"
"En el Gimnasio","Na siłowni","la salud","zdrowie"
"En el Gimnasio","Na siłowni","la condición física","kondycja fizyczna"
"En el Gimnasio","Na siłowni","el entrenador personal","trener personalny"
"En el Gimnasio","Na siłowni","el instructor","instruktor"
"En el Gimnasio","Na siłowni","el músculo","mięsień"
"En el Gimnasio","Na siłowni","la fuerza","siła"
"En el Gimnasio","Na siłowni","la resistencia","wytrzymałość"
"En el Gimnasio","Na siłowni","el calentamiento","rozgrzewka"
"En el Gimnasio","Na siłowni","calentar","rozgrzewać się"
"En el Gimnasio","Na siłowni","el estiramiento","rozciągananie"
"En el Gimnasio","Na siłowni","estirar","rozciągać się"
"En el Gimnasio","Na siłowni","la máquina","maszyna / sprzęt (do ćwiczeń)"
"En el Gimnasio","Na siłowni","la cinta de correr","bieżnia"
"En el Gimnasio","Na siłowni","la bicicleta estática","rowerek stacjonarny"
"En el Gimnasio","Na siłowni","la elíptica","orbitrek / maszyna eliptyczna"
"En el Gimnasio","Na siłowni","las pesas","ciężary"
"En el Gimnasio","Na siłowni","levantar pesas","podnosić ciężary"
"En el Gimnasio","Na siłowni","la mancuerna","hantel"
"En el Gimnasio","Na siłowni","la pesa rusa / la kettlebell","odważnik kulowy (kettlebell)"
"En el Gimnasio","Na siłowni","la barra","sztanga"
"En el Gimnasio","Na siłowni","la repetición","powtórzenie"
"En el Gimnasio","Na siłowni","la serie","seria"
"En el Gimnasio","Na siłowni","el descanso","odpoczynek"
"En el Gimnasio","Na siłowni","sudar","pocić się"
"En el Gimnasio","Na siłowni","el sudor","pot"
"En el Gimnasio","Na siłowni","la toalla","ręcznik"
"En el Gimnasio","Na siłowni","la botella de agua","butelka wody"
"En el Gimnasio","Na siłowni","el vestuario","szatnia"
"En el Gimnasio","Na siłowni","la taquilla","szafka (w szatni)"
"En el Gimnasio","Na siłowni","la ducha","prysznic"
"En el Gimnasio","Na siłowni","la clase dirigida","zajęcia grupowe"
"En el Gimnasio","Na siłowni","el yoga","joga"
"En el Gimnasio","Na siłowni","el pilates","pilates"
"En el Gimnasio","Na siłowni","el aeróbic","aerobik"
"En el Gimnasio","Na siłowni","el zumba","zumba"
"En el Gimnasio","Na siłowni","el spinning","spinning"
"En el Gimnasio","Na siłowni","la esterilla","mata do ćwiczeń"
"En el Gimnasio","Na siłowni","los abdominales","brzuszki (ćwiczenie) / mięśnie brzucha"
"En el Gimnasio","Na siłowni","las flexiones","pompki (ćwiczenie)"
"En el Gimnasio","Na siłowni","las sentadillas","przysiady"
"En el Gimnasio","Na siłowni","perder peso","schudnąć / tracić na wadze"
"En el Gimnasio","Na siłowni","ganar masa muscular","budować masę mięśniową"
"En el Gimnasio","Na siłowni","la dieta","dieta"
"En el Gimnasio","Na siłowni","la proteína","białko"
"En el Gimnasio","Na siłowni","la motivación","motywacja"
"Artes Marciales","Sztuki walki","las artes marciales","sztuki walki"
"Artes Marciales","Sztuki walki","el kárate","karate"
"Artes Marciales","Sztuki walki","el judo","judo"
"Artes Marciales","Sztuki walki","el taekwondo","taekwondo"
"Artes Marciales","Sztuki walki","el boxeo","boks"
"Artes Marciales","Sztuki walki","el kickboxing","kick-boxing"
"Artes Marciales","Sztuki walki","el muay thai","muay thai (boks tajski)"
"Artes Marciales","Sztuki walki","el jiu-jitsu","jiu-jitsu"
"Artes Marciales","Sztuki walki","el kung fu","kung fu"
"Artes Marciales","Sztuki walki","la esgrima","szermierka"
"Artes Marciales","Sztuki walki","la lucha libre","zapasy"
"Artes Marciales","Sztuki walki","el combate","walka / starcie"
"Artes Marciales","Sztuki walki","el asalto / el round","runda"
"Artes Marciales","Sztuki walki","el cuadrilátero / el ring","ring"
"Artes Marciales","Sztuki walki","el tatami","mata (tatami)"
"Artes Marciales","Sztuki walki","el luchador","wojownik / zapaśnik"
"Artes Marciales","Sztuki walki","el boxeador","bokser"
"Artes Marciales","Sztuki walki","el maestro / el sensei","mistrz / nauczyciel"
"Artes Marciales","Sztuki walki","el oponente / el rival","przeciwnik / rywal"
"Artes Marciales","Sztuki walki","el árbitro","sędzia"
"Artes Marciales","Sztuki walki","atacar","atakować"
"Artes Marciales","Sztuki walki","el ataque","atak"
"Artes Marciales","Sztuki walki","defender","bronić"
"Artes Marciales","Sztuki walki","la defensa","obrona"
"Artes Marciales","Sztuki walki","bloquear","blokować"
"Artes Marciales","Sztuki walki","el bloqueo","blok (ciosu)"
"Artes Marciales","Sztuki walki","golpear","uderzać"
"Artes Marciales","Sztuki walki","el golpe","cios / uderzenie"
"Artes Marciales","Sztuki walki","el puñetazo","uderzenie pięścią"
"Artes Marciales","Sztuki walki","la patada","kopnięcie"
"Artes Marciales","Sztuki walki","el gancho","sierpowy / hak (cios)"
"Artes Marciales","Sztuki walki","esquivar","unikać (ciosu)"
"Artes Marciales","Sztuki walki","derribar","powalić / obalić"
"Artes Marciales","Sztuki walki","el agarre","chwyt"
"Artes Marciales","Sztuki walki","la llave","dźwignia"
"Artes Marciales","Sztuki walki","la sumisión","poddanie"
"Artes Marciales","Sztuki walki","rendirse","poddać się"
"Artes Marciales","Sztuki walki","ganar","wygrać"
"Artes Marciales","Sztuki walki","perder","przegrać"
"Artes Marciales","Sztuki walki","el nocaut (KO)","nokaut (KO)"
"Artes Marciales","Sztuki walki","la disciplina","dyscyplina"
"Artes Marciales","Sztuki walki","el respeto","szacunek"
"Artes Marciales","Sztuki walki","la concentración","koncentracja"
"Artes Marciales","Sztuki walki","el kimono / el dobok","kimono"
"Artes Marciales","Sztuki walki","el cinturón","pas"
"Artes Marciales","Sztuki walki","el cinturón negro","czarny pas"
"Artes Marciales","Sztuki walki","el guante de boxeo","rękawica bokserska"
"Artes Marciales","Sztuki walki","el saco de boxeo","worek treningowy"
"Artes Marciales","Sztuki walki","la técnica","technika"
"Artes Marciales","Sztuki walki","el torneo","turniej"
"Música Clásica","Muzyka klasyczna","la música clásica","muzyka klasyczna"
"Música Clásica","Muzyka klasyczna","la música","muzyka"
"Música Clásica","Muzyka klasyczna","el músico","muzyk"
"Música Clásica","Muzyka klasyczna","el compositor","kompozytor"
"Música Clásica","Muzyka klasyczna","componer","komponować"
"Música Clásica","Muzyka klasyczna","la obra","dzieło"
"Música Clásica","Muzyka klasyczna","la pieza musical","utwór muzyczny"
"Música Clásica","Muzyka klasyczna","la sinfonía","symfonia"
"Música Clásica","Muzyka klasyczna","el concierto","koncert"
"Música Clásica","Muzyka klasyczna","la sonata","sonata"
"Música Clásica","Muzyka klasyczna","la ópera","opera"
"Música Clásica","Muzyka klasyczna","el ballet","balet"
"Música Clásica","Muzyka klasyczna","la orquesta","orkiestra"
"Música Clásica","Muzyka klasyczna","la orquesta sinfónica","orkiestra symfoniczna"
"Música Clásica","Muzyka klasyczna","el director de orquesta","dyrygent"
"Música Clásica","Muzyka klasyczna","la batuta","batuta"
"Música Clásica","Muzyka klasyczna","el ensayo","próba"
"Música Clásica","Muzyka klasyczna","ensayar","robić próbę / ćwiczyć"
"Música Clásica","Muzyka klasyczna","el escenario","scena"
"Música Clásica","Muzyka klasyczna","el público","publiczność"
"Música Clásica","Muzyka klasyczna","aplaudir","klaskać"
"Música Clásica","Muzyka klasyczna","el aplauso","oklaski / brawa"
"Música Clásica","Muzyka klasyczna","el teatro","teatr"
"Música Clásica","Muzyka klasyczna","el auditorio","audytorium / sala koncertowa"
"Música Clásica","Muzyka klasyczna","el instrumento","instrument"
"Música Clásica","Muzyka klasyczna","el violín","skrzypce"
"Música Clásica","Muzyka klasyczna","la viola","altówka"
"Música Clásica","Muzyka klasyczna","el violonchelo","wiolonczela"
"Música Clásica","Muzyka klasyczna","el contrabajo","kontrabas"
"Música Clásica","Muzyka klasyczna","el piano","pianino / fortepian"
"Música Clásica","Muzyka klasyczna","la flauta","flet"
"Música Clásica","Muzyka klasyczna","el clarinete","klarnet"
"Música Clásica","Muzyka klasyczna","el oboe","obój"
"Música Clásica","Muzyka klasyczna","la trompeta","trąbka"
"Música Clásica","Muzyka klasyczna","el trombón","puzon"
"Música Clásica","Muzyka klasyczna","la trompa","waltornia"
"Música Clásica","Muzyka klasyczna","los timbales","kotły (instrument)"
"Música Clásica","Muzyka klasyczna","el arpa","harfa"
"Música Clásica","Muzyka klasyczna","afinar","stroić"
"Música Clásica","Muzyka klasyczna","tocar","grać (na instrumencie)"
"Música Clásica","Muzyka klasyczna","la melodía","melodia"
"Música Clásica","Muzyka klasyczna","la armonía","harmonia"
"Música Clásica","Muzyka klasyczna","el ritmo","rytm"
"Música Clásica","Muzyka klasyczna","la partitura","partytura / zapis nutowy"
"Música Clásica","Muzyka klasyczna","la nota","nuta"
"Música Clásica","Muzyka klasyczna","el atril","pulpit (na nuty)"
"Música Clásica","Muzyka klasyczna","el coro","chór"
"Música Clásica","Muzyka klasyczna","cantar","śpiewać"
"Música Clásica","Muzyka klasyczna","el soprano","sopran"
"Música Clásica","Muzyka klasyczna","el tenor","tenor"
"Géneros Musicales","Gatunki muzyczne","el género musical","gatunek muzyczny"
"Géneros Musicales","Gatunki muzyczne","el pop","pop"
"Géneros Musicales","Gatunki muzyczne","el rock","rock"
"Géneros Musicales","Gatunki muzyczne","el jazz","jazz"
"Géneros Musicales","Gatunki muzyczne","el blues","blues"
"Géneros Musicales","Gatunki muzyczne","la música clásica","muzyka klasyczna"
"Géneros Musicales","Gatunki muzyczne","el hip hop","hip hop"
"Géneros Musicales","Gatunki muzyczne","el rap","rap"
"Géneros Musicales","Gatunki muzyczne","el reguetón","reggaeton"
"Géneros Musicales","Gatunki muzyczne","la salsa","salsa"
"Géneros Musicales","Gatunki muzyczne","la bachata","bachata"
"Géneros Musicales","Gatunki muzyczne","el merengue","merengue"
"Géneros Musicales","Gatunki muzyczne","la cumbia","cumbia"
"Géneros Musicales","Gatunki muzyczne","el flamenco","flamenco"
"Géneros Musicales","Gatunki muzyczne","el tango","tango"
"Géneros Musicales","Gatunki muzyczne","el country","country"
"Géneros Musicales","Gatunki muzyczne","el heavy metal","heavy metal"
"Géneros Musicales","Gatunki muzyczne","el punk","punk"
"Géneros Musicales","Gatunki muzyczne","la música electrónica","muzyka elektroniczna"
"Géneros Musicales","Gatunki muzyczne","el tecno","techno"
"Géneros Musicales","Gatunki muzyczne","el house","house"
"Géneros Musicales","Gatunki muzyczne","la música disco","muzyka disco"
"Géneros Musicales","Gatunki muzyczne","el reggae","reggae"
"Géneros Musicales","Gatunki muzyczne","el soul","soul"
"Géneros Musicales","Gatunki muzyczne","el R&B","R&B"
"Géneros Musicales","Gatunki muzyczne","la música indie","muzyka indie"
"Géneros Musicales","Gatunki muzyczne","el folk / la música folclórica","muzyka folkowa / ludowa"
"Géneros Musicales","Gatunki muzyczne","la ópera","opera"
"Géneros Musicales","Gatunki muzyczne","la zarzuela","zarzuela (hiszpańska operetka)"
"Géneros Musicales","Gatunki muzyczne","el gospel","gospel"
"Géneros Musicales","Gatunki muzyczne","el funk","funk"
"Géneros Musicales","Gatunki muzyczne","el ska","ska"
"Géneros Musicales","Gatunki muzyczne","la música ambiental","muzyka ambient / tła"
"Géneros Musicales","Gatunki muzyczne","el villancico","kolęda"
"Géneros Musicales","Gatunki muzyczne","el himno","hymn"
"Géneros Musicales","Gatunki muzyczne","la balada","balada"
"Géneros Musicales","Gatunki muzyczne","el bolero","bolero"
"Géneros Musicales","Gatunki muzyczne","la ranchera","ranchera"
"Géneros Musicales","Gatunki muzyczne","el mariachi","muzyka mariachi"
"Géneros Musicales","Gatunki muzyczne","la música de cámara","muzyka kameralna"
"Géneros Musicales","Gatunki muzyczne","la sinfonía","symfonia"
"Géneros Musicales","Gatunki muzyczne","la música instrumental","muzyka instrumentalna"
"Géneros Musicales","Gatunki muzyczne","la música vocal","muzyka wokalna"
"Géneros Musicales","Gatunki muzyczne","el ritmo","rytm"
"Géneros Musicales","Gatunki muzyczne","el compás","takt / metrum"
"Géneros Musicales","Gatunki muzyczne","el acorde","akord"
"Géneros Musicales","Gatunki muzyczne","la melodía","melodia"
"Géneros Musicales","Gatunki muzyczne","el estribillo","refren"
"Géneros Musicales","Gatunki muzyczne","la estrofa","zwrotka"
"Géneros Musicales","Gatunki muzyczne","el estilo","styl (muzyczny)"
"Pintura y Escultura","Malarstwo i rzeźba","la pintura","malarstwo / farba"
"Pintura y Escultura","Malarstwo i rzeźba","el cuadro","obraz"
"Pintura y Escultura","Malarstwo i rzeźba","el pintor","malarz"
"Pintura y Escultura","Malarstwo i rzeźba","la pintora","malarka"
"Pintura y Escultura","Malarstwo i rzeźba","el pincel","pędzel"
"Pintura y Escultura","Malarstwo i rzeźba","la paleta","paleta"
"Pintura y Escultura","Malarstwo i rzeźba","el lienzo","płótno"
"Pintura y Escultura","Malarstwo i rzeźba","el caballete","sztaluga"
"Pintura y Escultura","Malarstwo i rzeźba","la acuarela","akwarela"
"Pintura y Escultura","Malarstwo i rzeźba","el óleo","farba olejna / obraz olejny"
"Pintura y Escultura","Malarstwo i rzeźba","el acrílico","akryl"
"Pintura y Escultura","Malarstwo i rzeźba","el pastel","pastel"
"Pintura y Escultura","Malarstwo i rzeźba","el carboncillo","węgiel (do rysowania)"
"Pintura y Escultura","Malarstwo i rzeźba","el boceto","szkic / zarys"
"Pintura y Escultura","Malarstwo i rzeźba","el esbozo","szkic"
"Pintura y Escultura","Malarstwo i rzeźba","el dibujo","rysunek"
"Pintura y Escultura","Malarstwo i rzeźba","el retrato","portret"
"Pintura y Escultura","Malarstwo i rzeźba","el autorretrato","autoportret"
"Pintura y Escultura","Malarstwo i rzeźba","el paisaje","pejzaż / krajobraz"
"Pintura y Escultura","Malarstwo i rzeźba","el bodegón","martwa natura"
"Pintura y Escultura","Malarstwo i rzeźba","la perspectiva","perspektywa"
"Pintura y Escultura","Malarstwo i rzeźba","la textura","tekstura"
"Pintura y Escultura","Malarstwo i rzeźba","la obra de arte","dzieło sztuki"
"Pintura y Escultura","Malarstwo i rzeźba","la exposición","wystawa"
"Pintura y Escultura","Malarstwo i rzeźba","la galería","galeria (sztuki)"
"Pintura y Escultura","Malarstwo i rzeźba","el museo","muzeum"
"Pintura y Escultura","Malarstwo i rzeźba","el marco","rama"
"Pintura y Escultura","Malarstwo i rzeźba","la escultura","rzeźba"
"Pintura y Escultura","Malarstwo i rzeźba","el escultor","rzeźbiarz"
"Pintura y Escultura","Malarstwo i rzeźba","esculpir","rzeźbić"
"Pintura y Escultura","Malarstwo i rzeźba","tallar","rzeźbić / ciosać (w drewnie/kamieniu)"
"Pintura y Escultura","Malarstwo i rzeźba","el mármol","marmur"
"Pintura y Escultura","Malarstwo i rzeźba","el bronce","brąz"
"Pintura y Escultura","Malarstwo i rzeźba","la arcilla","glina"
"Pintura y Escultura","Malarstwo i rzeźba","el yeso","gips"
"Pintura y Escultura","Malarstwo i rzeźba","la piedra","kamień"
"Pintura y Escultura","Malarstwo i rzeźba","el cincel","dłuto"
"Pintura y Escultura","Malarstwo i rzeźba","el martillo","młotek"
"Pintura y Escultura","Malarstwo i rzeźba","el relieve","płaskorzeźba"
"Pintura y Escultura","Malarstwo i rzeźba","el busto","popiersie"
"Pintura y Escultura","Malarstwo i rzeźba","la estatua","statua / posąg"
"Pintura y Escultura","Malarstwo i rzeźba","el monumento","pomnik"
"Pintura y Escultura","Malarstwo i rzeźba","la obra maestra","arcydzieło"
"Pintura y Escultura","Malarstwo i rzeźba","la creatividad","kreatywność"
"Pintura y Escultura","Malarstwo i rzeźba","abstracto","abstrakcyjny"
"Pintura y Escultura","Malarstwo i rzeźba","figurativo","figuratywny"
"Pintura y Escultura","Malarstwo i rzeźba","realista","realistyczny"
"Pintura y Escultura","Malarstwo i rzeźba","surrealista","surrealistyczny"
"Pintura y Escultura","Malarstwo i rzeźba","la pincelada","pociągnięcie pędzlem"
"Pintura y Escultura","Malarstwo i rzeźba","las bellas artes","sztuki piękne"
"Arquitectura","Architektura","la arquitectura","architektura"
"Arquitectura","Architektura","el arquitecto","architekt"
"Arquitectura","Architektura","el edificio","budynek"
"Arquitectura","Architektura","la construcción","budowa / konstrukcja"
"Arquitectura","Architektura","construir","budować"
"Arquitectura","Architektura","el plano","plan / projekt"
"Arquitectura","Architektura","el diseño","projekt / design"
"Arquitectura","Architektura","el proyecto","projekt"
"Arquitectura","Architektura","los cimientos","fundamenty"
"Arquitectura","Architektura","la fachada","fasada / elewacja"
"Arquitectura","Architektura","el muro","mur"
"Arquitectura","Architektura","la pared","ściana"
"Arquitectura","Architektura","el techo","sufit / dach"
"Arquitectura","Architektura","el tejado","dach"
"Arquitectura","Architektura","la columna","kolumna"
"Arquitectura","Architektura","el pilar","filar"
"Arquitectura","Architektura","el arco","łuk (architektoniczny)"
"Arquitectura","Architektura","la bóveda","sklepienie"
"Arquitectura","Architektura","la cúpula","kopuła"
"Arquitectura","Architektura","la escalera","schody"
"Arquitectura","Architektura","el balcón","balkon"
"Arquitectura","Architektura","la terraza","taras"
"Arquitectura","Architektura","la ventana","okno"
"Arquitectura","Architektura","la puerta","drzwi"
"Arquitectura","Architektura","el rascacielos","drapacz chmur"
"Arquitectura","Architektura","la torre","wieża"
"Arquitectura","Architektura","el castillo","zamek"
"Arquitectura","Architektura","el palacio","pałac"
"Arquitectura","Architektura","la iglesia","kościół"
"Arquitectura","Architektura","la catedral","katedra"
"Arquitectura","Architektura","el templo","świątynia"
"Arquitectura","Architektura","la mezquita","meczet"
"Arquitectura","Architektura","el puente","most"
"Arquitectura","Architektura","el monumento","zabytek / pomnik"
"Arquitectura","Architektura","el ladrillo","cegła"
"Arquitectura","Architektura","el cemento","cement"
"Arquitectura","Architektura","el hormigón","beton"
"Arquitectura","Architektura","el acero","stal"
"Arquitectura","Architektura","el vidrio","szkło"
"Arquitectura","Architektura","la madera","drewno"
"Arquitectura","Architektura","el estilo gótico","styl gotycki"
"Arquitectura","Architektura","el estilo románico","styl romański"
"Arquitectura","Architektura","el estilo barroco","styl barokowy"
"Arquitectura","Architektura","el estilo renacentista","styl renesansowy"
"Arquitectura","Architektura","el estilo modernista","styl modernistyczny"
"Arquitectura","Architektura","el espacio","przestrzeń"
"Arquitectura","Architektura","la luz","światło"
"Arquitectura","Architektura","el urbanismo","urbanistyka"
"Arquitectura","Architektura","el plano de planta","rzut poziomy"
"Arquitectura","Architektura","la estructura","struktura / szkielet"
"Fotografía","Fotografia","la fotografía","fotografia"
"Fotografía","Fotografia","la foto","zdjęcie"
"Fotografía","Fotografia","el fotógrafo","fotograf"
"Fotografía","Fotografia","la cámara (fotográfica)","aparat (fotograficzny)"
"Fotografía","Fotografia","el objetivo / la lente","obiektyw / soczewka"
"Fotografía","Fotografia","el flash","flesz / lampa błyskowa"
"Fotografía","Fotografia","el trípode","statyw"
"Fotografía","Fotografia","el enfoque","ostrość / punkt ostrości"
"Fotografía","Fotografia","enfocar","ustawiać ostrość"
"Fotografía","Fotografia","el encuadre","kadr"
"Fotografía","Fotografia","la luz","światło"
"Fotografía","Fotografia","la iluminación","oświetlenie"
"Fotografía","Fotografia","el contraste","kontrast"
"Fotografía","Fotografia","la exposición","ekspozycja"
"Fotografía","Fotografia","el diafragma","przesłona"
"Fotografía","Fotografia","la velocidad de obturación","czas naświetlania"
"Fotografía","Fotografia","el sensor","matryca (w aparacie)"
"Fotografía","Fotografia","el carrete","klisza / film"
"Fotografía","Fotografia","revelar","wywoływać (zdjęcia)"
"Fotografía","Fotografia","el cuarto oscuro","ciemnia"
"Fotografía","Fotografia","el álbum","album"
"Fotografía","Fotografia","el retrato","portret"
"Fotografía","Fotografia","el paisaje","pejzaż"
"Fotografía","Fotografia","la fotografía en blanco y negro","fotografia czarno-biała"
"Fotografía","Fotografia","la fotografía en color","fotografia kolorowa"
"Fotografía","Fotografia","el primer plano","pierwszy plan / zbliżenie"
"Fotografía","Fotografia","el fondo","tło"
"Fotografía","Fotografia","el píxel","piksel"
"Fotografía","Fotografia","la resolución","rozdzielczość"
"Fotografía","Fotografia","el archivo","plik (np. ze zdjęciem)"
"Fotografía","Fotografia","editar","edytować"
"Fotografía","Fotografia","retocar","retuszować"
"Fotografía","Fotografia","el filtro","filtr"
"Fotografía","Fotografia","el modelo / la modelo","model / modelka"
"Fotografía","Fotografia","posar","pozować"
"Fotografía","Fotografia","el estudio fotográfico","studio fotograficzne"
"Fotografía","Fotografia","la instantánea","zdjęcie natychmiastowe / polaroid"
"Fotografía","Fotografia","el fotoperiodismo","fotoreportaż"
"Fotografía","Fotografia","hacer una foto / sacar una foto","robić zdjęcie"
"Fotografía","Fotografia","borrar","kasować"
"Fotografía","Fotografia","guardar","zapisywać"
"Fotografía","Fotografia","capturar","uchwycić"
"Fotografía","Fotografia","la nitidez","ostrość (zdjęcia)"
"Fotografía","Fotografia","desenfocado","rozmazany / nieostry"
"Fotografía","Fotografia","nítido","ostry / wyraźny"
"Fotografía","Fotografia","el gran angular","obiektyw szerokokątny"
"Fotografía","Fotografia","el teleobjetivo","teleobiektyw"
"Fotografía","Fotografia","la tarjeta de memoria","karta pamięci"
"Fotografía","Fotografia","el autorretrato / el selfi","autoportret / selfie"
"Fotografía","Fotografia","el visor","wizjer"
"Géneros Literarios","Gatunki literackie","la literatura","literatura"
"Géneros Literarios","Gatunki literackie","el género literario","gatunek literacki"
"Géneros Literarios","Gatunki literackie","la novela","powieść"
"Géneros Literarios","Gatunki literackie","la novela histórica","powieść historyczna"
"Géneros Literarios","Gatunki literackie","la novela policíaca","powieść kryminalna"
"Géneros Literarios","Gatunki literackie","la novela romántica","romans"
"Géneros Literarios","Gatunki literackie","la ciencia ficción","science fiction"
"Géneros Literarios","Gatunki literackie","la fantasía","fantasy"
"Géneros Literarios","Gatunki literackie","el cuento","opowiadanie / bajka"
"Géneros Literarios","Gatunki literackie","el relato","opowiadanie / relacja"
"Géneros Literarios","Gatunki literackie","la leyenda","legenda"
"Géneros Literarios","Gatunki literackie","el mito","mit"
"Géneros Literarios","Gatunki literackie","la fábula","bajka (ze zwierzętami i morałem)"
"Géneros Literarios","Gatunki literackie","el poema","wiersz"
"Géneros Literarios","Gatunki literackie","la poesía","poezja"
"Géneros Literarios","Gatunki literackie","el poeta","poeta"
"Géneros Literarios","Gatunki literackie","el drama","dramat"
"Géneros Literarios","Gatunki literackie","la comedia","komedia"
"Géneros Literarios","Gatunki literackie","la tragedia","tragedia"
"Géneros Literarios","Gatunki literackie","el ensayo","esej"
"Géneros Literarios","Gatunki literackie","la biografía","biografia"
"Géneros Literarios","Gatunki literackie","la autobiografía","autobiografia"
"Géneros Literarios","Gatunki literackie","el diario","dziennik / pamiętnik"
"Géneros Literarios","Gatunki literackie","las memorias","wspomnienia"
"Géneros Literarios","Gatunki literackie","la crónica","kronika"
"Géneros Literarios","Gatunki literackie","el artículo","artykuł"
"Géneros Literarios","Gatunki literackie","la prosa","proza"
"Géneros Literarios","Gatunki literackie","el verso","wers / wiersz"
"Géneros Literarios","Gatunki literackie","la estrofa","zwrotka"
"Géneros Literarios","Gatunki literackie","la rima","rym"
"Géneros Literarios","Gatunki literackie","la métrica","metryka / rytm"
"Géneros Literarios","Gatunki literackie","el narrador","narrator"
"Géneros Literarios","Gatunki literackie","el protagonista","główny bohater"
"Géneros Literarios","Gatunki literackie","el antagonista","antagonista / wróg"
"Géneros Literarios","Gatunki literackie","el personaje","postać"
"Géneros Literarios","Gatunki literackie","la trama","fabuła / intryga"
"Géneros Literarios","Gatunki literackie","el argumento","streszczenie / treść"
"Géneros Literarios","Gatunki literackie","el clímax","punkt kulminacyjny"
"Géneros Literarios","Gatunki literackie","el desenlace","zakończenie / rozwiązanie"
"Géneros Literarios","Gatunki literackie","el diálogo","dialog"
"Géneros Literarios","Gatunki literackie","el monólogo","monolog"
"Géneros Literarios","Gatunki literackie","la metáfora","metafora"
"Géneros Literarios","Gatunki literackie","la obra literaria","dzieło literackie"
"Géneros Literarios","Gatunki literackie","el autor","autor"
"Géneros Literarios","Gatunki literackie","el escritor","pisarz"
"Géneros Literarios","Gatunki literackie","la editorial","wydawnictwo"
"Géneros Literarios","Gatunki literackie","publicar","publikować"
"Géneros Literarios","Gatunki literackie","el best seller","bestseller"
"Géneros Literarios","Gatunki literackie","el capítulo","rozdział"
"Géneros Literarios","Gatunki literackie","el índice","spis treści"
"El Periódico","Gazeta","el periódico","gazeta"
"El Periódico","Gazeta","la revista","magazyn / czasopismo"
"El Periódico","Gazeta","la prensa","prasa"
"El Periódico","Gazeta","la noticia","wiadomość"
"El Periódico","Gazeta","el periodista","dziennikarz"
"El Periódico","Gazeta","la periodista","dziennikarka"
"El Periódico","Gazeta","el artículo","artykuł"
"El Periódico","Gazeta","el titular","nagłówek"
"El Periódico","Gazeta","la portada","okładka / pierwsza strona"
"El Periódico","Gazeta","la columna","kolumna"
"El Periódico","Gazeta","el editorial","artykuł wstępny (edytorial)"
"El Periódico","Gazeta","la entrevista","wywiad"
"El Periódico","Gazeta","el reportaje","reportaż"
"El Periódico","Gazeta","el reportero","reporter"
"El Periódico","Gazeta","la sección","sekcja / dział"
"El Periódico","Gazeta","las noticias locales","wiadomości lokalne"
"El Periódico","Gazeta","las noticias internacionales","wiadomości międzynarodowe"
"El Periódico","Gazeta","la sección de deportes","dział sportowy"
"El Periódico","Gazeta","la sección de economía","dział gospodarczy"
"El Periódico","Gazeta","la cultura","kultura"
"El Periódico","Gazeta","el anuncio","ogłoszenie / reklama"
"El Periódico","Gazeta","los clasificados","ogłoszenia drobne"
"El Periódico","Gazeta","la tira cómica","komiks / pasek komiksowy"
"El Periódico","Gazeta","el crucigrama","krzyżówka"
"El Periódico","Gazeta","el horóscopo","horoskop"
"El Periódico","Gazeta","el quiosco","kiosk"
"El Periódico","Gazeta","el suscriptor","prenumerator"
"El Periódico","Gazeta","la suscripción","prenumerata / subskrypcja"
"El Periódico","Gazeta","publicar","publikować"
"El Periódico","Gazeta","editar","edytować / wydawać"
"El Periódico","Gazeta","el editor","redaktor / wydawca"
"El Periódico","Gazeta","el redactor","redaktor (piszący)"
"El Periódico","Gazeta","la redacción","redakcja"
"El Periódico","Gazeta","la fuente","źródło (informacji)"
"El Periódico","Gazeta","la objetividad","obiektywizm"
"El Periódico","Gazeta","la censura","cenzura"
"El Periódico","Gazeta","el tabloide","tabloid"
"El Periódico","Gazeta","la tirada","nakład"
"El Periódico","Gazeta","imprimir","drukować"
"El Periódico","Gazeta","la imprenta","drukarnia"
"El Periódico","Gazeta","el suplemento","dodatek (do gazety)"
"El Periódico","Gazeta","la crítica","recenzja / krytyka"
"El Periódico","Gazeta","la exclusiva","materiał na wyłączność (exclusive)"
"El Periódico","Gazeta","el chisme / el cotilleo","plotka"
"El Periódico","Gazeta","la prensa amarilla","prasa brukowa"
"El Periódico","Gazeta","el corresponsal","korespondent"
"El Periódico","Gazeta","el fotógrafo","fotograf"
"El Periódico","Gazeta","leer","czytać"
"El Periódico","Gazeta","hojear","kartkować"
"El Periódico","Gazeta","enterarse","dowiadywać się"
"Televisión y Radio","Telewizja i Radio","la televisión / la tele","telewizja"
"Televisión y Radio","Telewizja i Radio","el televisor","telewizor"
"Televisión y Radio","Telewizja i Radio","la radio","radio"
"Televisión y Radio","Telewizja i Radio","el programa","program"
"Televisión y Radio","Telewizja i Radio","el canal","kanał"
"Televisión y Radio","Telewizja i Radio","la emisora","stacja (radiowa)"
"Televisión y Radio","Telewizja i Radio","la cadena","sieć (telewizyjna/radiowa)"
"Televisión y Radio","Telewizja i Radio","el mando a distancia","pilot (do telewizora)"
"Televisión y Radio","Telewizja i Radio","la pantalla","ekran"
"Televisión y Radio","Telewizja i Radio","el volumen","głośność"
"Televisión y Radio","Telewizja i Radio","encender","włączać"
"Televisión y Radio","Telewizja i Radio","apagar","wyłączać"
"Televisión y Radio","Telewizja i Radio","cambiar de canal","zmieniać kanał"
"Televisión y Radio","Telewizja i Radio","el telediario / las noticias","dziennik / wiadomości"
"Televisión y Radio","Telewizja i Radio","la serie","serial"
"Televisión y Radio","Telewizja i Radio","la telenovela","telenowela"
"Televisión y Radio","Telewizja i Radio","el documental","film dokumentalny"
"Televisión y Radio","Telewizja i Radio","el concurso","teleturniej"
"Televisión y Radio","Telewizja i Radio","el programa de entrevistas","talk-show"
"Televisión y Radio","Telewizja i Radio","los dibujos animados","kreskówki"
"Televisión y Radio","Telewizja i Radio","la película","film"
"Televisión y Radio","Telewizja i Radio","el anuncio","reklama"
"Televisión y Radio","Telewizja i Radio","la pausa publicitaria","przerwa na reklamę"
"Televisión y Radio","Telewizja i Radio","el presentador","prezenter"
"Televisión y Radio","Telewizja i Radio","el locutor","spiker / prezenter radiowy"
"Televisión y Radio","Telewizja i Radio","la audiencia","widownia / słuchacze"
"Televisión y Radio","Telewizja i Radio","el espectador","widz"
"Televisión y Radio","Telewizja i Radio","el oyente","słuchacz"
"Televisión y Radio","Telewizja i Radio","el micrófono","mikrofon"
"Televisión y Radio","Telewizja i Radio","la antena","antena"
"Televisión y Radio","Telewizja i Radio","transmitir / emitir","nadawać / emitować"
"Televisión y Radio","Telewizja i Radio","la transmisión / la emisión","emisja / transmisja"
"Televisión y Radio","Telewizja i Radio","en directo / en vivo","na żywo"
"Televisión y Radio","Telewizja i Radio","grabado","nagrany"
"Televisión y Radio","Telewizja i Radio","el episodio","odcinek"
"Televisión y Radio","Telewizja i Radio","la temporada","sezon (serialu)"
"Televisión y Radio","Telewizja i Radio","sintonizar","dostroić / włączyć stację"
"Televisión y Radio","Telewizja i Radio","el dial","tarcza (w radiu) / częstotliwość"
"Televisión y Radio","Telewizja i Radio","el podcast","podcast"
"Televisión y Radio","Telewizja i Radio","el volumen alto","wysoka głośność"
"Televisión y Radio","Telewizja i Radio","el volumen bajo","niska głośność"
"Televisión y Radio","Telewizja i Radio","subir el volumen","zgłośnić"
"Televisión y Radio","Telewizja i Radio","bajar el volumen","ściszyć"
"Televisión y Radio","Telewizja i Radio","el satélite","satelita"
"Televisión y Radio","Telewizja i Radio","la televisión por cable","telewizja kablowa"
"Televisión y Radio","Telewizja i Radio","la programación","ramówka / program"
"Televisión y Radio","Telewizja i Radio","el guion","scenariusz"
"Televisión y Radio","Telewizja i Radio","el plató","studio telewizyjne"
"Televisión y Radio","Telewizja i Radio","los subtítulos","napisy"
"Televisión y Radio","Telewizja i Radio","el doblaje","dubbing"
"Cine y Teatro","Kino i Teatr","el cine","kino"
"Cine y Teatro","Kino i Teatr","el teatro","teatr"
"Cine y Teatro","Kino i Teatr","la película","film"
"Cine y Teatro","Kino i Teatr","la obra de teatro","sztuka teatralna"
"Cine y Teatro","Kino i Teatr","el actor","aktor"
"Cine y Teatro","Kino i Teatr","la actriz","aktorka"
"Cine y Teatro","Kino i Teatr","el director","reżyser"
"Cine y Teatro","Kino i Teatr","dirigir","reżyserować"
"Cine y Teatro","Kino i Teatr","el guion","scenariusz"
"Cine y Teatro","Kino i Teatr","el guionista","scenarzysta"
"Cine y Teatro","Kino i Teatr","el escenario","scena"
"Cine y Teatro","Kino i Teatr","el telón","kurtyna"
"Cine y Teatro","Kino i Teatr","la pantalla","ekran"
"Cine y Teatro","Kino i Teatr","la butaca","fotel (w kinie/teatrze)"
"Cine y Teatro","Kino i Teatr","la fila","rząd"
"Cine y Teatro","Kino i Teatr","el pasillo","korytarz / przejście"
"Cine y Teatro","Kino i Teatr","la entrada","bilet"
"Cine y Teatro","Kino i Teatr","la taquilla","kasa biletowa"
"Cine y Teatro","Kino i Teatr","el acomodador","bileter"
"Cine y Teatro","Kino i Teatr","el estreno","premiera"
"Cine y Teatro","Kino i Teatr","la cartelera","repertuar"
"Cine y Teatro","Kino i Teatr","el espectador","widz"
"Cine y Teatro","Kino i Teatr","el público","publiczność"
"Cine y Teatro","Kino i Teatr","aplaudir","klaskać"
"Cine y Teatro","Kino i Teatr","el aplauso","oklaski"
"Cine y Teatro","Kino i Teatr","actuar","grać (rolę)"
"Cine y Teatro","Kino i Teatr","la actuación","występ / gra aktorska"
"Cine y Teatro","Kino i Teatr","el personaje","postać"
"Cine y Teatro","Kino i Teatr","el protagonista","główny bohater"
"Cine y Teatro","Kino i Teatr","el papel","rola"
"Cine y Teatro","Kino i Teatr","el ensayo","próba"
"Cine y Teatro","Kino i Teatr","ensayar","odbywać próbę"
"Cine y Teatro","Kino i Teatr","el camerino","garderoba"
"Cine y Teatro","Kino i Teatr","el maquillaje","makijaż / charakteryzacja"
"Cine y Teatro","Kino i Teatr","el vestuario","kostiumy"
"Cine y Teatro","Kino i Teatr","el decorado","dekoracja / scenografia"
"Cine y Teatro","Kino i Teatr","la iluminación","oświetlenie"
"Cine y Teatro","Kino i Teatr","los efectos especiales","efekty specjalne"
"Cine y Teatro","Kino i Teatr","la banda sonora","ścieżka dźwiękowa"
"Cine y Teatro","Kino i Teatr","el tráiler","zwiastun"
"Cine y Teatro","Kino i Teatr","el cortometraje","film krótkometrażowy"
"Cine y Teatro","Kino i Teatr","el largometraje","film pełnometrażowy"
"Cine y Teatro","Kino i Teatr","la comedia","komedia"
"Cine y Teatro","Kino i Teatr","el drama","dramat"
"Cine y Teatro","Kino i Teatr","el musical","musical"
"Cine y Teatro","Kino i Teatr","el intermedio","przerwa / antrakt"
"Cine y Teatro","Kino i Teatr","las palomitas","popcorn"
"Cine y Teatro","Kino i Teatr","el premio","nagroda"
"Cine y Teatro","Kino i Teatr","nominar","nominować"
"Cine y Teatro","Kino i Teatr","rodar","kręcić (film)"
"Profesiones Médicas","Zawody medyczne","el médico / la médica","lekarz / lekarka"
"Profesiones Médicas","Zawody medyczne","el enfermero / la enfermera","pielęgniarz / pielęgniarka"
"Profesiones Médicas","Zawody medyczne","el cirujano","chirurg"
"Profesiones Médicas","Zawody medyczne","el anestesista","anestezjolog"
"Profesiones Médicas","Zawody medyczne","el pediatra","pediatra"
"Profesiones Médicas","Zawody medyczne","el cardiólogo","kardiolog"
"Profesiones Médicas","Zawody medyczne","el dermatólogo","dermatolog"
"Profesiones Médicas","Zawody medyczne","el ginecólogo","ginekolog"
"Profesiones Médicas","Zawody medyczne","el obstetra","położnik"
"Profesiones Médicas","Zawody medyczne","la matrona","położna"
"Profesiones Médicas","Zawody medyczne","el neurólogo","neurolog"
"Profesiones Médicas","Zawody medyczne","el psiquiatra","psychiatra"
"Profesiones Médicas","Zawody medyczne","el psicólogo","psycholog"
"Profesiones Médicas","Zawody medyczne","el oftalmólogo","okulista"
"Profesiones Médicas","Zawody medyczne","el dentista / el odontólogo","dentysta / stomatolog"
"Profesiones Médicas","Zawody medyczne","el ortodoncista","ortodonta"
"Profesiones Médicas","Zawody medyczne","el traumatólogo","traumatolog / ortopeda"
"Profesiones Médicas","Zawody medyczne","el fisioterapeuta","fizjoterapeuta"
"Profesiones Médicas","Zawody medyczne","el farmacéutico","farmaceuta"
"Profesiones Médicas","Zawody medyczne","el veterinario","weterynarz"
"Profesiones Médicas","Zawody medyczne","el oncólogo","onkolog"
"Profesiones Médicas","Zawody medyczne","el urólogo","urolog"
"Profesiones Médicas","Zawody medyczne","el endocrino","endokrynolog"
"Profesiones Médicas","Zawody medyczne","el alergólogo","alergolog"
"Profesiones Médicas","Zawody medyczne","el neumólogo","pulmonolog"
"Profesiones Médicas","Zawody medyczne","el gastroenterólogo","gastrolog"
"Profesiones Médicas","Zawody medyczne","el radiólogo","radiolog"
"Profesiones Médicas","Zawody medyczne","el patólogo","patolog"
"Profesiones Médicas","Zawody medyczne","el paramédico","ratownik medyczny"
"Profesiones Médicas","Zawody medyczne","el asistente médico","asystent medyczny"
"Profesiones Médicas","Zawody medyczne","el celador","sanitariusz (w szpitalu)"
"Profesiones Médicas","Zawody medyczne","el nutricionista","dietetyk"
"Profesiones Médicas","Zawody medyczne","el terapeuta ocupacional","terapeuta zajęciowy"
"Profesiones Médicas","Zawody medyczne","el logopeda","logopeda"
"Profesiones Médicas","Zawody medyczne","el podólogo","podolog"
"Profesiones Médicas","Zawody medyczne","el quiropráctico","kręgarz / chiropraktyk"
"Profesiones Médicas","Zawody medyczne","el cirujano plástico","chirurg plastyczny"
"Profesiones Médicas","Zawody medyczne","el médico de cabecera","lekarz rodzinny"
"Profesiones Médicas","Zawody medyczne","el médico de urgencias","lekarz pogotowia / ratunkowy"
"Profesiones Médicas","Zawody medyczne","el hematólogo","hematolog"
"Profesiones Médicas","Zawody medyczne","el reumatólogo","reumatolog"
"Profesiones Médicas","Zawody medyczne","el nefrólogo","nefrolog"
"Profesiones Médicas","Zawody medyczne","el otorrinolaringólogo","laryngolog"
"Profesiones Médicas","Zawody medyczne","el epidemiólogo","epidemiolog"
"Profesiones Médicas","Zawody medyczne","el inmunólogo","immunolog"
"Profesiones Médicas","Zawody medyczne","el forense","lekarz medycyny sądowej"
"Profesiones Médicas","Zawody medyczne","el técnico de laboratorio","technik laboratoryjny"
"Profesiones Médicas","Zawody medyczne","el óptico","optyk"
"Profesiones Médicas","Zawody medyczne","el osteópata","osteopata"
"Profesiones Médicas","Zawody medyczne","el especialista","specjalista"
"Profesiones Técnicas","Zawody techniczne","el ingeniero","inżynier"
"Profesiones Técnicas","Zawody techniczne","el ingeniero civil","inżynier budownictwa"
"Profesiones Técnicas","Zawody techniczne","el ingeniero mecánico","inżynier mechanik"
"Profesiones Técnicas","Zawody techniczne","el ingeniero eléctrico","inżynier elektryk"
"Profesiones Técnicas","Zawody techniczne","el ingeniero informático","inżynier informatyk"
"Profesiones Técnicas","Zawody techniczne","el ingeniero industrial","inżynier przemysłowy"
"Profesiones Técnicas","Zawody techniczne","el ingeniero químico","inżynier chemik"
"Profesiones Técnicas","Zawody techniczne","el arquitecto","architekt"
"Profesiones Técnicas","Zawody techniczne","el topógrafo","geodeta / topograf"
"Profesiones Técnicas","Zawody techniczne","el programador","programista"
"Profesiones Técnicas","Zawody techniczne","el desarrollador de software","programista (software developer)"
"Profesiones Técnicas","Zawody techniczne","el analista de sistemas","analityk systemowy"
"Profesiones Técnicas","Zawody techniczne","el técnico de sistemas","technik systemowy"
"Profesiones Técnicas","Zawody techniczne","el administrador de redes","administrator sieci"
"Profesiones Técnicas","Zawody techniczne","el técnico de soporte","pracownik wsparcia technicznego (helpdesk)"
"Profesiones Técnicas","Zawody techniczne","el técnico de mantenimiento","technik utrzymania ruchu"
"Profesiones Técnicas","Zawody techniczne","el electricista","elektryk"
"Profesiones Técnicas","Zawody techniczne","el fontanero","hydraulik"
"Profesiones Técnicas","Zawody techniczne","el carpintero","stolarz"
"Profesiones Técnicas","Zawody techniczne","el albañil","murarz"
"Profesiones Técnicas","Zawody techniczne","el mecánico","mechanik"
"Profesiones Técnicas","Zawody techniczne","el soldador","spawacz"
"Profesiones Técnicas","Zawody techniczne","el tornero","tokarz"
"Profesiones Técnicas","Zawody techniczne","el fresador","frezer"
"Profesiones Técnicas","Zawody techniczne","el técnico de climatización","technik klimatyzacji"
"Profesiones Técnicas","Zawody techniczne","el instalador","instalator"
"Profesiones Técnicas","Zawody techniczne","el operario","operator / robotnik"
"Profesiones Técnicas","Zawody techniczne","el operador de grúa","operator dźwigu"
"Profesiones Técnicas","Zawody techniczne","el conductor de maquinaria pesada","kierowca ciężkiego sprzętu"
"Profesiones Técnicas","Zawody techniczne","el técnico en electrónica","technik elektronik"
"Profesiones Técnicas","Zawody techniczne","el especialista en robótica","specjalista ds. robotyki"
"Profesiones Técnicas","Zawody techniczne","el técnico de sonido","realizator dźwięku"
"Profesiones Técnicas","Zawody techniczne","el técnico de iluminación","realizator oświetlenia"
"Profesiones Técnicas","Zawody techniczne","el camarógrafo","operator kamery"
"Profesiones Técnicas","Zawody techniczne","el editor de vídeo","montażysta wideo"
"Profesiones Técnicas","Zawody techniczne","el delineante","kreślarz"
"Profesiones Técnicas","Zawody techniczne","el aparejador","rzeczoznawca budowlany / inżynier budowy"
"Profesiones Técnicas","Zawody techniczne","el inspector de obras","inspektor nadzoru budowlanego"
"Profesiones Técnicas","Zawody techniczne","el técnico en telecomunicaciones","technik telekomunikacji"
"Profesiones Técnicas","Zawody techniczne","el diseñador web","projektant stron internetowych"
"Profesiones Técnicas","Zawody techniczne","el administrador de bases de datos","administrator baz danych"
"Profesiones Técnicas","Zawody techniczne","el experto en ciberseguridad","ekspert ds. cyberbezpieczeństwa"
"Profesiones Técnicas","Zawody techniczne","el especialista en inteligencia artificial","specjalista ds. sztucznej inteligencji"
"Profesiones Técnicas","Zawody techniczne","el mecánico de aviación","mechanik lotniczy"
"Profesiones Técnicas","Zawody techniczne","el artesano","rzemieślnik"
"Profesiones Técnicas","Zawody techniczne","el relojero","zegarmistrz"
"Profesiones Técnicas","Zawody techniczne","el cerrajero","ślusarz"
"Profesiones Técnicas","Zawody techniczne","el chapista","blacharz"
"Profesiones Técnicas","Zawody techniczne","el pintor","malarz (pokojowy)"
"Profesiones Técnicas","Zawody techniczne","el técnico","technik"
"Profesiones Artísticas","Zawody artystyczne","el artista","artysta"
"Profesiones Artísticas","Zawody artystyczne","el actor","aktor"
"Profesiones Artísticas","Zawody artystyczne","la actriz","aktorka"
"Profesiones Artísticas","Zawody artystyczne","el pintor","malarz"
"Profesiones Artísticas","Zawody artystyczne","el músico","muzyk"
"Profesiones Artísticas","Zawody artystyczne","el cantante","piosenkarz"
"Profesiones Artísticas","Zawody artystyczne","el bailarín","tancerz"
"Profesiones Artísticas","Zawody artystyczne","el escritor","pisarz"
"Profesiones Artísticas","Zawody artystyczne","el poeta","poeta"
"Profesiones Artísticas","Zawody artystyczne","el escultor","rzeźbiarz"
"Profesiones Artísticas","Zawody artystyczne","el fotógrafo","fotograf"
"Profesiones Artísticas","Zawody artystyczne","el director de cine","reżyser filmowy"
"Profesiones Artísticas","Zawody artystyczne","el diseñador","projektant"
"Profesiones Artísticas","Zawody artystyczne","el diseñador gráfico","grafik"
"Profesiones Artísticas","Zawody artystyczne","el diseñador de moda","projektant mody"
"Profesiones Artísticas","Zawody artystyczne","el ilustrador","ilustrator"
"Profesiones Artísticas","Zawody artystyczne","el dibujante","rysownik"
"Profesiones Artísticas","Zawody artystyczne","el animador","animator"
"Profesiones Artísticas","Zawody artystyczne","el arquitecto","architekt"
"Profesiones Artísticas","Zawody artystyczne","el compositor","kompozytor"
"Profesiones Artísticas","Zawody artystyczne","el guionista","scenarzysta"
"Profesiones Artísticas","Zawody artystyczne","el dramaturgo","dramaturg"
"Profesiones Artísticas","Zawody artystyczne","el comediante","komik"
"Profesiones Artísticas","Zawody artystyczne","el mago","magik / iluzjonista"
"Profesiones Artísticas","Zawody artystyczne","el coreógrafo","choreograf"
"Profesiones Artísticas","Zawody artystyczne","el director de orquesta","dyrygent"
"Profesiones Artísticas","Zawody artystyczne","el maquillador","wizażysta / charakteryzator"
"Profesiones Artísticas","Zawody artystyczne","el peluquero (estilista)","stylista fryzur"
"Profesiones Artísticas","Zawody artystyczne","el tatuador","tatuażysta"
"Profesiones Artísticas","Zawody artystyczne","el crítico de arte","krytyk sztuki"
"Profesiones Artísticas","Zawody artystyczne","el curador / el comisario","kurator wystawy"
"Profesiones Artísticas","Zawody artystyczne","el artesano","rzemieślnik"
"Profesiones Artísticas","Zawody artystyczne","el alfarero","garncarz"
"Profesiones Artísticas","Zawody artystyczne","el tejedor","tkacz"
"Profesiones Artísticas","Zawody artystyczne","el joyero","jubiler"
"Profesiones Artísticas","Zawody artystyczne","el orfebre","złotnik"
"Profesiones Artísticas","Zawody artystyczne","el grabador","grawer"
"Profesiones Artísticas","Zawody artystyczne","el restaurador","konserwator zabytków/sztuki"
"Profesiones Artísticas","Zawody artystyczne","el modelo","model (zawód)"
"Profesiones Artísticas","Zawody artystyczne","el actor de doblaje","aktor dubbingowy"
"Profesiones Artísticas","Zawody artystyczne","el escenógrafo","scenograf"
"Profesiones Artísticas","Zawody artystyczne","el locutor","lektor / spiker"
"Profesiones Artísticas","Zawody artystyczne","el novelista","powieściopisarz"
"Profesiones Artísticas","Zawody artystyczne","el ensayista","eseista"
"Profesiones Artísticas","Zawody artystyczne","el cuentista","bajkopisarz / autor opowiadań"
"Profesiones Artísticas","Zawody artystyczne","el titiritero","lalkarz"
"Profesiones Artísticas","Zawody artystyczne","el mimo","mim"
"Profesiones Artísticas","Zawody artystyczne","el malabarista","żongler"
"Profesiones Artísticas","Zawody artystyczne","el payaso","klaun"
"Profesiones Artísticas","Zawody artystyczne","el creador de contenido","twórca internetowy / influencer"
"Oficios","Rzemiosło/Fachy","Palabra 1 de Oficios","Słowo 1 z Rzemiosło/Fachy"
"Oficios","Rzemiosło/Fachy","Palabra 2 de Oficios","Słowo 2 z Rzemiosło/Fachy"
"Oficios","Rzemiosło/Fachy","Palabra 3 de Oficios","Słowo 3 z Rzemiosło/Fachy"
"Oficios","Rzemiosło/Fachy","Palabra 4 de Oficios","Słowo 4 z Rzemiosło/Fachy"
"Oficios","Rzemiosło/Fachy","Palabra 5 de Oficios","Słowo 5 z Rzemiosło/Fachy"
"Oficios","Rzemiosło/Fachy","Palabra 6 de Oficios","Słowo 6 z Rzemiosło/Fachy"
"Oficios","Rzemiosło/Fachy","Palabra 7 de Oficios","Słowo 7 z Rzemiosło/Fachy"
"Oficios","Rzemiosło/Fachy","Palabra 8 de Oficios","Słowo 8 z Rzemiosło/Fachy"
"Oficios","Rzemiosło/Fachy","Palabra 9 de Oficios","Słowo 9 z Rzemiosło/Fachy"
"Oficios","Rzemiosło/Fachy","Palabra 10 de Oficios","Słowo 10 z Rzemiosło/Fachy"
"Oficios","Rzemiosło/Fachy","Palabra 11 de Oficios","Słowo 11 z Rzemiosło/Fachy"
"Oficios","Rzemiosło/Fachy","Palabra 12 de Oficios","Słowo 12 z Rzemiosło/Fachy"
"Oficios","Rzemiosło/Fachy","Palabra 13 de Oficios","Słowo 13 z Rzemiosło/Fachy"
"Oficios","Rzemiosło/Fachy","Palabra 14 de Oficios","Słowo 14 z Rzemiosło/Fachy"
"Oficios","Rzemiosło/Fachy","Palabra 15 de Oficios","Słowo 15 z Rzemiosło/Fachy"
"Oficios","Rzemiosło/Fachy","Palabra 16 de Oficios","Słowo 16 z Rzemiosło/Fachy"
"Oficios","Rzemiosło/Fachy","Palabra 17 de Oficios","Słowo 17 z Rzemiosło/Fachy"
"Oficios","Rzemiosło/Fachy","Palabra 18 de Oficios","Słowo 18 z Rzemiosło/Fachy"
"Oficios","Rzemiosło/Fachy","Palabra 19 de Oficios","Słowo 19 z Rzemiosło/Fachy"
"Oficios","Rzemiosło/Fachy","Palabra 20 de Oficios","Słowo 20 z Rzemiosło/Fachy"
"Oficios","Rzemiosło/Fachy","Palabra 21 de Oficios","Słowo 21 z Rzemiosło/Fachy"
"Oficios","Rzemiosło/Fachy","Palabra 22 de Oficios","Słowo 22 z Rzemiosło/Fachy"
"Oficios","Rzemiosło/Fachy","Palabra 23 de Oficios","Słowo 23 z Rzemiosło/Fachy"
"Oficios","Rzemiosło/Fachy","Palabra 24 de Oficios","Słowo 24 z Rzemiosło/Fachy"
"Oficios","Rzemiosło/Fachy","Palabra 25 de Oficios","Słowo 25 z Rzemiosło/Fachy"
"Oficios","Rzemiosło/Fachy","Palabra 26 de Oficios","Słowo 26 z Rzemiosło/Fachy"
"Oficios","Rzemiosło/Fachy","Palabra 27 de Oficios","Słowo 27 z Rzemiosło/Fachy"
"Oficios","Rzemiosło/Fachy","Palabra 28 de Oficios","Słowo 28 z Rzemiosło/Fachy"
"Oficios","Rzemiosło/Fachy","Palabra 29 de Oficios","Słowo 29 z Rzemiosło/Fachy"
"Oficios","Rzemiosło/Fachy","Palabra 30 de Oficios","Słowo 30 z Rzemiosło/Fachy"
"Oficios","Rzemiosło/Fachy","Palabra 31 de Oficios","Słowo 31 z Rzemiosło/Fachy"
"Oficios","Rzemiosło/Fachy","Palabra 32 de Oficios","Słowo 32 z Rzemiosło/Fachy"
"Oficios","Rzemiosło/Fachy","Palabra 33 de Oficios","Słowo 33 z Rzemiosło/Fachy"
"Oficios","Rzemiosło/Fachy","Palabra 34 de Oficios","Słowo 34 z Rzemiosło/Fachy"
"Oficios","Rzemiosło/Fachy","Palabra 35 de Oficios","Słowo 35 z Rzemiosło/Fachy"
"Oficios","Rzemiosło/Fachy","Palabra 36 de Oficios","Słowo 36 z Rzemiosło/Fachy"
"Oficios","Rzemiosło/Fachy","Palabra 37 de Oficios","Słowo 37 z Rzemiosło/Fachy"
"Oficios","Rzemiosło/Fachy","Palabra 38 de Oficios","Słowo 38 z Rzemiosło/Fachy"
"Oficios","Rzemiosło/Fachy","Palabra 39 de Oficios","Słowo 39 z Rzemiosło/Fachy"
"Oficios","Rzemiosło/Fachy","Palabra 40 de Oficios","Słowo 40 z Rzemiosło/Fachy"
"Oficios","Rzemiosło/Fachy","Palabra 41 de Oficios","Słowo 41 z Rzemiosło/Fachy"
"Oficios","Rzemiosło/Fachy","Palabra 42 de Oficios","Słowo 42 z Rzemiosło/Fachy"
"Oficios","Rzemiosło/Fachy","Palabra 43 de Oficios","Słowo 43 z Rzemiosło/Fachy"
"Oficios","Rzemiosło/Fachy","Palabra 44 de Oficios","Słowo 44 z Rzemiosło/Fachy"
"Oficios","Rzemiosło/Fachy","Palabra 45 de Oficios","Słowo 45 z Rzemiosło/Fachy"
"Oficios","Rzemiosło/Fachy","Palabra 46 de Oficios","Słowo 46 z Rzemiosło/Fachy"
"Oficios","Rzemiosło/Fachy","Palabra 47 de Oficios","Słowo 47 z Rzemiosło/Fachy"
"Oficios","Rzemiosło/Fachy","Palabra 48 de Oficios","Słowo 48 z Rzemiosło/Fachy"
"Oficios","Rzemiosło/Fachy","Palabra 49 de Oficios","Słowo 49 z Rzemiosło/Fachy"
"Oficios","Rzemiosło/Fachy","Palabra 50 de Oficios","Słowo 50 z Rzemiosło/Fachy"
"Trabajo y Empleo","Praca i zatrudnienie","el trabajo","praca"
"Trabajo y Empleo","Praca i zatrudnienie","el empleo","zatrudnienie / posada"
"Trabajo y Empleo","Praca i zatrudnienie","el empleado","pracownik"
"Trabajo y Empleo","Praca i zatrudnienie","el empleador","pracodawca"
"Trabajo y Empleo","Praca i zatrudnienie","el jefe / la jefa","szef / szefowa"
"Trabajo y Empleo","Praca i zatrudnienie","el gerente","menedżer / kierownik"
"Trabajo y Empleo","Praca i zatrudnienie","el director","dyrektor"
"Trabajo y Empleo","Praca i zatrudnienie","el compañero de trabajo","kolega z pracy"
"Trabajo y Empleo","Praca i zatrudnienie","la empresa / la compañía","firma / przedsiębiorstwo"
"Trabajo y Empleo","Praca i zatrudnienie","la oficina","biuro"
"Trabajo y Empleo","Praca i zatrudnienie","el departamento","dział / wydział"
"Trabajo y Empleo","Praca i zatrudnienie","el horario","godziny pracy / harmonogram"
"Trabajo y Empleo","Praca i zatrudnienie","el turno","zmiana (w pracy)"
"Trabajo y Empleo","Praca i zatrudnienie","la jornada laboral","dzień pracy"
"Trabajo y Empleo","Praca i zatrudnienie","el descanso","przerwa"
"Trabajo y Empleo","Praca i zatrudnienie","el salario / el sueldo","pensja / wynagrodzenie"
"Trabajo y Empleo","Praca i zatrudnienie","la nómina","lista płac (odcinek wypłaty)"
"Trabajo y Empleo","Praca i zatrudnienie","el contrato","umowa / kontrakt"
"Trabajo y Empleo","Praca i zatrudnienie","el contrato fijo","umowa na czas nieokreślony"
"Trabajo y Empleo","Praca i zatrudnienie","el contrato temporal","umowa na czas określony"
"Trabajo y Empleo","Praca i zatrudnienie","firmar","podpisywać"
"Trabajo y Empleo","Praca i zatrudnienie","despedir","zwalniać (z pracy)"
"Trabajo y Empleo","Praca i zatrudnienie","el despido","zwolnienie"
"Trabajo y Empleo","Praca i zatrudnienie","renunciar / dimitir","zrezygnować / złożyć wypowiedzenie"
"Trabajo y Empleo","Praca i zatrudnienie","la renuncia / la dimisión","rezygnacja / dymisja"
"Trabajo y Empleo","Praca i zatrudnienie","el paro / el desempleo","bezrobocie"
"Trabajo y Empleo","Praca i zatrudnienie","el parado","bezrobotny"
"Trabajo y Empleo","Praca i zatrudnienie","la huelga","strajk"
"Trabajo y Empleo","Praca i zatrudnienie","el sindicato","związek zawodowy"
"Trabajo y Empleo","Praca i zatrudnienie","la jubilación","emerytura"
"Trabajo y Empleo","Praca i zatrudnienie","jubilarse","przejść na emeryturę"
"Trabajo y Empleo","Praca i zatrudnienie","el ascenso","awans"
"Trabajo y Empleo","Praca i zatrudnienie","ascender","awansować"
"Trabajo y Empleo","Praca i zatrudnienie","la vacante","wakat / wolne stanowisko"
"Trabajo y Empleo","Praca i zatrudnienie","contratar","zatrudniać"
"Trabajo y Empleo","Praca i zatrudnienie","la experiencia","doświadczenie"
"Trabajo y Empleo","Praca i zatrudnienie","el currículum (CV)","CV (życiorys)"
"Trabajo y Empleo","Praca i zatrudnienie","la entrevista","rozmowa kwalifikacyjna"
"Trabajo y Empleo","Praca i zatrudnienie","los recursos humanos (RRHH)","dział kadr / HR"
"Trabajo y Empleo","Praca i zatrudnienie","el teletrabajo","praca zdalna"
"Trabajo y Empleo","Praca i zatrudnienie","las vacaciones","urlop / wakacje"
"Trabajo y Empleo","Praca i zatrudnienie","la baja laboral","zwolnienie lekarskie (L4)"
"Trabajo y Empleo","Praca i zatrudnienie","el seguro","ubezpieczenie"
"Trabajo y Empleo","Praca i zatrudnienie","los impuestos","podatki"
"Trabajo y Empleo","Praca i zatrudnienie","la paga extra","dodatkowa pensja / trzynastka"
"Trabajo y Empleo","Praca i zatrudnienie","cobrar","zarabiać / pobierać (pieniądze)"
"Trabajo y Empleo","Praca i zatrudnienie","ganar","zarabiać (też: wygrywać)"
"Trabajo y Empleo","Praca i zatrudnienie","trabajar","pracować"
"Trabajo y Empleo","Praca i zatrudnienie","fichar","odbijać kartę / rejestrować czas pracy"
"Trabajo y Empleo","Praca i zatrudnienie","el día libre","dzień wolny"
"Entrevista de Trabajo","Rozmowa kwalifikacyjna","Palabra 1 de Entrevista de Trabajo","Słowo 1 z Rozmowa kwalifikacyjna"
"Entrevista de Trabajo","Rozmowa kwalifikacyjna","Palabra 2 de Entrevista de Trabajo","Słowo 2 z Rozmowa kwalifikacyjna"
"Entrevista de Trabajo","Rozmowa kwalifikacyjna","Palabra 3 de Entrevista de Trabajo","Słowo 3 z Rozmowa kwalifikacyjna"
"Entrevista de Trabajo","Rozmowa kwalifikacyjna","Palabra 4 de Entrevista de Trabajo","Słowo 4 z Rozmowa kwalifikacyjna"
"Entrevista de Trabajo","Rozmowa kwalifikacyjna","Palabra 5 de Entrevista de Trabajo","Słowo 5 z Rozmowa kwalifikacyjna"
"Entrevista de Trabajo","Rozmowa kwalifikacyjna","Palabra 6 de Entrevista de Trabajo","Słowo 6 z Rozmowa kwalifikacyjna"
"Entrevista de Trabajo","Rozmowa kwalifikacyjna","Palabra 7 de Entrevista de Trabajo","Słowo 7 z Rozmowa kwalifikacyjna"
"Entrevista de Trabajo","Rozmowa kwalifikacyjna","Palabra 8 de Entrevista de Trabajo","Słowo 8 z Rozmowa kwalifikacyjna"
"Entrevista de Trabajo","Rozmowa kwalifikacyjna","Palabra 9 de Entrevista de Trabajo","Słowo 9 z Rozmowa kwalifikacyjna"
"Entrevista de Trabajo","Rozmowa kwalifikacyjna","Palabra 10 de Entrevista de Trabajo","Słowo 10 z Rozmowa kwalifikacyjna"
"Entrevista de Trabajo","Rozmowa kwalifikacyjna","Palabra 11 de Entrevista de Trabajo","Słowo 11 z Rozmowa kwalifikacyjna"
"Entrevista de Trabajo","Rozmowa kwalifikacyjna","Palabra 12 de Entrevista de Trabajo","Słowo 12 z Rozmowa kwalifikacyjna"
"Entrevista de Trabajo","Rozmowa kwalifikacyjna","Palabra 13 de Entrevista de Trabajo","Słowo 13 z Rozmowa kwalifikacyjna"
"Entrevista de Trabajo","Rozmowa kwalifikacyjna","Palabra 14 de Entrevista de Trabajo","Słowo 14 z Rozmowa kwalifikacyjna"
"Entrevista de Trabajo","Rozmowa kwalifikacyjna","Palabra 15 de Entrevista de Trabajo","Słowo 15 z Rozmowa kwalifikacyjna"
"Entrevista de Trabajo","Rozmowa kwalifikacyjna","Palabra 16 de Entrevista de Trabajo","Słowo 16 z Rozmowa kwalifikacyjna"
"Entrevista de Trabajo","Rozmowa kwalifikacyjna","Palabra 17 de Entrevista de Trabajo","Słowo 17 z Rozmowa kwalifikacyjna"
"Entrevista de Trabajo","Rozmowa kwalifikacyjna","Palabra 18 de Entrevista de Trabajo","Słowo 18 z Rozmowa kwalifikacyjna"
"Entrevista de Trabajo","Rozmowa kwalifikacyjna","Palabra 19 de Entrevista de Trabajo","Słowo 19 z Rozmowa kwalifikacyjna"
"Entrevista de Trabajo","Rozmowa kwalifikacyjna","Palabra 20 de Entrevista de Trabajo","Słowo 20 z Rozmowa kwalifikacyjna"
"Entrevista de Trabajo","Rozmowa kwalifikacyjna","Palabra 21 de Entrevista de Trabajo","Słowo 21 z Rozmowa kwalifikacyjna"
"Entrevista de Trabajo","Rozmowa kwalifikacyjna","Palabra 22 de Entrevista de Trabajo","Słowo 22 z Rozmowa kwalifikacyjna"
"Entrevista de Trabajo","Rozmowa kwalifikacyjna","Palabra 23 de Entrevista de Trabajo","Słowo 23 z Rozmowa kwalifikacyjna"
"Entrevista de Trabajo","Rozmowa kwalifikacyjna","Palabra 24 de Entrevista de Trabajo","Słowo 24 z Rozmowa kwalifikacyjna"
"Entrevista de Trabajo","Rozmowa kwalifikacyjna","Palabra 25 de Entrevista de Trabajo","Słowo 25 z Rozmowa kwalifikacyjna"
"Entrevista de Trabajo","Rozmowa kwalifikacyjna","Palabra 26 de Entrevista de Trabajo","Słowo 26 z Rozmowa kwalifikacyjna"
"Entrevista de Trabajo","Rozmowa kwalifikacyjna","Palabra 27 de Entrevista de Trabajo","Słowo 27 z Rozmowa kwalifikacyjna"
"Entrevista de Trabajo","Rozmowa kwalifikacyjna","Palabra 28 de Entrevista de Trabajo","Słowo 28 z Rozmowa kwalifikacyjna"
"Entrevista de Trabajo","Rozmowa kwalifikacyjna","Palabra 29 de Entrevista de Trabajo","Słowo 29 z Rozmowa kwalifikacyjna"
"Entrevista de Trabajo","Rozmowa kwalifikacyjna","Palabra 30 de Entrevista de Trabajo","Słowo 30 z Rozmowa kwalifikacyjna"
"Entrevista de Trabajo","Rozmowa kwalifikacyjna","Palabra 31 de Entrevista de Trabajo","Słowo 31 z Rozmowa kwalifikacyjna"
"Entrevista de Trabajo","Rozmowa kwalifikacyjna","Palabra 32 de Entrevista de Trabajo","Słowo 32 z Rozmowa kwalifikacyjna"
"Entrevista de Trabajo","Rozmowa kwalifikacyjna","Palabra 33 de Entrevista de Trabajo","Słowo 33 z Rozmowa kwalifikacyjna"
"Entrevista de Trabajo","Rozmowa kwalifikacyjna","Palabra 34 de Entrevista de Trabajo","Słowo 34 z Rozmowa kwalifikacyjna"
"Entrevista de Trabajo","Rozmowa kwalifikacyjna","Palabra 35 de Entrevista de Trabajo","Słowo 35 z Rozmowa kwalifikacyjna"
"Entrevista de Trabajo","Rozmowa kwalifikacyjna","Palabra 36 de Entrevista de Trabajo","Słowo 36 z Rozmowa kwalifikacyjna"
"Entrevista de Trabajo","Rozmowa kwalifikacyjna","Palabra 37 de Entrevista de Trabajo","Słowo 37 z Rozmowa kwalifikacyjna"
"Entrevista de Trabajo","Rozmowa kwalifikacyjna","Palabra 38 de Entrevista de Trabajo","Słowo 38 z Rozmowa kwalifikacyjna"
"Entrevista de Trabajo","Rozmowa kwalifikacyjna","Palabra 39 de Entrevista de Trabajo","Słowo 39 z Rozmowa kwalifikacyjna"
"Entrevista de Trabajo","Rozmowa kwalifikacyjna","Palabra 40 de Entrevista de Trabajo","Słowo 40 z Rozmowa kwalifikacyjna"
"Entrevista de Trabajo","Rozmowa kwalifikacyjna","Palabra 41 de Entrevista de Trabajo","Słowo 41 z Rozmowa kwalifikacyjna"
"Entrevista de Trabajo","Rozmowa kwalifikacyjna","Palabra 42 de Entrevista de Trabajo","Słowo 42 z Rozmowa kwalifikacyjna"
"Entrevista de Trabajo","Rozmowa kwalifikacyjna","Palabra 43 de Entrevista de Trabajo","Słowo 43 z Rozmowa kwalifikacyjna"
"Entrevista de Trabajo","Rozmowa kwalifikacyjna","Palabra 44 de Entrevista de Trabajo","Słowo 44 z Rozmowa kwalifikacyjna"
"Entrevista de Trabajo","Rozmowa kwalifikacyjna","Palabra 45 de Entrevista de Trabajo","Słowo 45 z Rozmowa kwalifikacyjna"
"Entrevista de Trabajo","Rozmowa kwalifikacyjna","Palabra 46 de Entrevista de Trabajo","Słowo 46 z Rozmowa kwalifikacyjna"
"Entrevista de Trabajo","Rozmowa kwalifikacyjna","Palabra 47 de Entrevista de Trabajo","Słowo 47 z Rozmowa kwalifikacyjna"
"Entrevista de Trabajo","Rozmowa kwalifikacyjna","Palabra 48 de Entrevista de Trabajo","Słowo 48 z Rozmowa kwalifikacyjna"
"Entrevista de Trabajo","Rozmowa kwalifikacyjna","Palabra 49 de Entrevista de Trabajo","Słowo 49 z Rozmowa kwalifikacyjna"
"Entrevista de Trabajo","Rozmowa kwalifikacyjna","Palabra 50 de Entrevista de Trabajo","Słowo 50 z Rozmowa kwalifikacyjna"
"Contabilidad","Księgowość","Palabra 1 de Contabilidad","Słowo 1 z Księgowość"
"Contabilidad","Księgowość","Palabra 2 de Contabilidad","Słowo 2 z Księgowość"
"Contabilidad","Księgowość","Palabra 3 de Contabilidad","Słowo 3 z Księgowość"
"Contabilidad","Księgowość","Palabra 4 de Contabilidad","Słowo 4 z Księgowość"
"Contabilidad","Księgowość","Palabra 5 de Contabilidad","Słowo 5 z Księgowość"
"Contabilidad","Księgowość","Palabra 6 de Contabilidad","Słowo 6 z Księgowość"
"Contabilidad","Księgowość","Palabra 7 de Contabilidad","Słowo 7 z Księgowość"
"Contabilidad","Księgowość","Palabra 8 de Contabilidad","Słowo 8 z Księgowość"
"Contabilidad","Księgowość","Palabra 9 de Contabilidad","Słowo 9 z Księgowość"
"Contabilidad","Księgowość","Palabra 10 de Contabilidad","Słowo 10 z Księgowość"
"Contabilidad","Księgowość","Palabra 11 de Contabilidad","Słowo 11 z Księgowość"
"Contabilidad","Księgowość","Palabra 12 de Contabilidad","Słowo 12 z Księgowość"
"Contabilidad","Księgowość","Palabra 13 de Contabilidad","Słowo 13 z Księgowość"
"Contabilidad","Księgowość","Palabra 14 de Contabilidad","Słowo 14 z Księgowość"
"Contabilidad","Księgowość","Palabra 15 de Contabilidad","Słowo 15 z Księgowość"
"Contabilidad","Księgowość","Palabra 16 de Contabilidad","Słowo 16 z Księgowość"
"Contabilidad","Księgowość","Palabra 17 de Contabilidad","Słowo 17 z Księgowość"
"Contabilidad","Księgowość","Palabra 18 de Contabilidad","Słowo 18 z Księgowość"
"Contabilidad","Księgowość","Palabra 19 de Contabilidad","Słowo 19 z Księgowość"
"Contabilidad","Księgowość","Palabra 20 de Contabilidad","Słowo 20 z Księgowość"
"Contabilidad","Księgowość","Palabra 21 de Contabilidad","Słowo 21 z Księgowość"
"Contabilidad","Księgowość","Palabra 22 de Contabilidad","Słowo 22 z Księgowość"
"Contabilidad","Księgowość","Palabra 23 de Contabilidad","Słowo 23 z Księgowość"
"Contabilidad","Księgowość","Palabra 24 de Contabilidad","Słowo 24 z Księgowość"
"Contabilidad","Księgowość","Palabra 25 de Contabilidad","Słowo 25 z Księgowość"
"Contabilidad","Księgowość","Palabra 26 de Contabilidad","Słowo 26 z Księgowość"
"Contabilidad","Księgowość","Palabra 27 de Contabilidad","Słowo 27 z Księgowość"
"Contabilidad","Księgowość","Palabra 28 de Contabilidad","Słowo 28 z Księgowość"
"Contabilidad","Księgowość","Palabra 29 de Contabilidad","Słowo 29 z Księgowość"
"Contabilidad","Księgowość","Palabra 30 de Contabilidad","Słowo 30 z Księgowość"
"Contabilidad","Księgowość","Palabra 31 de Contabilidad","Słowo 31 z Księgowość"
"Contabilidad","Księgowość","Palabra 32 de Contabilidad","Słowo 32 z Księgowość"
"Contabilidad","Księgowość","Palabra 33 de Contabilidad","Słowo 33 z Księgowość"
"Contabilidad","Księgowość","Palabra 34 de Contabilidad","Słowo 34 z Księgowość"
"Contabilidad","Księgowość","Palabra 35 de Contabilidad","Słowo 35 z Księgowość"
"Contabilidad","Księgowość","Palabra 36 de Contabilidad","Słowo 36 z Księgowość"
"Contabilidad","Księgowość","Palabra 37 de Contabilidad","Słowo 37 z Księgowość"
"Contabilidad","Księgowość","Palabra 38 de Contabilidad","Słowo 38 z Księgowość"
"Contabilidad","Księgowość","Palabra 39 de Contabilidad","Słowo 39 z Księgowość"
"Contabilidad","Księgowość","Palabra 40 de Contabilidad","Słowo 40 z Księgowość"
"Contabilidad","Księgowość","Palabra 41 de Contabilidad","Słowo 41 z Księgowość"
"Contabilidad","Księgowość","Palabra 42 de Contabilidad","Słowo 42 z Księgowość"
"Contabilidad","Księgowość","Palabra 43 de Contabilidad","Słowo 43 z Księgowość"
"Contabilidad","Księgowość","Palabra 44 de Contabilidad","Słowo 44 z Księgowość"
"Contabilidad","Księgowość","Palabra 45 de Contabilidad","Słowo 45 z Księgowość"
"Contabilidad","Księgowość","Palabra 46 de Contabilidad","Słowo 46 z Księgowość"
"Contabilidad","Księgowość","Palabra 47 de Contabilidad","Słowo 47 z Księgowość"
"Contabilidad","Księgowość","Palabra 48 de Contabilidad","Słowo 48 z Księgowość"
"Contabilidad","Księgowość","Palabra 49 de Contabilidad","Słowo 49 z Księgowość"
"Contabilidad","Księgowość","Palabra 50 de Contabilidad","Słowo 50 z Księgowość"
"Banca y Finanzas","Bankowość i finanse","el banco","bank"
"Banca y Finanzas","Bankowość i finanse","el cajero automático","bankomat"
"Banca y Finanzas","Bankowość i finanse","la cuenta","konto"
"Banca y Finanzas","Bankowość i finanse","la tarjeta de crédito","karta kredytowa"
"Banca y Finanzas","Bankowość i finanse","la tarjeta de débito","karta debetowa"
"Banca y Finanzas","Bankowość i finanse","la cuenta corriente","rachunek bieżący"
"Banca y Finanzas","Bankowość i finanse","la cuenta de ahorros","konto oszczędnościowe"
"Banca y Finanzas","Bankowość i finanse","el saldo","saldo"
"Banca y Finanzas","Bankowość i finanse","la transferencia","przelew"
"Banca y Finanzas","Bankowość i finanse","ingresar dinero","wpłacać pieniądze"
"Banca y Finanzas","Bankowość i finanse","sacar dinero","wypłacać pieniądze"
"Banca y Finanzas","Bankowość i finanse","el préstamo","pożyczka / kredyt"
"Banca y Finanzas","Bankowość i finanse","la hipoteca","hipoteka / kredyt hipoteczny"
"Banca y Finanzas","Bankowość i finanse","el interés","odsetki"
"Banca y Finanzas","Bankowość i finanse","el tipo de interés","stopa procentowa"
"Banca y Finanzas","Bankowość i finanse","la comisión","prowizja"
"Banca y Finanzas","Bankowość i finanse","el crédito","kredyt"
"Banca y Finanzas","Bankowość i finanse","la deuda","dług"
"Banca y Finanzas","Bankowość i finanse","el cheque","czek"
"Banca y Finanzas","Bankowość i finanse","el cobro","inkaso / pobranie opłaty"
"Banca y Finanzas","Bankowość i finanse","la divisa","waluta"
"Banca y Finanzas","Bankowość i finanse","el tipo de cambio","kurs wymiany walut"
"Banca y Finanzas","Bankowość i finanse","la sucursal","oddział (banku)"
"Banca y Finanzas","Bankowość i finanse","el banquero","bankier"
"Banca y Finanzas","Bankowość i finanse","la inversión","inwestycja"
"Banca y Finanzas","Bankowość i finanse","el inversor","inwestor"
"Banca y Finanzas","Bankowość i finanse","el fondo de inversión","fundusz inwestycyjny"
"Banca y Finanzas","Bankowość i finanse","la bolsa de valores","giełda papierów wartościowych"
"Banca y Finanzas","Bankowość i finanse","la acción","akcja (giełdowa)"
"Banca y Finanzas","Bankowość i finanse","el dividendo","dywidenda"
"Banca y Finanzas","Bankowość i finanse","el riesgo","ryzyko"
"Banca y Finanzas","Bankowość i finanse","la rentabilidad","rentowność / zyskowność"
"Banca y Finanzas","Bankowość i finanse","el capital","kapitał"
"Banca y Finanzas","Bankowość i finanse","el activo","aktywa"
"Banca y Finanzas","Bankowość i finanse","el pasivo","pasywa"
"Banca y Finanzas","Bankowość i finanse","el cajero","kasjer"
"Banca y Finanzas","Bankowość i finanse","el pin","PIN"
"Banca y Finanzas","Bankowość i finanse","la contraseña","hasło"
"Banca y Finanzas","Bankowość i finanse","bloquear","zablokować (kartę/konto)"
"Banca y Finanzas","Bankowość i finanse","la banca online","bankowość internetowa"
"Banca y Finanzas","Bankowość i finanse","el estado de cuenta","wyciąg z konta"
"Banca y Finanzas","Bankowość i finanse","la liquidación","rozliczenie"
"Banca y Finanzas","Bankowość i finanse","el plazo fijo","lokata terminowa"
"Banca y Finanzas","Bankowość i finanse","endeudarse","zadłużać się"
"Banca y Finanzas","Bankowość i finanse","ahorrar","oszczędzać"
"Banca y Finanzas","Bankowość i finanse","el préstamo personal","pożyczka gotówkowa"
"Banca y Finanzas","Bankowość i finanse","el aval","poręczenie / żyrant"
"Banca y Finanzas","Bankowość i finanse","la domiciliación","polecenie zapłaty"
"Banca y Finanzas","Bankowość i finanse","domiciliar","zlecić stałą płatność"
"Banca y Finanzas","Bankowość i finanse","el crédito hipotecario","kredyt hipoteczny"
"Impuestos","Podatki","el impuesto","podatek"
"Impuestos","Podatki","la declaración de la renta","zeznanie podatkowe (PIT)"
"Impuestos","Podatki","el contribuyente","podatnik"
"Impuestos","Podatki","la Agencia Tributaria / Hacienda","Urząd Skarbowy"
"Impuestos","Podatki","el IVA (Impuesto sobre el Valor Añadido)","VAT (podatek od towarów i usług)"
"Impuestos","Podatki","el IRPF","podatek dochodowy od osób fizycznych"
"Impuestos","Podatki","la tasa","opłata (urzędowa) / podatek"
"Impuestos","Podatki","el arancel","cło"
"Impuestos","Podatki","gravar","opodatkować"
"Impuestos","Podatki","exento","zwolniony (z podatku)"
"Impuestos","Podatki","la deducción","odliczenie"
"Impuestos","Podatki","deducir","odliczyć (od podatku)"
"Impuestos","Podatki","el paraíso fiscal","raj podatkowy"
"Impuestos","Podatki","la evasión fiscal","uchylanie się od płacenia podatków"
"Impuestos","Podatki","el fraude fiscal","oszustwo podatkowe"
"Impuestos","Podatki","la inspección","kontrola (skarbowa)"
"Impuestos","Podatki","la multa","mandat / grzywna"
"Impuestos","Podatki","la sanción","kara / sankcja"
"Impuestos","Podatki","el recargo","dopłata / narzut"
"Impuestos","Podatki","pagar impuestos","płacić podatki"
"Impuestos","Podatki","la devolución","zwrot (podatku)"
"Impuestos","Podatki","el borrador","szkic / wstępne zeznanie"
"Impuestos","Podatki","el ejercicio fiscal","rok podatkowy"
"Impuestos","Podatki","los ingresos","przychody"
"Impuestos","Podatki","los gastos","wydatki"
"Impuestos","Podatki","la retención","potrącenie (zaliczka na podatek)"
"Impuestos","Podatki","el impuesto de sociedades","podatek dochodowy od osób prawnych (CIT)"
"Impuestos","Podatki","el impuesto sobre el patrimonio","podatek majątkowy"
"Impuestos","Podatki","el impuesto de sucesiones","podatek od spadków"
"Impuestos","Podatki","la base imponible","podstawa opodatkowania"
"Impuestos","Podatki","la cuota","składka / kwota (podatku)"
"Impuestos","Podatki","el tipo impositivo","stawka podatkowa"
"Impuestos","Podatki","la liquidación","rozliczenie podatku"
"Impuestos","Podatki","el asesor fiscal","doradca podatkowy"
"Impuestos","Podatki","la fiscalidad","system podatkowy"
"Impuestos","Podatki","cotizar","płacić składki / wyceniać"
"Impuestos","Podatki","la Seguridad Social","Zakład Ubezpieczeń Społecznych (ZUS)"
"Impuestos","Podatki","la contribución","składka / wkład"
"Impuestos","Podatki","el deber","obowiązek"
"Impuestos","Podatki","el fisco","fiskus"
"Impuestos","Podatki","el importe","kwota / suma"
"Impuestos","Podatki","declarar","deklarować (dochody)"
"Impuestos","Podatki","el impuesto indirecto","podatek pośredni"
"Impuestos","Podatki","el impuesto directo","podatek bezpośredni"
"Impuestos","Podatki","la moratoria","moratorium (odroczenie)"
"Impuestos","Podatki","aplazar","odroczyć"
"Impuestos","Podatki","la multa por retraso","kara za opóźnienie"
"Impuestos","Podatki","la auditoría","audyt / rewizja"
"Impuestos","Podatki","evadir impuestos","unikać płacenia podatków"
"Impuestos","Podatki","la amnistía fiscal","amnestia podatkowa"
"Economía Global","Gospodarka globalna","la economía","gospodarka / ekonomia"
"Economía Global","Gospodarka globalna","el crecimiento","wzrost"
"Economía Global","Gospodarka globalna","la recesión","recesja"
"Economía Global","Gospodarka globalna","la crisis","kryzys"
"Economía Global","Gospodarka globalna","la inflación","inflacja"
"Economía Global","Gospodarka globalna","la deflación","deflacja"
"Economía Global","Gospodarka globalna","el Producto Interior Bruto (PIB)","Produkt Krajowy Brutto (PKB)"
"Economía Global","Gospodarka globalna","el mercado","rynek"
"Economía Global","Gospodarka globalna","la demanda","popyt"
"Economía Global","Gospodarka globalna","la oferta","podaż"
"Economía Global","Gospodarka globalna","el monopolio","monopol"
"Economía Global","Gospodarka globalna","la competencia","konkurencja"
"Economía Global","Gospodarka globalna","la globalización","globalizacja"
"Economía Global","Gospodarka globalna","el desarrollo","rozwój"
"Economía Global","Gospodarka globalna","subdesarrollado","słabo rozwinięty"
"Economía Global","Gospodarka globalna","el país en vías de desarrollo","kraj rozwijający się"
"Economía Global","Gospodarka globalna","el primer mundo","pierwszy świat (kraje rozwinięte)"
"Economía Global","Gospodarka globalna","el tercer mundo","trzeci świat"
"Economía Global","Gospodarka globalna","la riqueza","bogactwo"
"Economía Global","Gospodarka globalna","la pobreza","ubóstwo / bieda"
"Economía Global","Gospodarka globalna","la desigualdad","nierówność"
"Economía Global","Gospodarka globalna","la macroeconomía","makroekonomia"
"Economía Global","Gospodarka globalna","la microeconomía","mikroekonomia"
"Economía Global","Gospodarka globalna","la política económica","polityka gospodarcza"
"Economía Global","Gospodarka globalna","la deuda externa","dług zagraniczny"
"Economía Global","Gospodarka globalna","la tasa de desempleo","stopa bezrobocia"
"Economía Global","Gospodarka globalna","el poder adquisitivo","siła nabywcza"
"Economía Global","Gospodarka globalna","el sector primario","sektor pierwszy (rolnictwo)"
"Economía Global","Gospodarka globalna","el sector secundario","sektor drugi (przemysł)"
"Economía Global","Gospodarka globalna","el sector terciario","sektor trzeci (usługi)"
"Economía Global","Gospodarka globalna","la bolsa","giełda"
"Economía Global","Gospodarka globalna","el mercado de valores","rynek papierów wartościowych"
"Economía Global","Gospodarka globalna","el índice bursátil","indeks giełdowy"
"Economía Global","Gospodarka globalna","la cotización","notowanie (na giełdzie)"
"Economía Global","Gospodarka globalna","el capitalismo","kapitalizm"
"Economía Global","Gospodarka globalna","el comunismo","komunizm"
"Economía Global","Gospodarka globalna","el libre mercado","wolny rynek"
"Economía Global","Gospodarka globalna","la privatización","prywatyzacja"
"Economía Global","Gospodarka globalna","la nacionalización","nacjonalizacja"
"Economía Global","Gospodarka globalna","el déficit","deficyt"
"Economía Global","Gospodarka globalna","el superávit","nadwyżka"
"Economía Global","Gospodarka globalna","la divisa","waluta zagraniczna"
"Economía Global","Gospodarka globalna","el mercado de divisas","rynek walutowy"
"Economía Global","Gospodarka globalna","el Fondo Monetario Internacional (FMI)","Międzynarodowy Fundusz Walutowy (MFW)"
"Economía Global","Gospodarka globalna","el Banco Mundial","Bank Światowy"
"Economía Global","Gospodarka globalna","la ayuda humanitaria","pomoc humanitarna"
"Economía Global","Gospodarka globalna","el comercio justo","sprawiedliwy handel (fair trade)"
"Economía Global","Gospodarka globalna","la materia prima","surowiec"
"Economía Global","Gospodarka globalna","la producción","produkcja"
"Economía Global","Gospodarka globalna","el consumo","konsumpcja"
"Comercio Internacional","Handel międzynarodowy","el comercio","handel"
"Comercio Internacional","Handel międzynarodowy","internacional","międzynarodowy"
"Comercio Internacional","Handel międzynarodowy","la exportación","eksport"
"Comercio Internacional","Handel międzynarodowy","exportar","eksportować"
"Comercio Internacional","Handel międzynarodowy","la importación","import"
"Comercio Internacional","Handel międzynarodowy","importar","importować"
"Comercio Internacional","Handel międzynarodowy","la aduana","urząd celny / cło"
"Comercio Internacional","Handel międzynarodowy","el arancel","cło / taryfa celna"
"Comercio Internacional","Handel międzynarodowy","el acuerdo comercial","umowa handlowa"
"Comercio Internacional","Handel międzynarodowy","el tratado","traktat"
"Comercio Internacional","Handel międzynarodowy","el mercado extranjero","rynek zagraniczny"
"Comercio Internacional","Handel międzynarodowy","la barrera comercial","bariera handlowa"
"Comercio Internacional","Handel międzynarodowy","el libre comercio","wolny handel"
"Comercio Internacional","Handel międzynarodowy","la cuota","kontyngent / przydział"
"Comercio Internacional","Handel międzynarodowy","la frontera","granica"
"Comercio Internacional","Handel międzynarodowy","el puerto","port"
"Comercio Internacional","Handel międzynarodowy","el contenedor","kontener"
"Comercio Internacional","Handel międzynarodowy","la logística","logistyka"
"Comercio Internacional","Handel międzynarodowy","el transporte","transport"
"Comercio Internacional","Handel międzynarodowy","el flete","fracht (opłata za transport)"
"Comercio Internacional","Handel międzynarodowy","el envío","wysyłka / przesyłka"
"Comercio Internacional","Handel międzynarodowy","la naviera","firma żeglugowa / armator"
"Comercio Internacional","Handel międzynarodowy","el proveedor","dostawca"
"Comercio Internacional","Handel międzynarodowy","el cliente","klient"
"Comercio Internacional","Handel międzynarodowy","el mercado interior","rynek wewnętrzny"
"Comercio Internacional","Handel międzynarodowy","el socio comercial","partner handlowy"
"Comercio Internacional","Handel międzynarodowy","la balanza comercial","bilans handlowy"
"Comercio Internacional","Handel międzynarodowy","el déficit comercial","deficyt handlowy"
"Comercio Internacional","Handel międzynarodowy","el superávit comercial","nadwyżka handlowa"
"Comercio Internacional","Handel międzynarodowy","la Organización Mundial del Comercio (OMC)","Światowa Organizacja Handlu (WTO)"
"Comercio Internacional","Handel międzynarodowy","el certificado de origen","świadectwo pochodzenia"
"Comercio Internacional","Handel międzynarodowy","el despacho de aduanas","odprawa celna"
"Comercio Internacional","Handel międzynarodowy","el importador","importer"
"Comercio Internacional","Handel międzynarodowy","el exportador","eksporter"
"Comercio Internacional","Handel międzynarodowy","el mercado global","rynek globalny"
"Comercio Internacional","Handel międzynarodowy","la competitividad","konkurencyjność"
"Comercio Internacional","Handel międzynarodowy","competitivo","konkurencyjny"
"Comercio Internacional","Handel międzynarodowy","el tratado de libre comercio (TLC)","porozumienie o wolnym handlu"
"Comercio Internacional","Handel międzynarodowy","el embargo","embargo"
"Comercio Internacional","Handel międzynarodowy","la sanción comercial","sankcja handlowa"
"Comercio Internacional","Handel międzynarodowy","la mercancía","towar / ładunek"
"Comercio Internacional","Handel międzynarodowy","el producto","produkt"
"Comercio Internacional","Handel międzynarodowy","manufacturar","produkować (przemysłowo)"
"Comercio Internacional","Handel międzynarodowy","los bienes","dobra / towary"
"Comercio Internacional","Handel międzynarodowy","los bienes de consumo","dobra konsumpcyjne"
"Comercio Internacional","Handel międzynarodowy","la cadena de suministro","łańcuch dostaw"
"Comercio Internacional","Handel międzynarodowy","el distribuidor","dystrybutor"
"Comercio Internacional","Handel międzynarodowy","la distribución","dystrybucja"
"Comercio Internacional","Handel międzynarodowy","el mercado emergente","rynek wschodzący"
"Comercio Internacional","Handel międzynarodowy","la divisa","waluta obca"
"Marketing y Publicidad","Marketing i reklama","el marketing / la mercadotecnia","marketing"
"Marketing y Publicidad","Marketing i reklama","la publicidad","reklama (branża)"
"Marketing y Publicidad","Marketing i reklama","el anuncio","reklama (pojedyncza) / ogłoszenie"
"Marketing y Publicidad","Marketing i reklama","anunciar","reklamować / ogłaszać"
"Marketing y Publicidad","Marketing i reklama","la campaña publicitaria","kampania reklamowa"
"Marketing y Publicidad","Marketing i reklama","el público objetivo","grupa docelowa (target)"
"Marketing y Publicidad","Marketing i reklama","el cliente potencial","potencjalny klient"
"Marketing y Publicidad","Marketing i reklama","la estrategia","strategia"
"Marketing y Publicidad","Marketing i reklama","la marca","marka"
"Marketing y Publicidad","Marketing i reklama","el logotipo","logotyp / logo"
"Marketing y Publicidad","Marketing i reklama","el eslogan","slogan / hasło reklamowe"
"Marketing y Publicidad","Marketing i reklama","el consumidor","konsument"
"Marketing y Publicidad","Marketing i reklama","consumir","konsumować"
"Marketing y Publicidad","Marketing i reklama","el mercado","rynek"
"Marketing y Publicidad","Marketing i reklama","la cuota de mercado","udział w rynku"
"Marketing y Publicidad","Marketing i reklama","el estudio de mercado","badanie rynku"
"Marketing y Publicidad","Marketing i reklama","el producto","produkt"
"Marketing y Publicidad","Marketing i reklama","el precio","cena"
"Marketing y Publicidad","Marketing i reklama","la promoción","promocja"
"Marketing y Publicidad","Marketing i reklama","la distribución","dystrybucja"
"Marketing y Publicidad","Marketing i reklama","el folleto","ulotka / broszura"
"Marketing y Publicidad","Marketing i reklama","el cartel / el póster","plakat"
"Marketing y Publicidad","Marketing i reklama","el patrocinador","sponsor"
"Marketing y Publicidad","Marketing i reklama","patrocinar","sponsorować"
"Marketing y Publicidad","Marketing i reklama","el evento","wydarzenie (event)"
"Marketing y Publicidad","Marketing i reklama","las redes sociales","media społecznościowe"
"Marketing y Publicidad","Marketing i reklama","el marketing digital","marketing cyfrowy"
"Marketing y Publicidad","Marketing i reklama","el correo basura (spam)","spam"
"Marketing y Publicidad","Marketing i reklama","el boletín (newsletter)","biuletyn (newsletter)"
"Marketing y Publicidad","Marketing i reklama","la encuesta","ankieta / sondaż"
"Marketing y Publicidad","Marketing i reklama","la satisfacción del cliente","satysfakcja klienta"
"Marketing y Publicidad","Marketing i reklama","la fidelización","budowanie lojalności"
"Marketing y Publicidad","Marketing i reklama","fidelizar","budować lojalność (klienta)"
"Marketing y Publicidad","Marketing i reklama","la oferta","oferta"
"Marketing y Publicidad","Marketing i reklama","el descuento","zniżka / rabat"
"Marketing y Publicidad","Marketing i reklama","el posicionamiento","pozycjonowanie"
"Marketing y Publicidad","Marketing i reklama","la agencia de publicidad","agencja reklamowa"
"Marketing y Publicidad","Marketing i reklama","el presupuesto","budżet"
"Marketing y Publicidad","Marketing i reklama","la creatividad","kreatywność"
"Marketing y Publicidad","Marketing i reklama","viral","wirusowy (viral)"
"Marketing y Publicidad","Marketing i reklama","el anuncio de televisión","reklama telewizyjna / spot"
"Marketing y Publicidad","Marketing i reklama","el banner","baner internetowy"
"Marketing y Publicidad","Marketing i reklama","las relaciones públicas","public relations (PR)"
"Marketing y Publicidad","Marketing i reklama","la imagen de marca","wizerunek marki"
"Marketing y Publicidad","Marketing i reklama","el boca a boca","marketing szeptany (poczta pantoflowa)"
"Marketing y Publicidad","Marketing i reklama","persuadir","przekonywać"
"Marketing y Publicidad","Marketing i reklama","la competencia","konkurencja"
"Marketing y Publicidad","Marketing i reklama","el catálogo","katalog"
"Marketing y Publicidad","Marketing i reklama","el lanzamiento","wprowadzenie (na rynek)"
"Marketing y Publicidad","Marketing i reklama","la promoción de ventas","promocja sprzedaży"
"Atención al Cliente","Obsługa klienta","la atención al cliente","obsługa klienta"
"Atención al Cliente","Obsługa klienta","el cliente","klient"
"Atención al Cliente","Obsługa klienta","el consumidor","konsument"
"Atención al Cliente","Obsługa klienta","el servicio","usługa / serwis"
"Atención al Cliente","Obsługa klienta","el dependiente / la dependienta","sprzedawca / sprzedawczyni"
"Atención al Cliente","Obsługa klienta","el cajero","kasjer"
"Atención al Cliente","Obsługa klienta","el operador","operator"
"Atención al Cliente","Obsługa klienta","el representante","przedstawiciel"
"Atención al Cliente","Obsługa klienta","la reclamación","reklamacja"
"Atención al Cliente","Obsługa klienta","reclamar","reklamować"
"Atención al Cliente","Obsługa klienta","la queja","skarga"
"Atención al Cliente","Obsługa klienta","quejarse","skarżyć się"
"Atención al Cliente","Obsługa klienta","la devolución","zwrot (towaru)"
"Atención al Cliente","Obsługa klienta","devolver","zwracać (towar)"
"Atención al Cliente","Obsługa klienta","el reembolso","zwrot pieniędzy"
"Atención al Cliente","Obsługa klienta","el cambio","wymiana"
"Atención al Cliente","Obsługa klienta","la garantía","gwarancja"
"Atención al Cliente","Obsługa klienta","el defecto","wada / defekt"
"Atención al Cliente","Obsługa klienta","defectuoso","wadliwy"
"Atención al Cliente","Obsługa klienta","roto","zepsuty / uszkodzony"
"Atención al Cliente","Obsługa klienta","la avería","awaria"
"Atención al Cliente","Obsługa klienta","reparar","naprawiać"
"Atención al Cliente","Obsługa klienta","el servicio técnico","serwis techniczny"
"Atención al Cliente","Obsługa klienta","la solución","rozwiązanie"
"Atención al Cliente","Obsługa klienta","resolver","rozwiązywać"
"Atención al Cliente","Obsługa klienta","la ayuda","pomoc"
"Atención al Cliente","Obsługa klienta","ayudar","pomagać"
"Atención al Cliente","Obsługa klienta","la información","informacja"
"Atención al Cliente","Obsługa klienta","el mostrador de información","punkt informacyjny"
"Atención al Cliente","Obsługa klienta","la línea de atención","infolinia"
"Atención al Cliente","Obsługa klienta","llamar","dzwonić"
"Atención al Cliente","Obsługa klienta","la llamada","połączenie telefoniczne"
"Atención al Cliente","Obsługa klienta","la espera","oczekiwanie"
"Atención al Cliente","Obsługa klienta","esperar","czekać"
"Atención al Cliente","Obsługa klienta","la amabilidad","uprzejmość"
"Atención al Cliente","Obsługa klienta","amable","uprzejmy"
"Atención al Cliente","Obsługa klienta","la satisfacción","satysfakcja"
"Atención al Cliente","Obsługa klienta","satisfecho","zadowolony"
"Atención al Cliente","Obsługa klienta","insatisfecho","niezadowolony"
"Atención al Cliente","Obsługa klienta","la encuesta de satisfacción","ankietas satysfakcji"
"Atención al Cliente","Obsługa klienta","el formulario","formularz"
"Atención al Cliente","Obsługa klienta","los datos","dane"
"Atención al Cliente","Obsługa klienta","el ticket de compra","paragon"
"Atención al Cliente","Obsługa klienta","el comprobante","dowód zakupu / pokwitowanie"
"Atención al Cliente","Obsługa klienta","la factura","faktura"
"Atención al Cliente","Obsługa klienta","el buzón de sugerencias","skrzynka na sugestie"
"Atención al Cliente","Obsługa klienta","el trato","traktowanie / obsługa"
"Atención al Cliente","Obsługa klienta","profesional","profesjonalny"
"Atención al Cliente","Obsługa klienta","eficiente","wydajny / sprawny"
"Atención al Cliente","Obsługa klienta","la paciencia","cierpliwość"
"Gestión de Proyectos","Zarządzanie projektami","la gestión de proyectos","zarządzanie projektami"
"Gestión de Proyectos","Zarządzanie projektami","el proyecto","projekt"
"Gestión de Proyectos","Zarządzanie projektami","el director de proyectos / el jefe de proyecto","kierownik projektu / project manager"
"Gestión de Proyectos","Zarządzanie projektami","el equipo","zespół"
"Gestión de Proyectos","Zarządzanie projektami","la tarea","zadanie"
"Gestión de Proyectos","Zarządzanie projektami","el objetivo","cel"
"Gestión de Proyectos","Zarządzanie projektami","la meta","meta / zamierzenie"
"Gestión de Proyectos","Zarządzanie projektami","el plazo","termin / deadline"
"Gestión de Proyectos","Zarządzanie projektami","el cronograma / el calendario","harmonogram"
"Gestión de Proyectos","Zarządzanie projektami","la planificación","planowanie"
"Gestión de Proyectos","Zarządzanie projektami","planificar","planować"
"Gestión de Proyectos","Zarządzanie projektami","el presupuesto","budżet"
"Gestión de Proyectos","Zarządzanie projektami","los recursos","zasoby"
"Gestión de Proyectos","Zarządzanie projektami","el riesgo","ryzyko"
"Gestión de Proyectos","Zarządzanie projektami","la fase","faza / etap"
"Gestión de Proyectos","Zarządzanie projektami","el hito","kamień milowy (milestone)"
"Gestión de Proyectos","Zarządzanie projektami","el entregable","produkt końcowy / rezultat (deliverable)"
"Gestión de Proyectos","Zarządzanie projektami","la reunión","spotkanie / zebranie"
"Gestión de Proyectos","Zarządzanie projektami","el informe","raport"
"Gestión de Proyectos","Zarządzanie projektami","el avance / el progreso","postęp"
"Gestión de Proyectos","Zarządzanie projektami","coordinar","koordynować"
"Gestión de Proyectos","Zarządzanie projektami","la coordinación","koordynacja"
"Gestión de Proyectos","Zarządzanie projektami","ejecutar","wykonywać / realizować"
"Gestión de Proyectos","Zarządzanie projektami","la ejecución","realizacja"
"Gestión de Proyectos","Zarządzanie projektami","supervisar","nadzorować"
"Gestión de Proyectos","Zarządzanie projektami","la supervisión","nadzór"
"Gestión de Proyectos","Zarządzanie projektami","controlar","kontrolować"
"Gestión de Proyectos","Zarządzanie projektami","el control de calidad","kontrola jakości"
"Gestión de Proyectos","Zarządzanie projektami","el retraso","opóźnienie"
"Gestión de Proyectos","Zarządzanie projektami","adelantado","przed czasem / z wyprzedzeniem"
"Gestión de Proyectos","Zarządzanie projektami","el imprevisto","nieprzewidziana okoliczność"
"Gestión de Proyectos","Zarządzanie projektami","resolver","rozwiązywać (problem)"
"Gestión de Proyectos","Zarządzanie projektami","el enfoque ágil","zwinne podejście (Agile)"
"Gestión de Proyectos","Zarządzanie projektami","el método ágil","metodologia Agile"
"Gestión de Proyectos","Zarządzanie projektami","el marco de trabajo","framework / ramy pracy"
"Gestión de Proyectos","Zarządzanie projektami","la metodología","metodologia"
"Gestión de Proyectos","Zarządzanie projektami","el tablero Kanban","tablica Kanban"
"Gestión de Proyectos","Zarządzanie projektami","la reunión de seguimiento","spotkanie statusowe"
"Gestión de Proyectos","Zarządzanie projektami","el alcance","zakres projektu"
"Gestión de Proyectos","Zarządzanie projektami","la estimación","szacowanie"
"Gestión de Proyectos","Zarządzanie projektami","el éxito","sukces"
"Gestión de Proyectos","Zarządzanie projektami","el fracaso","porażka"
"Gestión de Proyectos","Zarządzanie projektami","la colaboración","współpraca"
"Gestión de Proyectos","Zarządzanie projektami","colaborar","współpracować"
"Gestión de Proyectos","Zarządzanie projektami","la prioridad","priorytet"
"Gestión de Proyectos","Zarządzanie projektami","priorizar","ustalać priorytety"
"Gestión de Proyectos","Zarządzanie projektami","el rendimiento","wydajność"
"Gestión de Proyectos","Zarządzanie projektami","la eficiencia","efektywność"
"Gestión de Proyectos","Zarządzanie projektami","la optimización","optymalizacja"
"Gestión de Proyectos","Zarządzanie projektami","la gestión de riesgos","zarządzanie ryzykiem"
"Informática: Hardware","Informatyka: Sprzęt","el hardware","sprzęt komputerowy"
"Informática: Hardware","Informatyka: Sprzęt","el ordenador / la computadora","komputer"
"Informática: Hardware","Informatyka: Sprzęt","el ordenador portátil","laptop"
"Informática: Hardware","Informatyka: Sprzęt","el ordenador de sobremesa","komputer stacjonarny"
"Informática: Hardware","Informatyka: Sprzęt","la tableta","tablet"
"Informática: Hardware","Informatyka: Sprzęt","el teléfono inteligente / el móvil","smartfon"
"Informática: Hardware","Informatyka: Sprzęt","la pantalla","ekran / monitor"
"Informática: Hardware","Informatyka: Sprzęt","el teclado","klawiatura"
"Informática: Hardware","Informatyka: Sprzęt","el ratón","myszka"
"Informática: Hardware","Informatyka: Sprzęt","la torre","obudowa komputera / jednostka centralna"
"Informática: Hardware","Informatyka: Sprzęt","la placa base","płyta główna"
"Informática: Hardware","Informatyka: Sprzęt","el procesador / la CPU","procesor"
"Informática: Hardware","Informatyka: Sprzęt","la memoria RAM","pamięć RAM"
"Informática: Hardware","Informatyka: Sprzęt","el disco duro","dysk twardy"
"Informática: Hardware","Informatyka: Sprzęt","el disco duro sólido (SSD)","dysk SSD"
"Informática: Hardware","Informatyka: Sprzęt","la tarjeta gráfica","karta graficzna"
"Informática: Hardware","Informatyka: Sprzęt","la fuente de alimentación","zasilacz"
"Informática: Hardware","Informatyka: Sprzęt","el ventilador","wentylator"
"Informática: Hardware","Informatyka: Sprzęt","el puerto USB","port USB"
"Informática: Hardware","Informatyka: Sprzęt","la tarjeta de red","karta sieciowa"
"Informática: Hardware","Informatyka: Sprzęt","la impresora","drukarka"
"Informática: Hardware","Informatyka: Sprzęt","el escáner","skaner"
"Informática: Hardware","Informatyka: Sprzęt","los altavoces","głośniki"
"Informática: Hardware","Informatyka: Sprzęt","los auriculares","słuchawki"
"Informática: Hardware","Informatyka: Sprzęt","el micrófono","mikrofon"
"Informática: Hardware","Informatyka: Sprzęt","la cámara web","kamera internetowa"
"Informática: Hardware","Informatyka: Sprzęt","el proyektor","projektor"
"Informática: Hardware","Informatyka: Sprzęt","el cable","kabel"
"Informática: Hardware","Informatyka: Sprzęt","el enchufe","wtyczka / gniazdko"
"Informática: Hardware","Informatyka: Sprzęt","la batería","bateria"
"Informática: Hardware","Informatyka: Sprzęt","el cargador","ładowarka"
"Informática: Hardware","Informatyka: Sprzęt","la memoria USB / el lápiz de memoria","pendrive / pamięć USB"
"Informática: Hardware","Informatyka: Sprzęt","el disco externo","dysk zewnętrzny"
"Informática: Hardware","Informatyka: Sprzęt","la tarjeta de memoria","karta pamięci"
"Informática: Hardware","Informatyka: Sprzęt","el lector de tarjetas","czytnik kart"
"Informática: Hardware","Informatyka: Sprzęt","el router","router"
"Informática: Hardware","Informatyka: Sprzęt","el módem","modem"
"Informática: Hardware","Informatyka: Sprzęt","el componente","komponent / podzespół"
"Informática: Hardware","Informatyka: Sprzęt","el dispositivo","urządzenie"
"Informática: Hardware","Informatyka: Sprzęt","la pantalla táctil","ekran dotykowy"
"Informática: Hardware","Informatyka: Sprzęt","el botón de encendido","przycisk zasilania"
"Informática: Hardware","Informatyka: Sprzęt","la ranura","gniazdo / slot"
"Informática: Hardware","Informatyka: Sprzęt","conectar","podłączać"
"Informática: Hardware","Informatyka: Sprzęt","desconectar","odłączać"
"Informática: Hardware","Informatyka: Sprzęt","averiado","zepsuty / uszkodzony"
"Informática: Hardware","Informatyka: Sprzęt","la pieza","część / podzespół"
"Informática: Hardware","Informatyka: Sprzęt","el circuito","obwód / układ"
"Informática: Hardware","Informatyka: Sprzęt","el chip","układ scalony / chip"
"Informática: Hardware","Informatyka: Sprzęt","el periférico","urządzenie peryferyjne"
"Informática: Hardware","Informatyka: Sprzęt","la actualización de hardware","modernizacja sprzętu"
"Informática: Software","Informatyka: Oprogramowanie","el software","oprogramowanie"
"Informática: Software","Informatyka: Oprogramowanie","el programa","program"
"Informática: Software","Informatyka: Oprogramowanie","la aplicación","aplikacja"
"Informática: Software","Informatyka: Oprogramowanie","el sistema operativo","system operacyjny"
"Informática: Software","Informatyka: Oprogramowanie","Windows","Windows"
"Informática: Software","Informatyka: Oprogramowanie","macOS","macOS"
"Informática: Software","Informatyka: Oprogramowanie","Linux","Linux"
"Informática: Software","Informatyka: Oprogramowanie","Android","Android"
"Informática: Software","Informatyka: Oprogramowanie","iOS","iOS"
"Informática: Software","Informatyka: Oprogramowanie","el archivo","plik"
"Informática: Software","Informatyka: Oprogramowanie","la carpeta","folder / katalog"
"Informática: Software","Informatyka: Oprogramowanie","el documento","dokument"
"Informática: Software","Informatyka: Oprogramowanie","el portapapeles","schowek"
"Informática: Software","Informatyka: Oprogramowanie","instalar","instalować"
"Informática: Software","Informatyka: Oprogramowanie","la instalación","instalacja"
"Informática: Software","Informatyka: Oprogramowanie","desinstalar","odinstalować"
"Informática: Software","Informatyka: Oprogramowanie","actualizar","aktualizować"
"Informática: Software","Informatyka: Oprogramowanie","la actualización","aktualizacja"
"Informática: Software","Informatyka: Oprogramowanie","ejecutar","uruchamiać / wykonywać"
"Informática: Software","Informatyka: Oprogramowanie","abrir","otwierać"
"Informática: Software","Informatyka: Oprogramowanie","cerrar","zamykać"
"Informática: Software","Informatyka: Oprogramowanie","guardar","zapisywać"
"Informática: Software","Informatyka: Oprogramowanie","guardar como","zapisz jako"
"Informática: Software","Informatyka: Oprogramowanie","copiar","kopiować"
"Informática: Software","Informatyka: Oprogramowanie","pegar","wklejać"
"Informática: Software","Informatyka: Oprogramowanie","cortar","wycinać"
"Informática: Software","Informatyka: Oprogramowanie","borrar / eliminar","usuwać"
"Informática: Software","Informatyka: Oprogramowanie","deshacer","cofnij"
"Informática: Software","Informatyka: Oprogramowanie","rehacer","ponów"
"Informática: Software","Informatyka: Oprogramowanie","la interfaz","interfejs"
"Informática: Software","Informatyka: Oprogramowanie","el icono","ikona"
"Informática: Software","Informatyka: Oprogramowanie","el escritorio","pulpit"
"Informática: Software","Informatyka: Oprogramowanie","la papelera de reciclaje","kosz na śmieci"
"Informática: Software","Informatyka: Oprogramowanie","el error","błąd"
"Informática: Software","Informatyka: Oprogramowanie","el fallo","awaria / usterka"
"Informática: Software","Informatyka: Oprogramowanie","el virus","wirus"
"Informática: Software","Informatyka: Oprogramowanie","el antivirus","antywirus"
"Informática: Software","Informatyka: Oprogramowanie","analizar","skanować / analizować"
"Informática: Software","Informatyka: Oprogramowanie","la copia de seguridad","kopia zapasowa (backup)"
"Informática: Software","Informatyka: Oprogramowanie","restaurar","przywracać"
"Informática: Software","Informatyka: Oprogramowanie","comprimir","kompresować"
"Informática: Software","Informatyka: Oprogramowanie","descomprimir","rozpakowywać"
"Informática: Software","Informatyka: Oprogramowanie","la base de datos","baza danych"
"Informática: Software","Informatyka: Oprogramowanie","el código","kod"
"Informática: Software","Informatyka: Oprogramowanie","programar","programować"
"Informática: Software","Informatyka: Oprogramowanie","el programador","programista"
"Informática: Software","Informatyka: Oprogramowanie","el navegador","przeglądarka"
"Informática: Software","Informatyka: Oprogramowanie","la contraseña","hasło"
"Informática: Software","Informatyka: Oprogramowanie","el usuario","użytkownik"
"Informática: Software","Informatyka: Oprogramowanie","la licencia","licencja"
"Internet","Internet","internet","internet"
"Internet","Internet","la red","sieć"
"Internet","Internet","la página web","strona internetowa"
"Internet","Internet","el sitio web","witryna internetowa"
"Internet","Internet","el enlace / el hipervínculo","link / hiperłącze"
"Internet","Internet","la dirección URL","adres URL"
"Internet","Internet","el navegador web","przeglądarka internetowa"
"Internet","Internet","el motor de búsqueda","wyszukiwarka"
"Internet","Internet","buscar","szukać"
"Internet","Internet","navegar","serfować / przeglądać"
"Internet","Internet","descargar","pobierać / ściągać"
"Internet","Internet","subir","wagrać / wrzucać"
"Internet","Internet","la descarga","pobieranie"
"Internet","Internet","la subida","wgranie"
"Internet","Internet","la conexión","połączenie"
"Internet","Internet","la conexión a internet","połączenie internetowe"
"Internet","Internet","la banda ancha","szerokopasmowy internet"
"Internet","Internet","la fibra óptica","światłowód"
"Internet","Internet","el wifi","Wi-Fi"
"Internet","Internet","el señal","sygnał"
"Internet","Internet","el correo electrónico / el email","poczta elektroniczna / email"
"Internet","Internet","enviar","wysyłać"
"Internet","Internet","recibir","odbierać"
"Internet","Internet","el buzón de entrada","skrzynka odbiorcza"
"Internet","Internet","el archivo adjunto","załącznik"
"Internet","Internet","el correo no deseado / el spam","spam"
"Internet","Internet","las redes sociales","media społecznościowe"
"Internet","Internet","la plataforma","platforma"
"Internet","Internet","la cuenta","konto / profil"
"Internet","Internet","iniciar sesión","zalogować się"
"Internet","Internet","cerrar sesión","wylogować się"
"Internet","Internet","la contraseña","hasło"
"Internet","Internet","el nombre de usuario","nazwa użytkownika"
"Internet","Internet","el perfil","profil"
"Internet","Internet","publicar","publikować"
"Internet","Internet","compartir","udostępniać"
"Internet","Internet","el comentario","komentarz"
"Internet","Internet","el ""me gusta""","polubienie / lajk"
"Internet","Internet","el seguidor","obserwujący / follower"
"Internet","Internet","seguir","obserwować"
"Internet","Internet","el chat","czat"
"Internet","Internet","la videoconferencia","wideokonferencja"
"Internet","Internet","la nube","chmura"
"Internet","Internet","el almacenamiento en la nube","przechowywanie w chmurze"
"Internet","Internet","la ciberseguridad","cyberbezpieczeństwo"
"Internet","Internet","el hacker","haker"
"Internet","Internet","el phishing","phishing"
"Internet","Internet","la cookie","plik cookie / ciasteczko"
"Internet","Internet","viral","wirusowy"
"Internet","Internet","el influencer","influencer"
"Telefonía Móvil","Telefonia komórkowa","el teléfono móvil / el celular","telefon komórkowy / smartfon"
"Telefonía Móvil","Telefonia komórkowa","la llamada","połączenie telefoniczne"
"Telefonía Móvil","Telefonia komórkowa","llamar","dzwonić"
"Telefonía Móvil","Telefonia komórkowa","contestar","odbierać (telefon)"
"Telefonía Móvil","Telefonia komórkowa","colgar","rozłączać się"
"Telefonía Móvil","Telefonia komórkowa","el tono de llamada","dźwięk dzwonka"
"Telefonía Móvil","Telefonia komórkowa","el buzón de voz","poczta głosowa"
"Telefonía Móvil","Telefonia komórkowa","el mensaje de texto / el SMS","wiadomość tekstowa / SMS"
"Telefonía Móvil","Telefonia komórkowa","el mensaje de voz","wiadomość głosowa"
"Telefonía Móvil","Telefonia komórkowa","la pantalla táctil","ekran dotykowy"
"Telefonía Móvil","Telefonia komórkowa","la batería","bateria"
"Telefonía Móvil","Telefonia komórkowa","el cargador","ładowarka"
"Telefonía Móvil","Telefonia komórkowa","cargar el móvil","ładować telefon"
"Telefonía Móvil","Telefonia komórkowa","la tarjeta SIM","karta SIM"
"Telefonía Móvil","Telefonia komórkowa","la cobertura","zasięg"
"Telefonía Móvil","Telefonia komórkowa","sin cobertura","brak zasięgu"
"Telefonía Móvil","Telefonia komórkowa","la red móvil","sieć komórkowa"
"Telefonía Móvil","Telefonia komórkowa","los datos móviles","dane komórkowe"
"Telefonía Móvil","Telefonia komórkowa","el roaming","roaming"
"Telefonía Móvil","Telefonia komórkowa","la aplicación / la app","aplikacja"
"Telefonía Móvil","Telefonia komórkowa","descargar una aplicación","pobrać aplikację"
"Telefonía Móvil","Telefonia komórkowa","la cámara","aparat (w telefonie)"
"Telefonía Móvil","Telefonia komórkowa","la cámara frontal","przedni aparat / kamera do selfie"
"Telefonía Móvil","Telefonia komórkowa","el flash","flesz"
"Telefonía Móvil","Telefonia komórkowa","la agenda","książka adresowa / kontakty"
"Telefonía Móvil","Telefonia komórkowa","la videollamada","rozmowa wideo"
"Telefonía Móvil","Telefonia komórkowa","el chat","czat"
"Telefonía Móvil","Telefonia komórkowa","la notificación","powiadomienie"
"Telefonía Móvil","Telefonia komórkowa","el ajuste","ustawienia"
"Telefonía Móvil","Telefonia komórkowa","el modo avión","tryb samolotowy"
"Telefonía Móvil","Telefonia komórkowa","el tono de aviso","dźwięk powiadomienia"
"Telefonía Móvil","Telefonia komórkowa","la funda","etui / pokrowczyk"
"Telefonía Móvil","Telefonia komórkowa","el protector de pantalla","szkło / folia ochronna na ekran"
"Telefonía Móvil","Telefonia komórkowa","el manos libres","zestaw głośnomówiący"
"Telefonía Móvil","Telefonia komórkowa","el auricular","słuchawka"
"Telefonía Móvil","Telefonia komórkowa","el bluetooth","Bluetooth"
"Telefonía Móvil","Telefonia komórkowa","el GPS","GPS / nawigacja"
"Telefonía Móvil","Telefonia komórkowa","la huella dactilar","czytnik linii papilarnych"
"Telefonía Móvil","Telefonia komórkowa","el reconocimiento facial","rozpoznawanie twarzy"
"Telefonía Móvil","Telefonia komórkowa","reiniciar","uruchomić ponownie"
"Telefonía Móvil","Telefonia komórkowa","apagar","wyłączyć"
"Telefonía Móvil","Telefonia komórkowa","encender","włączyć"
"Telefonía Móvil","Telefonia komórkowa","bloquear","zablokować"
"Telefonía Móvil","Telefonia komórkowa","desbloquear","odblokować"
"Telefonía Móvil","Telefonia komórkowa","la factura de teléfono","rachunek za telefon"
"Telefonía Móvil","Telefonia komórkowa","la recarga","doładowanie (konta)"
"Telefonía Móvil","Telefonia komórkowa","el operador de telefonía","operator telefoniczny"
"Telefonía Móvil","Telefonia komórkowa","la tarifa plana","stawka ryczałtowa / bez limitu"
"Telefonía Móvil","Telefonia komórkowa","el smartphone","smartfon"
"Telefonía Móvil","Telefonia komórkowa","la memoria interna","pamięć wewnętrzna"
"Videojuegos","Gry wideo","el videojuego","gra wideo"
"Videojuegos","Gry wideo","la consola","konsola do gier"
"Videojuegos","Gry wideo","el jugador","gracz"
"Videojuegos","Gry wideo","el mando / el controlador","pad / kontroler"
"Videojuegos","Gry wideo","la partida","rozgrywka / partida"
"Videojuegos","Gry wideo","la pantalla","ekran"
"Videojuegos","Gry wideo","el nivel","poziom"
"Videojuegos","Gry wideo","la fase","fase / etap"
"Videojuegos","Gry wideo","el jefe","boss (szef w grze)"
"Videojuegos","Gry wideo","la puntuación","wynik / punktacja"
"Videojuegos","Gry wideo","la vida","życie (w grze)"
"Videojuegos","Gry wideo","el punto de control","punkt kontrolny (checkpoint)"
"Videojuegos","Gry wideo","el inventario","ekwipunek / inwentarz"
"Videojuegos","Gry wideo","la misión","misja / zadanie"
"Videojuegos","Gry wideo","la aventura","przygoda"
"Videojuegos","Gry wideo","el juego de rol (RPG)","gra RPG"
"Videojuegos","Gry wideo","el simulador","symulator"
"Videojuegos","Gry wideo","la estrategia","strategia"
"Videojuegos","Gry wideo","el modo multijugador","tryb wieloosobowy (multiplayer)"
"Videojuegos","Gry wideo","el modo individual","tryb dla jednego gracza (singleplayer)"
"Videojuegos","Gry wideo","la realidad virtual","rzeczywistość wirtualna (VR)"
"Videojuegos","Gry wideo","el gráfico","grafika"
"Videojuegos","Gry wideo","la animación","animacja"
"Videojuegos","Gry wideo","la jugabilidad","rozgrywka (gameplay)"
"Videojuegos","Gry wideo","jugar","grać"
"Videojuegos","Gry wideo","ganar","wygrać"
"Videojuegos","Gry wideo","perder","przegrać"
"Videojuegos","Gry wideo","morir","zginąć (w grze)"
"Videojuegos","Gry wideo","revivir","ożywić / odrodzić się"
"Videojuegos","Gry wideo","la plataforma","platforma do gier"
"Videojuegos","Gry wideo","el juego en línea","gra online"
"Videojuegos","Gry wideo","el servidor","serwer"
"Videojuegos","Gry wideo","el retraso (lag)","opóźnienie (lag)"
"Videojuegos","Gry wideo","el truco","kod / sztuczka (cheat)"
"Videojuegos","Gry wideo","la beta","wersja beta"
"Videojuegos","Gry wideo","el parche","łatka / aktualizacja (patch)"
"Videojuegos","Gry wideo","la expansión","dodatek do gry (expansion)"
"Videojuegos","Gry wideo","el estudio de desarrollo","studio deweloperskie"
"Videojuegos","Gry wideo","el desarrollador","programista / deweloper"
"Videojuegos","Gry wideo","el lanzamiento","premiera"
"Videojuegos","Gry wideo","la banda sonora","ścieżka dźwiękowa"
"Videojuegos","Gry wideo","la historia","fabuła / historia"
"Videojuegos","Gry wideo","el personaje","postać"
"Videojuegos","Gry wideo","el avatar","awatar"
"Videojuegos","Gry wideo","el streaming","streaming"
"Videojuegos","Gry wideo","el streamer","streamer"
"Videojuegos","Gry wideo","la transmisión","transmisja"
"Videojuegos","Gry wideo","la comunidad","społeczność"
"Videojuegos","Gry wideo","la tabla de clasificación","tabela wyników (leaderboard)"
"Videojuegos","Gry wideo","la edición coleccionista","edycja kolekcjonerska"
"Física","Fizyka","la física","fizyka"
"Física","Fizyka","la materia","materia"
"Física","Fizyka","la energía","energia"
"Física","Fizyka","la fuerza","siła"
"Física","Fizyka","la masa","masa"
"Física","Fizyka","el peso","ciężar"
"Física","Fizyka","la velocidad","prędkość"
"Física","Fizyka","la aceleración","przyspieszenie"
"Física","Fizyka","la gravedad","grawitacja"
"Física","Fizyka","el movimiento","ruch"
"Física","Fizyka","el reposo","spoczynek"
"Física","Fizyka","la inercia","bezwładność"
"Física","Fizyka","la ley","prawo (fizyczne)"
"Física","Fizyka","la teoría","teoria"
"Física","Fizyka","el átomo","atom"
"Física","Fizyka","la molécula","cząsteczka"
"Física","Fizyka","el electrón","elektron"
"Física","Fizyka","el protón","proton"
"Física","Fizyka","el neutrón","neutron"
"Física","Fizyka","la carga eléctrica","ładunek elektryczny"
"Física","Fizyka","la electricidad","elektryczność"
"Física","Fizyka","el magnetismo","magnetyzm"
"Física","Fizyka","la onda","fala"
"Física","Fizyka","la frecuencia","częstotliwość"
"Física","Fizyka","la longitud de onda","długość fali"
"Física","Fizyka","la luz","światło"
"Física","Fizyka","el sonido","dźwięk"
"Física","Fizyka","el calor","ciepło / temperatura"
"Física","Fizyka","la termodinámica","termodynamika"
"Física","Fizyka","la presión","ciśnienie"
"Física","Fizyka","el volumen","objętość"
"Física","Fizyka","la densidad","gęstość"
"Física","Fizyka","el trabajo","praca (fizyczna)"
"Física","Fizyka","la potencia","moc"
"Física","Fizyka","la óptica","optyka"
"Física","Fizyka","la mecánica","mechanika"
"Física","Fizyka","la cuántica","fizyka kwantowa"
"Física","Fizyka","la relatividad","względność"
"Física","Fizyka","el espacio","przestrzeń"
"Física","Fizyka","el tiempo","czas"
"Física","Fizyka","el vacío","próżnia"
"Física","Fizyka","el experimento","eksperyment"
"Física","Fizyka","la hipótesis","hipoteza"
"Física","Fizyka","medir","mierzyć"
"Física","Fizyka","la unidad","jednostka"
"Física","Fizyka","el metro","metr"
"Física","Fizyka","el kilogramo","kilogram"
"Física","Fizyka","el segundo","sekunda"
"Física","Fizyka","el newton","niuton"
"Física","Fizyka","el julio","dżul"
"Química","Chemia","la química","chemia"
"Química","Chemia","la sustancia","substancja"
"Química","Chemia","el elemento","pierwiastek"
"Química","Chemia","el compuesto","związek chemiczny"
"Química","Chemia","la tabla periódica","układ okresowy pierwiastków"
"Química","Chemia","el átomo","atom"
"Química","Chemia","la molécula","cząsteczka"
"Química","Chemia","el electrón","elektron"
"Química","Chemia","el núcleo","jądro atomowe"
"Química","Chemia","la reacción química","reakcja chemiczna"
"Química","Chemia","la fórmula","wzór chemiczny"
"Química","Chemia","el enlace","wiązanie chemiczne"
"Química","Chemia","el ácido","kwas"
"Química","Chemia","la base","zasada"
"Química","Chemia","el pH","pH"
"Química","Chemia","la solución / la disolución","roztwór"
"Química","Chemia","el disolvente","rozpuszczalnik"
"Química","Chemia","el soluto","substancja rozpuszczona"
"Química","Chemia","la concentración","stężenie"
"Química","Chemia","el estado de la materia","stan skupienia"
"Química","Chemia","el estado sólido","stan stały"
"Química","Chemia","el estado líquido","stan ciekły"
"Química","Chemia","el estado gaseoso","stan gazowy"
"Química","Chemia","el gas","gaz"
"Química","Chemia","el líquido","ciecz"
"Química","Chemia","el sólido","ciało stałe"
"Química","Chemia","fundir","topić / stapiać"
"Química","Chemia","congelar","zamrażać"
"Química","Chemia","evaporar","odparowywać"
"Química","Chemia","condensar","skraplać"
"Química","Chemia","sublimar","sublimować"
"Química","Chemia","la combustión","spalanie"
"Química","Chemia","la oxidación","utlenianie"
"Química","Chemia","la reducción","redukcja"
"Química","Chemia","el laboratorio","laboratorium"
"Química","Chemia","el tubo de ensayo","probówka"
"Química","Chemia","el matraz","kolba laboratoryjna"
"Química","Chemia","el vaso de precipitados","zlewek laboratoryjny"
"Química","Chemia","la pipeta","pipeta"
"Química","Chemia","la balanza","waga laboratoryjna"
"Química","Chemia","el mechero Bunsen","palnik Bunsen"
"Química","Chemia","tóxico","toksyczny"
"Química","Chemia","inflamable","łatwopalny"
"Química","Chemia","corrosivo","żrący"
"Química","Chemia","el peligro","niebezpieczeństwo"
"Química","Chemia","la seguridad","bezpieczeństwo"
"Química","Chemia","el catalizador","katalizator"
"Química","Chemia","la orgánica","chemia organiczna"
"Química","Chemia","la inorgánica","chemia nieorganiczna"
"Química","Chemia","la bioquímica","biochemia"
"Biología","Biologia","la biología","biologia"
"Biología","Biologia","la vida","życie"
"Biología","Biologia","el organismo","organizm"
"Biología","Biologia","la célula","komórka"
"Biología","Biologia","el ADN","DNA"
"Biología","Biologia","el ARN","RNA"
"Biología","Biologia","el gen","gen"
"Biología","Biologia","la genética","genetyka"
"Biología","Biologia","la evolución","ewolucja"
"Biología","Biologia","la especie","gatunek"
"Biología","Biologia","el ecosistema","ekosystem"
"Biología","Biologia","la biodiversidad","bioróżnorodność"
"Biología","Biologia","el hábitat","siedlisko"
"Biología","Biologia","la adaptación","adaptacja / przystosowanie"
"Biología","Biologia","la selección natural","dobór naturalny"
"Biología","Biologia","la anatomía","anatomia"
"Biología","Biologia","la fisiología","fizjologia"
"Biología","Biologia","el tejido","tkanka"
"Biología","Biologia","el órgano","narząd / organ"
"Biología","Biologia","el sistema","układ (np. krążenia, nerwowy)"
"Biología","Biologia","la reproducción","rozmnażanie"
"Biología","Biologia","el crecimiento","wzrost"
"Biología","Biologia","la nutrición","odżywianie"
"Biología","Biologia","el metabolismo","metabolizm"
"Biología","Biologia","la fotosíntesis","fotosynteza"
"Biología","Biologia","la bacteria","bakteria"
"Biología","Biologia","el virus","wirus"
"Biología","Biologia","el hongo","grzyb"
"Biología","Biologia","la planta","roślina"
"Biología","Biologia","el animal","zwierzę"
"Biología","Biologia","la botánica","botanika"
"Biología","Biologia","la zoología","zoologia"
"Biología","Biologia","la microbiología","mikrobiologia"
"Biología","Biologia","la ecología","ekologia"
"Biología","Biologia","la zoología","zoologia"
"Biología","Biologia","el fósil","skamieniałość"
"Biología","Biologia","la extinción","wyginięcie"
"Biología","Biologia","la clonación","klonowanie"
"Biología","Biologia","la mutación","mutacja"
"Biología","Biologia","el microscopio","mikroskop"
"Biología","Biologia","la muestra","próbka"
"Biología","Biologia","el espécimen","okaz"
"Biología","Biologia","la membrana","błona komórkowa"
"Biología","Biologia","el núcleo","jądro komórkowe"
"Biología","Biologia","el citoplasma","cytoplazma"
"Biología","Biologia","la enzima","enzym"
"Biología","Biologia","la proteína","białko"
"Biología","Biologia","el aminoácido","aminokwas"
"Biología","Biologia","la simbiosis","symbioza"
"Biología","Biologia","el parásito","pasożyt"
"Matemáticas","Matematyka","las matemáticas","matematyka"
"Matemáticas","Matematyka","el número","liczba / numer"
"Matemáticas","Matematyka","la cifra","cyfra"
"Matemáticas","Matematyka","la suma","suma / dodawanie"
"Matemáticas","Matematyka","la resta","odejmowanie"
"Matemáticas","Matematyka","la multiplicación","mnożenie"
"Matemáticas","Matematyka","la división","dzielenie"
"Matemáticas","Matematyka","sumar","dodawać"
"Matemáticas","Matematyka","restar","odejmować"
"Matemáticas","Matematyka","multiplicar","mnożyć"
"Matemáticas","Matematyka","dividir","dzielić"
"Matemáticas","Matematyka","el resultado","wynik"
"Matemáticas","Matematyka","el total","całkowity / suma"
"Matemáticas","Matematyka","la fracción","ułamek"
"Matemáticas","Matematyka","el decimal","liczba dziesiętna"
"Matemáticas","Matematyka","el porcentaje","procent"
"Matemáticas","Matematyka","la ecuación","równanie"
"Matemáticas","Matematyka","la fórmula","wzór"
"Matemáticas","Matematyka","la variable","zmienna"
"Matemáticas","Matematyka","la constante","stała"
"Matemáticas","Matematyka","la geometría","geometria"
"Matemáticas","Matematyka","el álgebra","algebra"
"Matemáticas","Matematyka","el cálculo","rachunek / obliczenie"
"Matemáticas","Matematyka","la trigonometria","trygonometria"
"Matemáticas","Matematyka","la estadística","statystyka"
"Matemáticas","Matematyka","la probabilidad","prawdopodobieństwo"
"Matemáticas","Matematyka","el ángulo","kąt"
"Matemáticas","Matematyka","el triángulo","trójkąt"
"Matemáticas","Matematyka","el cuadrado","kwadrat"
"Matemáticas","Matematyka","el círculo","koło"
"Matemáticas","Matematyka","el rectángulo","prostokąt"
"Matemáticas","Matematyka","el radio","promień"
"Matemáticas","Matematyka","el diámetro","średnica"
"Matemáticas","Matematyka","el perímetro","obwód"
"Matemáticas","Matematyka","el área","pole powierzchni"
"Matemáticas","Matematyka","el volumen","objętość"
"Matemáticas","Matematyka","la raíz cuadrada","pierwiastek kwadratowy"
"Matemáticas","Matematyka","la potencia","potęga"
"Matemáticas","Matematyka","el exponente","wykładnik potęgi"
"Matemáticas","Matematyka","la matriz","macierz"
"Matemáticas","Matematyka","el vector","wektor"
"Matemáticas","Matematyka","la función","funkcja"
"Matemáticas","Matematyka","la derivada","pochodna"
"Matemáticas","Matematyka","la integral","całka"
"Matemáticas","Matematyka","el teorema","twierdzenie"
"Matemáticas","Matematyka","la demostración","dowód"
"Matemáticas","Matematyka","el infinito","nieskończoność"
"Matemáticas","Matematyka","la lógica","logika"
"Matemáticas","Matematyka","el gráfico","wykres"
"Matemáticas","Matematyka","la tabla","tabela"
"Historia Antigua","Historia starożytna","la historia antigua","historia starożytna"
"Historia Antigua","Historia starożytna","la prehistoria","prehistoria"
"Historia Antigua","Historia starożytna","la antigüedad","starożytność"
"Historia Antigua","Historia starożytna","la civilización","cywilizacja"
"Historia Antigua","Historia starożytna","el imperio","imperium"
"Historia Antigua","Historia starożytna","el reino","królestwo"
"Historia Antigua","Historia starożytna","la dinastía","dynastia"
"Historia Antigua","Historia starożytna","el faraón","faraon"
"Historia Antigua","Historia starożytna","el emperador","cesarz"
"Historia Antigua","Historia starożytna","el rey","król"
"Historia Antigua","Historia starożytna","la reina","królowa"
"Historia Antigua","Historia starożytna","el esclavo","niewolnik"
"Historia Antigua","Historia starożytna","la esclavitud","niewolnictwo"
"Historia Antigua","Historia starożytna","el gladiador","gladiator"
"Historia Antigua","Historia starożytna","el templo","świątynia"
"Historia Antigua","Historia starożytna","la pirámide","piramida"
"Historia Antigua","Historia starożytna","el monumento","pomnik / zabytek"
"Historia Antigua","Historia starożytna","las ruinas","ruiny"
"Historia Antigua","Historia starożytna","la mitología","mitologia"
"Historia Antigua","Historia starożytna","el dios","bóg"
"Historia Antigua","Historia starożytna","la diosa","bogini"
"Historia Antigua","Historia starożytna","el mito","mit"
"Historia Antigua","Historia starożytna","la leyenda","legenda"
"Historia Antigua","Historia starożytna","la escritura","pismo"
"Historia Antigua","Historia starożytna","el jeroglífico","hieroglif"
"Historia Antigua","Historia starożytna","el papiro","papirus"
"Historia Antigua","Historia starożytna","el pergamino","pergamin"
"Historia Antigua","Historia starożytna","la arqueología","archeologia"
"Historia Antigua","Historia starożytna","el arqueólogo","archeolog"
"Historia Antigua","Historia starożytna","el fósil","skamieniałość"
"Historia Antigua","Historia starożytna","la excavación","wykopaliska"
"Historia Antigua","Historia starożytna","el tesoro","skarb"
"Historia Antigua","Historia starożytna","la conquista","podbój"
"Historia Antigua","Historia starożytna","conquistar","podbijać"
"Historia Antigua","Historia starożytna","la batalla","bitwa"
"Historia Antigua","Historia starożytna","la guerra","wojna"
"Historia Antigua","Historia starożytna","el ejército","armia"
"Historia Antigua","Historia starożytna","el soldado","żołnierza"
"Historia Antigua","Historia starożytna","la espada","miecz"
"Historia Antigua","Historia starożytna","el escudo","tarcza"
"Historia Antigua","Historia starożytna","Grecia","Grecja"
"Historia Antigua","Historia starożytna","Roma","Rzym"
"Historia Antigua","Historia starożytna","Egipto","Egipt"
"Historia Antigua","Historia starożytna","Mesopotamia","Mezopotamizacja / Mezopotamia"
"Historia Antigua","Historia starożytna","Persia","Persja"
"Historia Antigua","Historia starożytna","Esparta","Sparta"
"Historia Antigua","Historia starożytna","Atenas","Ateny"
"Historia Antigua","Historia starożytna","el coliseo","koloseum"
"Historia Antigua","Historia starożytna","el senat","senat"
"Historia Antigua","Historia starożytna","la república","republika"
"Historia Moderna","Historia nowożytna","la historia moderna","historia nowożytna"
"Historia Moderna","Historia nowożytna","la Edad Moderna","epoka nowożytna"
"Historia Moderna","Historia nowożytna","el Renacimiento","renesans"
"Historia Moderna","Historia nowożytna","el Humanismo","humanizm"
"Historia Moderna","Historia nowożytna","el descubrimiento","odkrycie"
"Historia Moderna","Historia nowożytna","el explorador","odkrywca / badacz"
"Historia Moderna","Historia nowożytna","la colonización","kolonizacja"
"Historia Moderna","Historia nowożytna","la colonia","kolonia"
"Historia Moderna","Historia nowożytna","la conquista","podbój"
"Historia Moderna","Historia nowożytna","el continente","kontynent"
"Historia Moderna","Historia nowożytna","el Nuevo Mundo","Nowy Świat"
"Historia Moderna","Historia nowożytna","la Reforma","reforma (religiosa)"
"Historia Moderna","Historia nowożytna","el protestantismo","protestantyzm"
"Historia Moderna","Historia nowożytna","la Contrarreforma","kontrreformacja"
"Historia Moderna","Historia nowożytna","la monarquía absoluta","monarchia absolutna"
"Historia Moderna","Historia nowożytna","el absolutismo","absolutyzm"
"Historia Moderna","Historia nowożytna","la Revolución","rewolucja"
"Historia Moderna","Historia nowożytna","la Revolución Industrial","rewolucja przemysłowa"
"Historia Moderna","Historia nowożytna","la burguesía","burżuazja"
"Historia Moderna","Historia nowożytna","el proletariado","proletariat"
"Historia Moderna","Historia nowożytna","el capitalismo","kapitalizm"
"Historia Moderna","Historia nowożytna","el mercantilismo","merkantylizm"
"Historia Moderna","Historia nowożytna","la máquina de vapor","maszyna parowa"
"Historia Moderna","Historia nowożytna","la imprenta","drukarnia"
"Historia Moderna","Historia nowożytna","el telescopio","teleskop"
"Historia Moderna","Historia nowożytna","la ilustración","oświecenie"
"Historia Moderna","Historia nowożytna","la enciclopedia","encyklopedia"
"Historia Moderna","Historia nowożytna","la independencia","niepodległość"
"Historia Moderna","Historia nowożytna","la república","republika"
"Historia Moderna","Historia nowożytna","la democracia","demokracja"
"Historia Moderna","Historia nowożytna","el ciudadano","obywatel"
"Historia Moderna","Historia nowożytna","los derechos humanos","prawa człowieka"
"Historia Moderna","Historia nowożytna","la guillotina","gilotyna"
"Historia Moderna","Historia nowożytna","el rey","król"
"Historia Moderna","Historia nowożytna","la reina","królowa"
"Historia Moderna","Historia nowożytna","la corte","dwór królewski"
"Historia Moderna","Historia nowożytna","el palacio","pałac"
"Historia Moderna","Historia nowożytna","la armada","flota wojenna"
"Historia Moderna","Historia nowożytna","el tratado","traktat / umowa"
"Historia Moderna","Historia nowożytna","la paz","pokój"
"Historia Moderna","Historia nowożytna","la crisis","kryzys"
"Historia Moderna","Historia nowożytna","la hambruna","głód"
"Historia Moderna","Historia nowożytna","la peste","dżuma / zaraza"
"Historia Moderna","Historia nowożytna","el siglo","wiek / stulecie"
"Historia Moderna","Historia nowożytna","la época","epoka"
"Historia Moderna","Historia nowożytna","el evento","wydarzenie"
"Historia Moderna","Historia nowożytna","el cambio","zmiana"
"Historia Moderna","Historia nowożytna","el progreso","postęp"
"Historia Moderna","Historia nowożytna","la sociedad","społeczeństwo"
"Historia Moderna","Historia nowożytna","la cultura","kultura"
"Guerra y Paz","Wojna i pokój","la guerra","wojna"
"Guerra y Paz","Wojna i pokój","la paz","pokój"
"Guerra y Paz","Wojna i pokój","el conflicto","konflikt"
"Guerra y Paz","Wojna i pokój","la batalla","bitwa"
"Guerra y Paz","Wojna i pokój","el combate","walka / starcie"
"Guerra y Paz","Wojna i pokój","el ejército","armia / wojsko"
"Guerra y Paz","Wojna i pokój","el soldado","żołnierza"
"Guerra y Paz","Wojna i pokój","el oficial","oficer"
"Guerra y Paz","Wojna i pokój","el general","generał"
"Guerra y Paz","Wojna i pokój","el comandante","dowódca / komendant"
"Guerra y Paz","Wojna i pokój","el enemigo","wróg"
"Guerra y Paz","Wojna i pokój","el aliado","sojusznik"
"Guerra y Paz","Wojna i pokój","la alianza","sojusz"
"Guerra y Paz","Wojna i pokój","la tregua","zawieszenie broni / rozejm"
"Guerra y Paz","Wojna i pokój","el tratado de paz","traktat pokojowy"
"Guerra y Paz","Wojna i pokój","la rendición","kapitulacja"
"Guerra y Paz","Wojna i pokój","rendirse","poddać się"
"Guerra y Paz","Wojna i pokój","la victoria","zwycięstwo"
"Guerra y Paz","Wojna i pokój","la derrota","porażka"
"Guerra y Paz","Wojna i pokój","el arma","broń"
"Guerra y Paz","Wojna i pokój","el arma de fuego","broń palna"
"Guerra y Paz","Wojna i pokój","el rifle","karabin"
"Guerra y Paz","Wojna i pokój","la pistola","pistolet"
"Guerra y Paz","Wojna i pokój","la espada","miecz"
"Guerra y Paz","Wojna i pokój","la bomba","bomba"
"Guerra y Paz","Wojna i pokój","el misil","pocisk rakietowy"
"Guerra y Paz","Wojna i pokój","el tanque","czołg"
"Guerra y Paz","Wojna i pokój","el avión de combate","samolot myśliwski / myśliwiec"
"Guerra y Paz","Wojna i pokój","el buque de guerra","okręt wojenny"
"Guerra y Paz","Wojna i pokój","la base militar","baza wojskowa"
"Guerra y Paz","Wojna i pokój","la trinchera","okop"
"Guerra y Paz","Wojna i pokój","el frente","front"
"Guerra y Paz","Wojna i pokój","la estrategia","strategia"
"Guerra y Paz","Wojna i pokój","la táctica","taktyka"
"Guerra y Paz","Wojna i pokój","el espía","szpieg"
"Guerra y Paz","Wojna i pokój","el espionaje","szpiegostwo"
"Guerra y Paz","Wojna i pokój","la inteligencia","wywiad (służba)"
"Guerra y Paz","Wojna i pokój","el prisionero de guerra","jeeniec wojenny"
"Guerra y Paz","Wojna i pokój","el refugiado","uchodźca"
"Guerra y Paz","Wojna i pokój","la víctima","ofiara"
"Guerra y Paz","Wojna i pokój","el herido","ranny"
"Guerra y Paz","Wojna i pokój","el hospital de campaña","szpital polowy"
"Guerra y Paz","Wojna i pokój","la destrucción","zniszczenie"
"Guerra y Paz","Wojna i pokój","los escombros","gruzy"
"Guerra y Paz","Wojna i pokój","la amenaza","zagrożenie"
"Guerra y Paz","Wojna i pokój","la tensión","napięcie"
"Guerra y Paz","Wojna i pokój","la diplomacia","dyplomacja"
"Guerra y Paz","Wojna i pokój","el desarme","rozbrojenie"
"Guerra y Paz","Wojna i pokój","la seguridad","bezpieczeństwo"
"Guerra y Paz","Wojna i pokój","el monumento a los caídos","pomnik poległych"
"Sistema Político","System polityczny","el sistema político","system polityczny"
"Sistema Político","System polityczny","la política","polityka"
"Sistema Político","System polityczny","el gobierno","rząd"
"Sistema Político","System polityczny","el Estado","państwo"
"Sistema Político","System polityczny","la democracia","demokracja"
"Sistema Político","System polityczny","la dictadura","dyktatura"
"Sistema Político","System polityczny","la monarquía","monarchia"
"Sistema Político","System polityczny","la república","republika"
"Sistema Político","System polityczny","la constitución","konstytucja"
"Sistema Político","System polityczny","las leyes","prawa / ustawy"
"Sistema Político","System polityczny","el poder","władza"
"Sistema Político","System polityczny","la división de poderes","trójpodział władzy"
"Sistema Político","System polityczny","el poder ejecutivo","władza wykonawcza"
"Sistema Político","System polityczny","el poder legislativo","władza ustawodawcza"
"Sistema Político","System polityczny","el poder judicial","władza sądownicza"
"Sistema Político","System polityczny","el parlamento","parlament"
"Sistema Político","System polityczny","el congreso","kongres"
"Sistema Político","System polityczny","el senado","senat"
"Sistema Político","System polityczny","el diputado","poseł"
"Sistema Político","System polityczny","el senador","senator"
"Sistema Político","System polityczny","el presidente","prezident"
"Sistema Político","System polityczny","el primer ministro","premier"
"Sistema Político","System polityczny","el ministro","minister"
"Sistema Político","System polityczny","el ministerio","ministerstwo"
"Sistema Político","System polityczny","el partido político","partia polityczna"
"Sistema Político","System polityczny","las elecciones","wybory"
"Sistema Político","System polityczny","votar","głosować"
"Sistema Político","System polityczny","el voto","głos"
"Sistema Político","System polityczny","el electorado","elektorat / wyborcy"
"Sistema Político","System polityczny","la campaña electoral","kampania wyborcza"
"Sistema Político","System polityczny","el candidato","kandydat"
"Sistema Político","System polityczny","la oposición","opozycja"
"Sistema Político","System polityczny","la mayoría","większość"
"Sistema Político","System polityczny","la minoría","mniejszość"
"Sistema Político","System polityczny","la coalición","koalicja"
"Sistema Político","System polityczny","el ayuntamiento","urząd miasta / ratusz"
"Sistema Político","System polityczny","el alcalde","burmistrz / prezydent miasta"
"Sistema Político","System polityczny","la diplomacia","dyplomacja"
"Sistema Político","System polityczny","el embajador","ambasador"
"Sistema Político","System polityczny","la embajada","ambasada"
"Sistema Político","System polityczny","el derecho","prawo"
"Sistema Político","System polityczny","la libertad","wolność"
"Sistema Político","System polityczny","la igualdad","równość"
"Sistema Político","System polityczny","la justicia","sprawiedliwość"
"Sistema Político","System polityczny","la corrupción","korupcja"
"Sistema Político","System polityczny","el ciudadano","obywatel"
"Sistema Político","System polityczny","la ciudadanía","obywatelstwo"
"Sistema Político","System polityczny","la reforma","reforma"
"Sistema Político","System polityczny","la crisis política","kryzys polityczny"
"Sistema Político","System polityczny","la soberanía","suwerenność"
"Elecciones","Wybory","las elecciones","wybory"
"Elecciones","Wybory","el voto","głos"
"Elecciones","Wybory","votar","głosować"
"Elecciones","Wybory","el votante","wyborca"
"Elecciones","Wybory","el electorado","elektorat"
"Elecciones","Wybory","el colegio electoral","lokal wyborczy"
"Elecciones","Wybory","la urna","urna wyborcza"
"Elecciones","Wybory","la papeleta","karta do głosowania"
"Elecciones","Wybory","el candidato","kandydat"
"Elecciones","Wybory","el partido político","partia polityczna"
"Elecciones","Wybory","la campaña electoral","kampania wyborcza"
"Elecciones","Wybory","el mitin","wiec wyborczy"
"Elecciones","Wybory","el debate","debata"
"Elecciones","Wybory","el programa electoral","program wyborczy"
"Elecciones","Wybory","la encuesta","sondaż / ankieta"
"Elecciones","Wybory","el sondeo de opinión","sondaż opinii publicznej"
"Elecciones","Wybory","la mayoría","większość"
"Elecciones","Wybory","la minoría","mniejszość"
"Elecciones","Wybory","la coalición","koalicja"
"Elecciones","Wybory","el escaño","mandat / miejsce w parlamencie"
"Elecciones","Wybory","el parlamento","parlament"
"Elecciones","Wybory","el congreso","kongres"
"Elecciones","Wybory","el senado","senat"
"Elecciones","Wybory","el diputado","poseł"
"Elecciones","Wybory","el senador","senator"
"Elecciones","Wybory","el alcalde","burmistrz / prezydent miasta"
"Elecciones","Wybory","el presidente","prezydent"
"Elecciones","Wybory","el primer ministro","premier"
"Elecciones","Wybory","el gobierno","rząd"
"Elecciones","Wybory","la oposición","opozycja"
"Elecciones","Wybory","ganar","wygrać"
"Elecciones","Wybory","perder","przegrać"
"Elecciones","Wybory","el resultado","wynik"
"Elecciones","Wybory","la victoria","zwycięstwo"
"Elecciones","Wybory","la derrota","porażka"
"Elecciones","Wybory","el recuento","przeliczanie głosów"
"Elecciones","Wybory","la abstención","abstencja"
"Elecciones","Wybory","el censo electoral","spis wyborców"
"Elecciones","Wybory","el sufragio","prawo głosu"
"Elecciones","Wybory","el sufragio universal","wybory powszechne"
"Elecciones","Wybory","la circunscripción","okręg wyborczy"
"Elecciones","Wybory","la jornada electoral","dzień wyborów"
"Elecciones","Wybory","el escrutinio","skrutynium / podsumowanie głosów"
"Elecciones","Wybory","proclamar","ogłosić / proklamować"
"Elecciones","Wybory","jurar","składać przysięgę"
"Elecciones","Wybory","la investidura","zaprzysiężenie"
"Elecciones","Wybory","el mandato","kadencja / mandat"
"Elecciones","Wybory","la reelección","reelekcja / ponowny wybór"
"Elecciones","Wybory","fraudulento","sfałszowany / oszukańczy"
"Elecciones","Wybory","democrático","demokratyczny"
"Derechos Humanos","Prawa człowieka","los derechos humanos","prawa człowieka"
"Derechos Humanos","Prawa człowieka","el derecho","prawo"
"Derechos Humanos","Prawa człowieka","la libertad","wolność"
"Derechos Humanos","Prawa człowieka","la igualdad","równość"
"Derechos Humanos","Prawa człowieka","la dignidad","godność"
"Derechos Humanos","Prawa człowieka","la justicia","sprawiedliwość"
"Derechos Humanos","Prawa człowieka","la discriminación","dyskryminacja"
"Derechos Humanos","Prawa człowieka","discriminar","dyskryminować"
"Derechos Humanos","Prawa człowieka","el racismo","rasizm"
"Derechos Humanos","Prawa człowieka","racista","rasistowski"
"Derechos Humanos","Prawa człowieka","la xenofobia","ksenofobia"
"Derechos Humanos","Prawa człowieka","el sexismo","seksizm"
"Derechos Humanos","Prawa człowieka","la igualdad de género","równość płci"
"Derechos Humanos","Prawa człowieka","la tolerancia","tolerancja"
"Derechos Humanos","Prawa człowieka","tolerar","tolerować"
"Derechos Humanos","Prawa człowieka","la opresión","ucisk / uciemiężenie"
"Derechos Humanos","Prawa człowieka","oprimir","uciskać"
"Derechos Humanos","Prawa człowieka","la persecución","prześladowanie"
"Derechos Humanos","Prawa człowieka","perseguir","prześladować"
"Derechos Humanos","Prawa człowieka","la libertad de expresión","wolność słowa"
"Derechos Humanos","Prawa człowieka","la libertad de prensa","wolność prasy"
"Derechos Humanos","Prawa człowieka","la libertad religiosa","wolność religijna"
"Derechos Humanos","Prawa człowieka","la libertad de reunión","wolność zgromadzeń"
"Derechos Humanos","Prawa człowieka","el asilo","azyl"
"Derechos Humanos","Prawa człowieka","el refugiado","uchodźca"
"Derechos Humanos","Prawa człowieka","el asilado","azylant"
"Derechos Humanos","Prawa człowieka","la tortura","tortura"
"Derechos Humanos","Prawa człowieka","torturar","torturować"
"Derechos Humanos","Prawa człowieka","la esclavitud","niewolnictwo"
"Derechos Humanos","Prawa człowieka","el esclavo","niewolnik"
"Derechos Humanos","Prawa człowieka","la Declaración Universal","Powszechna Deklaracja"
"Derechos Humanos","Prawa człowieka","Amnistía Internacional","Amnesty International"
"Derechos Humanos","Prawa człowieka","el activista","aktywista"
"Derechos Humanos","Prawa człowieka","la manifestación","manifestacja"
"Derechos Humanos","Prawa człowieka","manifestarse","manifestować"
"Derechos Humanos","Prawa człowieka","la protesta","protest"
"Derechos Humanos","Prawa człowieka","protestar","protestować"
"Derechos Humanos","Prawa człowieka","la huelga","strajk"
"Derechos Humanos","Prawa człowieka","la censura","cenzura"
"Derechos Humanos","Prawa człowieka","censurar","cenzurować"
"Derechos Humanos","Prawa człowieka","la igualdad de oportunidades","równość szans"
"Derechos Humanos","Prawa człowieka","el derecho al voto","prawo do głosowania"
"Derechos Humanos","Prawa człowieka","la dignidad humana","godność ludzka"
"Derechos Humanos","Prawa człowieka","el respeto","szacunek"
"Derechos Humanos","Prawa człowieka","respetar","szanować"
"Derechos Humanos","Prawa człowieka","la vulnerabilidad","wrażliwość / podatność"
"Derechos Humanos","Prawa człowieka","vulnerable","wrażliwy / podatny"
"Derechos Humanos","Prawa człowieka","la injusticia","niesprawiedliwość"
"Derechos Humanos","Prawa człowieka","la impunidad","bezkarność"
"Derechos Humanos","Prawa człowieka","la paz","pokój"
"Delincuencia y Justicia","Przestępczość i sprawiedliwość","la delincuencia","przestępczość"
"Delincuencia y Justicia","Przestępczość i sprawiedliwość","el delincuente","przestępca"
"Delincuencia y Justicia","Przestępczość i sprawiedliwość","el crimen","przestępstwo / zbrodnia"
"Delincuencia y Justicia","Przestępczość i sprawiedliwość","el delito","przestępstwo"
"Delincuencia y Justicia","Przestępczość i sprawiedliwość","la falta","wykroczenie"
"Delincuencia y Justicia","Przestępczość i sprawiedliwość","el robo","kradzież"
"Delincuencia y Justicia","Przestępczość i sprawiedliwość","robar","kraść"
"Delincuencia y Justicia","Przestępczość i sprawiedliwość","el ladrón","złodziej"
"Delincuencia y Justicia","Przestępczość i sprawiedliwość","el asalto","napad"
"Delincuencia y Justicia","Przestępczość i sprawiedliwość","asaltar","napadać"
"Delincuencia y Justicia","Przestępczość i sprawiedliwość","el hurto","kradzież bez przemocy"
"Delincuencia y Justicia","Przestępczość i sprawiedliwość","el asesinato","zabójstwo / morderstwo"
"Delincuencia y Justicia","Przestępczość i sprawiedliwość","asesinar","zamordować"
"Delincuencia y Justicia","Przestępczość i sprawiedliwość","el asesino","morderca"
"Delincuencia y Justicia","Przestępczość i sprawiedliwość","el secuestro","porwanie"
"Delincuencia y Justicia","Przestępczość i sprawiedliwość","secuestrar","porwać"
"Delincuencia y Justicia","Przestępczość i sprawiedliwość","la extorsión","wymuszenie / szantaż"
"Delincuencia y Justicia","Przestępczość i sprawiedliwość","el soborno","łapówka"
"Delincuencia y Justicia","Przestępczość i sprawiedliwość","el fraude","oszustwo"
"Delincuencia y Justicia","Przestępczość i sprawiedliwość","la estafa","wyłudzenie"
"Delincuencia y Justicia","Przestępczość i sprawiedliwość","el estafador","oszust"
"Delincuencia y Justicia","Przestępczość i sprawiedliwość","el narcotráfico","handel narkotykami"
"Delincuencia y Justicia","Przestępczość i sprawiedliwość","el narcotraficante","handlarz narkotykami"
"Delincuencia y Justicia","Przestępczość i sprawiedliwość","la corrupción","korupcja"
"Delincuencia y Justicia","Przestępczość i sprawiedliwość","el vandalismo","wandalizm"
"Delincuencia y Justicia","Przestępczość i sprawiedliwość","la violencia","przemoc"
"Delincuencia y Justicia","Przestępczość i sprawiedliwość","la agresión","agresja / napaść"
"Delincuencia y Justicia","Przestępczość i sprawiedliwość","agredir","zaatakować"
"Delincuencia y Justicia","Przestępczość i sprawiedliwość","la víctima","ofiara"
"Delincuencia y Justicia","Przestępczość i sprawiedliwość","el testigo","świadek"
"Delincuencia y Justicia","Przestępczość i sprawiedliwość","el sospechoso","podejrzany"
"Delincuencia y Justicia","Przestępczość i sprawiedliwość","la prueba","dowód"
"Delincuencia y Justicia","Przestępczość i sprawiedliwość","la investigación","śledztwo"
"Delincuencia y Justicia","Przestępczość i sprawiedliwość","investigcar","prowadzić śledztwo"
"Delincuencia y Justicia","Przestępczość i sprawiedliwość","el juez","sędzia"
"Delincuencia y Justicia","Przestępczość i sprawiedliwość","el tribunal","sąd"
"Delincuencia y Justicia","Przestępczość i sprawiedliwość","la sentencia","wyrok"
"Delincuencia y Justicia","Przestępczość i sprawiedliwość","condenar","skazać"
"Delincuencia y Justicia","Przestępczość i sprawiedliwość","la condena","skazanie / wyrok"
"Delincuencia y Justicia","Przestępczość i sprawiedliwość","la cárcel","więzienie"
"Delincuencia y Justicia","Przestępczość i sprawiedliwość","el preso","więzień"
"Delincuencia y Justicia","Przestępczość i sprawiedliwość","la prisión","areszt / więzienie"
"Delincuencia y Justicia","Przestępczość i sprawiedliwość","la multa","grzywna"
"Delincuencia y Justicia","Przestępczość i sprawiedliwość","la libertad condicional","warunkowe zwolnienie"
"Delincuencia y Justicia","Przestępczość i sprawiedliwość","el abogado","prawnik / adwokat"
"Delincuencia y Justicia","Przestępczość i sprawiedliwość","el fiscal","prokurator"
"Delincuencia y Justicia","Przestępczość i sprawiedliwość","la fiscalía","prokuratura"
"Delincuencia y Justicia","Przestępczość i sprawiedliwość","la ley","prawo"
"Delincuencia y Justicia","Przestępczość i sprawiedliwość","el código penal","kodeks karny"
"Delincuencia y Justicia","Przestępczość i sprawiedliwość","la justicia","sprawiedliwość"
"Policía","Policja","la policía","policja"
"Policía","Policja","el policía","policjant"
"Policía","Policja","el agente","funkcjonariusz"
"Policía","Policja","la comisaría","komisariat policji"
"Policía","Policja","el coche de patrulla","radiowóz"
"Policía","Policja","la sirena","syrena"
"Policía","Policja","la patrulla","patrol"
"Policía","Policja","patrullar","patrolować"
"Policía","Policja","el uniforme","mundur"
"Policía","Policja","la placa","odznaka"
"Policía","Policja","las esposas","kajdanki"
"Policía","Policja","esposar","zakładać kajdanki"
"Policía","Policja","el arresto","aresztowanie"
"Policía","Policja","detener","zatrzymać / aresztować"
"Policía","Policja","la detención","zatrzymanie"
"Policía","Policja","el control de carretera","kontrola drogowa"
"Policía","Policja","el radar","radar"
"Policía","Policja","la multa","mandat"
"Policía","Policja","poner una multa","wystawić mandat"
"Policía","Policja","el alcoholímetro","alkomat"
"Policía","Policja","la prueba de alcoholemia","badanie alkomatem"
"Policía","Policja","el tráfico","ruch drogowy"
"Policía","Policja","el orden público","porządek publiczny"
"Policía","Policja","la seguridad ciudadana","bezpieczeństwo publiczne"
"Policía","Policja","la investigación","dochodzenie"
"Policía","Policja","interrogar","przesłuchiwać"
"Policía","Policja","el interrogatorio","przesłuchanie"
"Policía","Policja","la pista","trop / ślad"
"Policía","Policja","el sospechoso","podejrzany"
"Policía","Policja","la huella dactilar","odcisk palca"
"Policía","Policja","la escena del crimen","miejsce zbrodni"
"Policía","Policja","la persecución","pościg"
"Policía","Policja","perseguir","ścigać"
"Policía","Policja","disparar","strzelać"
"Policía","Policja","el disparo","strzał"
"Policía","Policja","el arma de fuego","broń palna"
"Policía","Policja","el chaleco antibalas","kamizelka kuloodporna"
"Policía","Policja","la comisaría central","komisariat centralny"
"Policía","Policja","el turno","zmiana"
"Policía","Policja","el rescate","ratunek"
"Policía","Policja","la llamada de emergencia","zgłoszenie alarmowe"
"Policía","Policja","el número de emergencia","numer alarmowy"
"Policía","Policja","el antidisturbios","oddział prewencji"
"Policía","Policja","la manifestación","zgromadzenie"
"Policía","Policja","disolver","rozpędzić tłum"
"Policía","Policja","la seguridad","bezpieczeństwo"
"Policía","Policja","proteger","chronić"
"Policía","Policja","auxiliar","udzielać pomocy"
"Policía","Policja","el parte policial","raport policyjny"
"Policía","Policja","la autoridad","władza / organ ścigania"
"En el Tribunal","W sądzie","el tribunal","sąd"
"En el Tribunal","W sądzie","el juzgado","urząd sądowy"
"En el Tribunal","W sądzie","la sala de audiencias","sala rozpraw"
"En el Tribunal","W sądzie","el juez","sędzia"
"En el Tribunal","W sądzie","el magistrado","sędzia trybunału"
"En el Tribunal","W sądzie","el fiscal","prokurator"
"En el Tribunal","W sądzie","el abogado","adwokat"
"En el Tribunal","W sądzie","el abogado defensor","obrońca"
"En el Tribunal","W sądzie","el acusado","oskarżony"
"En el Tribunal","W sądzie","el demandante","powód"
"En el Tribunal","W sądzie","el demandado","pozwany"
"En el Tribunal","W sądzie","la demanda","pozew"
"En el Tribunal","W sądzie","la acusación","oskarżenie"
"En el Tribunal","W sądzie","el testigo","świadek"
"En el Tribunal","W sądzie","el perito","biegły sądowy"
"En el Tribunal","W sądzie","el jurado","ław przysięgłych"
"En el Tribunal","W sądzie","el miembro del jurado","przysięgły"
"En el Tribunal","W sądzie","la prueba","dowód"
"En el Tribunal","W sądzie","la evidencia","dowód rzeczowy"
"En el Tribunal","W sądzie","el testimonio","zeznanie"
"En el Tribunal","W sądzie","declarar","składać zeznania"
"En el Tribunal","W sądzie","el interrogatorio","przesłuchanie"
"En el Tribunal","W sądzie","interrogar","przesłuchiwać"
"En el Tribunal","W sądzie","la objeción","sprzeciw"
"En el Tribunal","W sądzie","objetar","zgłaszać sprzeciw"
"En el Tribunal","W sądzie","el veredicto","werdykt"
"En el Tribunal","W sądzie","la sentencia","wyrok"
"En el Tribunal","W sądzie","condenar","skazać"
"En el Tribunal","W sądzie","absolver","uniewinnić"
"En el Tribunal","W sądzie","la absolución","uniewinnienie"
"En el Tribunal","W sądzie","la condena","wyrok skazujący"
"En el Tribunal","W sądzie","la apelación","apelacja"
"En el Tribunal","W sądzie","apelar","składać apelację"
"En el Tribunal","W sądzie","el recurso","środek odwoławczy"
"En el Tribunal","W sądzie","el caso","sprawa"
"En el Tribunal","W sądzie","la vista","rozprawa"
"En el Tribunal","W sądzie","el juicio","proces sądowy"
"En el Tribunal","W sądzie","la coartada","alibi"
"En el Tribunal","W sądzie","el secreto de sumario","tajemnica śledztwa"
"En el Tribunal","W sądzie","firmar","podpisać"
"En el Tribunal","W sądzie","dictar sentencia","wydać wyrok"
"En el Tribunal","W sądzie","el magistrado presidente","przewodniczący składu"
"En el Tribunal","W sądzie","la indemnización","odszkodowanie"
"En el Tribunal","W sądzie","los daños y perjuicios","odszkodowanie za straty"
"En el Tribunal","W sądzie","culpable","winny"
"En el Tribunal","W sądzie","inocente","niewinny"
"En el Tribunal","W sądzie","la culpabilidad","wina"
"En el Tribunal","W sądzie","la inocencia","niewinność"
"En el Tribunal","W sądzie","el acta","protokół"
"En el Tribunal","W sądzie","el secretario judicial","sekretarz sądowy"
"Prisión","Więzienie","la prisión","więzienie"
"Prisión","Więzienie","la cárcel","więzienie / areszt"
"Prisión","Więzienie","la penitenciaría","zakład karny"
"Prisión","Więzienie","el calabozo","karcer / loch / celi policyjna"
"Prisión","Więzienie","la celda","cela"
"Prisión","Więzienie","el recluso / el preso","więziec / osadzony"
"Prisión","Więzienie","el criminal","przestępca"
"Prisión","Więzienie","el delincuente","skazany"
"Prisión","Więzienie","el alcaide","naczelnik więzienia"
"Prisión","Więzienie","el guardia","strażnik więzienny"
"Prisión","Więzienie","el carcelero","dozorca więzienny"
"Prisión","Więzienie","la condena","wyrok skazujący"
"Prisión","Więzienie","cumplic condena","odsiadwać wyrok"
"Prisión","Więzienie","la cadena perpetua","dożywocie"
"Prisión","Więzienie","la celda de aislamiento","cela izolacyjna"
"Prisión","Więzienie","el patio","dziedziniec więzienny"
"Prisión","Więzienie","el 3er grado","przepustka / wolność kontrolowada"
"Prisión","Więzienie","la libertad condicional","warunkowe przedterminowe zwolnienie"
"Prisión","Więzienie","la fuga","ucieczka"
"Prisión","Więzienie","fugarse","uciec z więzienia"
"Prisión","Więzienie","el preso fugado","zbieg"
"Prisión","Więzienie","la visita","widzenie (w więzieniu)"
"Prisión","Więzienie","el vis a vis","widzenie intymne / bez nadzoru"
"Prisión","Więzienie","la huelga de hambre","strajk głodowy"
"Prisión","Więzienie","la revuelta","bunt (więzienny)"
"Prisión","Więzienie","el motín","zamieszki / bunt"
"Prisión","Więzienie","la rehabilitación","resocjalizacja"
"Prisión","Więzienie","rehabitarse","resocjalizować się"
"Prisión","Więzienie","el régimen penitenciario","system penitencjarny"
"Prisión","Więzienie","la condena condicional","wyrok w zawieszeniu"
"Prisión","Więzienie","el brazalete electrónico","obrączka elektroniczna"
"Prisión","Więzienie","la condena de trabajos","prace społeczne"
"Prisión","Więzienie","el indulto","ułaskawienie"
"Prisión","Więzienie","indultar","ułaskawić"
"Prisión","Więzienie","la amnistía","amnestia"
"Prisión","Więzienie","el expediente","akta / kartoteka"
"Prisión","Więzienie","el ingreso en prisión","osadzenie w zakładzie karnym"
"Prisión","Więzienie","la libertad","wolność"
"Prisión","Więzienie","salir en libertad","wyjść na wolność"
"Prisión","Więzienie","el reincidente","recydywista"
"Prisión","Więzienie","la reincidencia","recydywa"
"Prisión","Więzienie","el delito menor","wykroczenie / drobny przestępca"
"Prisión","Więzienie","la seguridad","bezpieczeństwo"
"Prisión","Więzienie","el control","kontrola"
"Prisión","Więzienie","el cacheo","rewizja osobistia"
"Prisión","Więzienie","la requisa","przeszukanie celi"
"Prisión","Więzienie","el contrabando","kontrabanda"
"Prisión","Więzienie","el aislamiento","izolacja"
"Prisión","Więzienie","el grillete","kajdanki na nogi"
"Prisión","Więzienie","la llave","klucz"
"Religiones del Mundo","Religie świata","la religión","religión"
"Religiones del Mundo","Religie świata","la religión","religia"
"Religiones del Mundo","Religie świata","la fe","wiara"
"Religiones del Mundo","Religie świata","la creencia","przekonanie / wierzenie"
"Religiones del Mundo","Religie świata","el dios","bóg"
"Religiones del Mundo","Religie świata","la diosa","bogini"
"Religiones del Mundo","Religie świata","lo divino","boskość"
"Religiones del Mundo","Religie świata","el culto","kult"
"Religiones del Mundo","Religie świata","el rito","rytuał"
"Religiones del Mundo","Religie świata","la ceremonia","ceremonia"
"Religiones del Mundo","Religie świata","la oración","modlitwa"
"Religiones del Mundo","Religie świata","orar","modlić się"
"Religiones del Mundo","Religie świata","el templo","świątynia"
"Religiones del Mundo","Religie świata","la iglesia","kościół"
"Religiones del Mundo","Religie świata","la mezquita","meczet"
"Religiones del Mundo","Religie świata","la sinagoga","synagoga"
"Religiones del Mundo","Religie świata","el templo budista","świątynia buddyjska"
"Religiones del Mundo","Religie świata","el sacerdote","kapłan"
"Religiones del Mundo","Religie świata","el pastor","pastor"
"Religiones del Mundo","Religie świata","el imán","imam"
"Religiones del Mundo","Religie świata","el rabino","rabin"
"Religiones del Mundo","Religie świata","el monje","mnich"
"Religiones del Mundo","Religie świata","la monja","mianich"
"Religiones del Mundo","Religie świata","el papa","papież"
"Religiones del Mundo","Religie świata","el obispo","biskup"
"Religiones del Mundo","Religie świata","el cristiano","chrześcijanin"
"Religiones del Mundo","Religie świata","el católico","katolik"
"Religiones del Mundo","Religie świata","el protestante","protestant"
"Religiones del Mundo","Religie świata","el musulmán","muzułmanin"
"Religiones del Mundo","Religie świata","el judío","żyd"
"Religiones del Mundo","Religie świata","el budista","buddysta"
"Religiones del Mundo","Religie świata","el hinduista","hinduista"
"Religiones del Mundo","Religie świata","la Biblia","Biblia"
"Religiones del Mundo","Religie świata","el Corán","Koran"
"Religiones del Mundo","Religie świata","la Torá","Tora"
"Religiones del Mundo","Religie świata","el dogma","dogmat"
"Religiones del Mundo","Religie świata","la salvación","zbawienie"
"Religiones del Mundo","Religie świata","el pecado","grzech"
"Religiones del Mundo","Religie świata","pecar","grzeszyć"
"Religiones del Mundo","Religie świata","el perdón","przebaczenie"
"Religiones del Mundo","Religie świata","el cielo","niebo"
"Religiones del Mundo","Religie świata","el infierno","piekło"
"Religiones del Mundo","Religie świata","el alma","dusza"
"Religiones del Mundo","Religie świata","la reencarnación","reinkarnacja"
"Religiones del Mundo","Religie świata","el milagro","cud"
"Religiones del Mundo","Religie świata","la profecía","proroctwo"
"Religiones del Mundo","Religie świata","el profeta","prorok"
"Religiones del Mundo","Religie świata","la espiritualidad","duchowość"
"Religiones del Mundo","Religie świata","el ateo","ateista"
"Religiones del Mundo","Religie świata","el agnóstico","agnostyk"
"Mitología","Mitologia","la mitología","mitologia"
"Mitología","Mitologia","el mito","mit"
"Mitología","Mitologia","la leyenda","legenda"
"Mitología","Mitologia","el dios","bóg"
"Mitología","Mitologia","la diosa","bogini"
"Mitología","Mitologia","el semidiós","półbóg"
"Mitología","Mitologia","el Héroe","bohater"
"Mitología","Mitologia","el monstruo","potwór"
"Mitología","Mitologia","el titán","tytan"
"Mitología","Mitologia","la ninfa","nimfa"
"Mitología","Mitologia","el dragón","smok"
"Mitología","Mitologia","el Olimpo","Olimp"
"Mitología","Mitologia","el inframundo","zaświaty / podziemia"
"Mitología","Mitologia","el destino","przeznaczenie"
"Mitología","Mitologia","la profecía","proroctwo"
"Mitología","Mitologia","el hechizo","klątwa / czar"
"Mitología","Mitologia","la magia","magia"
"Mitología","Mitologia","la inmortalidad","nieśmiertelność"
"Mitología","Mitologia","inmortal","nieśmiertelny"
"Mitología","Mitologia","el Olimpo griego","grecki Olimp"
"Mitología","Mitologia","Zeus","Zeus"
"Mitología","Mitologia","Hera","Hera"
"Mitología","Mitologia","Poseidón","Posejdon"
"Mitología","Mitologia","Hades","Hades"
"Mitología","Mitologia","Atenea","Ateny / Atena"
"Mitología","Mitologia","Apolo","Apolo"
"Mitología","Mitologia","Afrodita","Afrodyta"
"Mitología","Mitologia","Ares","Ares"
"Mitología","Mitologia","Hermes","Hermes"
"Mitología","Mitologia","Dionisio","Dionizjusz / Dionizos"
"Mitología","Mitologia","Hércules","Herkules"
"Mitología","Mitologia","Aquiles","Achilles"
"Mitología","Mitologia","Ulises / Odiseo","Odyseusz"
"Mitología","Mitologia","Prometeo","Prometeusz"
"Mitología","Mitologia","Medusa","Muza / Meduza"
"Mitología","Mitologia","el Minotauro","Minotaur"
"Mitología","Mitologia","el Pegaso","Pegaz"
"Mitología","Mitologia","la Hidra","Hydra"
"Mitología","Mitologia","la Quimera","Chimera"
"Mitología","Mitologia","el laberinto","labirynt"
"Mitología","Mitologia","el tridente","trójząb"
"Mitología","Mitologia","el rayo","piorun (boga)"
"Mitología","Mitologia","la ambrosía","ambrozja"
"Mitología","Mitologia","el néctar","nektar (bogów)"
"Mitología","Mitologia","la metamorfosis","metamorfoza"
"Mitología","Mitologia","el panteón","panteon"
"Mitología","Mitologia","la ofrenda","ofiara"
"Mitología","Mitologia","el sacrificio","składanie ofiary"
"Mitología","Mitologia","la epopeya","epopeja"
"Mitología","Mitologia","el relato épico","opowieść epicka"
"Filosofía","Filozofia","la filosofía","filozofia"
"Filosofía","Filozofia","el filósofo","filozof"
"Filosofía","Filozofia","pensar","myśleć"
"Filosofía","Filozofia","el pensamiento","myśl"
"Filosofía","Filozofia","la lógica","logika"
"Filosofía","Filozofia","la ética","etyka"
"Filosofía","Filozofia","la moral","moralność"
"Filosofía","Filozofia","la metafísica","metafizyka"
"Filosofía","Filozofia","la epistemología","epistemologia"
"Filosofía","Filozofia","la ontología","ontologia"
"Filosofía","Filozofia","la estética","estetyka"
"Filosofía","Filozofia","la verdad","prawda"
"Filosofía","Filozofia","la mentira","kłamstwo"
"Filosofía","Filozofia","la realidad","rzeczywistość"
"Filosofía","Filozofia","la existencia","egzystencja / istnienie"
"Filosofía","Filozofia","el ser","byt / istota"
"Filosofía","Filozofia","la conciencia","świadomość"
"Filosofía","Filozofia","el conocimiento","wiedza"
"Filosofía","Filozofia","la razón","rozum"
"Filosofía","Filozofia","la sabiduría","mądrość"
"Filosofía","Filozofia","el alma","dusza"
"Filosofía","Filozofia","el espíritu","duch"
"Filosofía","Filozofia","el libre albedrío","wolna wola"
"Filosofía","Filozofia","el determinismo","determinizm"
"Filosofía","Filozofia","el escepticismo","sceptycyzm"
"Filosofía","Filozofia","el empirismo","empiryzm"
"Filosofía","Filozofia","el racionalismo","racjonalizm"
"Filosofía","Filozofia","el existencialismo","egzystencjalizm"
"Filosofía","Filozofia","el estoicismo","stoicyzm"
"Filosofía","Filozofia","el hedonismo","hedonizm"
"Filosofía","Filozofia","el nihilismo","nihilizm"
"Filosofía","Filozofia","el idealismo","idealizm"
"Filosofía","Filozofia","el materialismo","materializm"
"Filosofía","Filozofia","la dialéctica","dialektyka"
"Filosofía","Filozofia","el argumento","argument"
"Filosofía","Filozofia","la premisa","przesłanka"
"Filosofía","Filozofia","la conclusión","wniosek"
"Filosofía","Filozofia","la paradoja","paradoks"
"Filosofía","Filozofia","el dilema","dylemat"
"Filosofía","Filozofia","la hipótesis","hipoteza"
"Filosofía","Filozofia","el sentido","sens"
"Filosofía","Filozofia","el absurdo","absurd"
"Filosofía","Filozofia","la libertad","wolność"
"Filosofía","Filozofia","la justicia","sprawiedliwość"
"Filosofía","Filozofia","la virtud","cnota"
"Filosofía","Filozofia","el vicio","wada / grzech"
"Filosofía","Filozofia","la felicidad","szczęście"
"Filosofía","Filozofia","el bien","dobro"
"Filosofía","Filozofia","el mal","zło"
"Filosofía","Filozofia","la duda","wątpliwość"
"Psicología","Psychologia","la psicología","psychologia"
"Psicología","Psychologia","el psicólogo","psycholog"
"Psicología","Psychologia","el psiquiatra","psychiatra"
"Psicología","Psychologia","el psicoanálisis","psychoanaliza"
"Psicología","Psychologia","la mente","umysł"
"Psicología","Psychologia","el cerebro","mózg"
"Psicología","Psychologia","la conducta","zachowanie"
"Psicología","Psychologia","el comportamiento","postawa / zachowanie"
"Psicología","Psychologia","la emoción","emocja"
"Psicología","Psychologia","el sentimiento","uczucie"
"Psicología","Psychologia","la personalidad","osobowość"
"Psicología","Psychologia","el carácter","charakter"
"Psicología","Psychologia","el temperamento","temperament"
"Psicología","Psychologia","el subconsciente","podświadomość"
"Psicología","Psychologia","el inconsciente","nieświadomość"
"Psicología","Psychologia","el trauma","trauma"
"Psicología","Psychologia","la ansiedad","lęk / stan lękowy"
"Psicología","Psychologia","la depresión","depresja"
"Psicología","Psychologia","el estrés","stres"
"Psicología","Psychologia","la terapia","terapia"
"Psicología","Psychologia","el terapeuta","terapeuta"
"Psicología","Psychologia","la psicoterapia","psychoterapia"
"Psicología","Psychologia","el trastorno","zaburzenie"
"Psicología","Psychologia","la fobia","fobia"
"Psicología","Psychologia","la obsesión","obsesja"
"Psicología","Psychologia","la compulsión","kompulsja"
"Psicología","Psychologia","la autoestima","poczucie własnej wartości"
"Psicología","Psychologia","el ego","ego"
"Psicología","Psychologia","la empatía","empatia"
"Psicología","Psychologia","la motivación","motywacja"
"Psicología","Psychologia","el estímulo","bodziec"
"Psicología","Psychologia","la respuesta","reakcja"
"Psicología","Psychologia","el aprendizaje","nauka / uczenie się"
"Psicología","Psychologia","la memoria","pamięć"
"Psicología","Psychologia","el olvido","zapominanie"
"Psicología","Psychologia","la percepción","percepcja"
"Psicología","Psychologia","la cognición","poznanie / kognicja"
"Psicología","Psychologia","el desarrollo","rozwój"
"Psicología","Psychologia","la inteligencia","inteligencja"
"Psicología","Psychologia","la creatividad","kreatywność"
"Psicología","Psychologia","el complejo","kompleks"
"Psicología","Psychologia","la introversión","introwersja"
"Psicología","Psychologia","la extroversión","ekstrawersja"
"Psicología","Psychologia","la frustracion","frustracja"
"Psicología","Psychologia","el conflicto","konflikt"
"Psicología","Psychologia","la defensa","obrona (psychologiczna)"
"Psicología","Psychologia","la resiliencia","odporność psychiczna / rezyliencja"
"Psicología","Psychologia","la psicosis","psychoza"
"Psicología","Psychologia","la neurosis","neuroza"
"Psicología","Psychologia","el bienestar","dobrostan"
"Sociología","Socjologia","la sociología","socjologia"
"Sociología","Socjologia","la sociedad","społeczeństwo"
"Sociología","Socjologia","el grupo social","grupa społeczna"
"Sociología","Socjologia","la comunidad","społeczność / wspólnota"
"Sociología","Socjologia","la cultura","kultura"
"Sociología","Socjologia","la norma","norma społeczna"
"Sociología","Socjologia","el valor","wartość"
"Sociología","Socjologia","la costumbre","obyczaj / zwyczaj"
"Sociología","Socjologia","la tradición","tradycja"
"Sociología","Socjologia","la clase social","klasa społeczna"
"Sociología","Socjologia","la clase alta","klasa wyższa"
"Sociología","Socjologia","la clase media","klasa średnia"
"Sociología","Socjologia","la clase baja","klasa niższa"
"Sociología","Socjologia","la estratificación","warstwowanie społeczne"
"Sociología","Socjologia","la desigualdad","nierówność społeczna"
"Sociología","Socjologia","la movilidad social","mobilność społeczna"
"Sociología","Socjologia","la pobreza","ubóstwo"
"Sociología","Socjologia","la riqueza","bogactwo"
"Sociología","Socjologia","la marginación","marginalizacja"
"Sociología","Socjologia","la exclusión social","wykluczenie społeczne"
"Sociología","Socjologia","la integración","integracja"
"Sociología","Socjologia","la asimilación","asymilacja"
"Sociología","Socjologia","la inmigración","imigracja"
"Sociología","Socjologia","la emigración","emigracja"
"Sociología","Socjologia","el demografía","demografia"
"Sociología","Socjologia","la población","populacja / ludność"
"Sociología","Socjologia","el censo","spis powszechny"
"Sociología","Socjologia","la natalidad","urodzenia / wskaźnik urodzeń"
"Sociología","Socjologia","la mortalidad","śmiertelność"
"Sociología","Socjologia","la urbanización","urbanizacja"
"Sociología","Socjologia","el cambio social","zmiana społeczna"
"Sociología","Socjologia","el conflicto social","konflikt społeczny"
"Sociología","Socjologia","la interacción","interakcja"
"Sociología","Socjologia","la socialización","socjalizacja"
"Sociología","Socjologia","el rol social","rola społeczna"
"Sociología","Socjologia","el estatus","status społeczny"
"Sociología","Socjologia","la opinión pública","opinia publiczna"
"Sociología","Socjologia","los medios de comunicación","media masowe"
"Sociología","Socjologia","la globalización","globalizacja"
"Sociología","Socjologia","la multiculturalidad","multikulturowość"
"Sociología","Socjologia","el género","płeć społeczno-kulturowa (gender)"
"Sociología","Socjologia","el feminismo","feminizm"
"Sociología","Socjologia","el patriarcado","patriarchat"
"Sociología","Socjologia","la familia","rodzina"
"Sociología","Socjologia","el matrimonio","małżeństwo"
"Sociología","Socjologia","el individuo","jednostka"
"Sociología","Socjologia","la colectividad","zbiorowość"
"Sociología","Socjologia","la red social","sieć społeczna"
"Sociología","Socjologia","la burocracia","biurokracja"
"Sociología","Socjologia","la institución","instytucja"
"Geografía Política","Geografia polityczna","la geografía política","geografia polityczna"
"Geografía Política","Geografia polityczna","el estado","państwo"
"Geografía Política","Geografia polityczna","la nación","naród"
"Geografía Política","Geografia polityczna","la frontera","granica"
"Geografía Política","Geografia polityczna","el territorio","terytorium"
"Geografía Política","Geografia polityczna","la soberanía","suwerenność"
"Geografía Política","Geografia polityczna","el gobierno","rząd"
"Geografía Política","Geografia polityczna","la capital","stolica"
"Geografía Política","Geografia polityczna","la provincia","prowincja"
"Geografía Política","Geografia polityczna","la región","region"
"Geografía Política","Geografia polityczna","el municipio","gmina / miasto"
"Geografía Política","Geografia polityczna","la autonomía","autonomia"
"Geografía Política","Geografia polityczna","la federación","federacja"
"Geografía Política","Geografia polityczna","el estado federal","państwo federacyjne"
"Geografía Política","Geografia polityczna","la república","republika"
"Geografía Política","Geografia polityczna","la monarquía","monarchia"
"Geografía Política","Geografia polityczna","el imperio","imperium"
"Geografía Política","Geografia polityczna","la colonia","kolonia"
"Geografía Política","Geografia polityczna","el protectorado","protektorat"
"Geografía Política","Geografia polityczna","el enclave","enklawa"
"Geografía Política","Geografia polityczna","el exclave","eksklawa"
"Geografía Política","Geografia polityczna","el conflicto fronterizo","konflikt graniczny"
"Geografía Política","Geografia polityczna","la disputa territorial","spór terytorialny"
"Geografía Política","Geografia polityczna","la geopolítica","geopolitika"
"Geografía Política","Geografia polityczna","la influencia","wpływ / strefa wpływów"
"Geografía Política","Geografia polityczna","la alianza","sojusz"
"Geografía Política","Geografia polityczna","el tratado","traktat międzynarodowy"
"Geografía Política","Geografia polityczna","la organización internacional","organizacja międzynarodowa"
"Geografía Política","Geografia polityczna","la diplomacia","dyplomacja"
"Geografía Política","Geografia polityczna","la embajada","ambasada"
"Geografía Política","Geografia polityczna","el consulado","konsulat"
"Geografía Política","Geografia polityczna","el embajador","ambasador"
"Geografía Política","Geografia polityczna","el pasaporte","paszport"
"Geografía Política","Geografia polityczna","el visado","wiza"
"Geografía Política","Geografia polityczna","el control fronterizio","kontrola graniczna"
"Geografía Política","Geografia polityczna","la independencia","niepodległość"
"Geografía Política","Geografia polityczna","la secesja","secesja"
"Geografía Política","Geografia polityczna","el referéndum","referendum"
"Geografía Política","Geografia polityczna","el mapa político","mapa polityczna"
"Geografía Política","Geografia polityczna","el hemisferio","półkula"
"Geografía Política","Geografia polityczna","el bloque","blok (polityczny)"
"Geografía Política","Geografia polityczna","la superpotencia","supermocarstwo"
"Geografía Política","Geografia polityczna","el país en desarrollo","kraj rozwijający się"
"Geografía Política","Geografia polityczna","el país desarrollado","kraj rozwinięty"
"Geografía Política","Geografia polityczna","la descolonización","dekolonizacja"
"Geografía Política","Geografia polityczna","la unificación","zjednoczenie"
"Geografía Política","Geografia polityczna","la particja","podział / rozbiór"
"Geografía Política","Geografia polityczna","la expansión","ekspansja"
"Geografía Política","Geografia polityczna","la hegemonía","hegemonia"
"Geografía Política","Geografia polityczna","la globalización","globalizacja"
"Países y Nacionalidades","Kraje i narodowości","el país","kraj"
"Países y Nacionalidades","Kraje i narodowości","la nacionalidad","narodowość"
"Países y Nacionalidades","Kraje i narodowości","el extranjero","zagranica / obcokrajowiec"
"Países y Nacionalidades","Kraje i narodowości","España","Hiszpania"
"Países y Nacionalidades","Kraje i narodowości","español / española","hiszpański / hiszpanka"
"Países y Nacionalidades","Kraje i narodowości","Polonia","Polska"
"Países y Nacionalidades","Kraje i narodowości","polaco / polaca","polski / polka"
"Países y Nacionalidades","Kraje i narodowości","México","Meksyk"
"Países y Nacionalidades","Kraje i narodowości","mexicano / mexicana","meksykański / meksykanka"
"Países y Nacionalidades","Kraje i narodowości","Argentina","Argentyna"
"Países y Nacionalidades","Kraje i narodowości","argentino / argentina","argentyński / argentyntka"
"Países y Nacionalidades","Kraje i narodowości","Colombia","Kolumbia"
"Países y Nacionalidades","Kraje i narodowości","colombiano / colombiana","kolumbijski / kolumbijka"
"Países y Nacionalidades","Kraje i narodowości","Estados Unidos","Stany Zjednoczone"
"Países y Nacionalidades","Kraje i narodowości","estadounidense","amerykański / amerykańska"
"Países y Nacionalidades","Kraje i narodowości","Francia","Francja"
"Países y Nacionalidades","Kraje i narodowości","francés / francesa","francuski / francuzka"
"Países y Nacionalidades","Kraje i narodowości","Alemania","Niemcy"
"Países y Nacionalidades","Kraje i narodowości","alemán / alemana","niemiecki / niemka"
"Países y Nacionalidades","Kraje i narodowości","Italia","Włochy"
"Países y Nacionalidades","Kraje i narodowości","italiano / italiana","włoski / włoszka"
"Países y Nacionalidades","Kraje i narodowości","Reino Unido","Wielka Brytania"
"Países y Nacionalidades","Kraje i narodowości","británico / británica","brytyjski / brytyjka"
"Países y Nacionalidades","Kraje i narodowości","China","Chiny"
"Países y Nacionalidades","Kraje i narodowości","chino / china","chiński / Chinka"
"Países y Nacionalidades","Kraje i narodowości","Japón","Japonia"
"Países y Nacionalidades","Kraje i narodowości","japonés / japonesa","japoński / japonka"
"Países y Nacionalidades","Kraje i narodowości","Brasil","Brazylia"
"Países y Nacionalidades","Kraje i narodowości","brasileño / brasileña","brazylijski / brazylijka"
"Países y Nacionalidades","Kraje i narodowości","Rusia","Rosja"
"Países y Nacionalidades","Kraje i narodowości","ruso / rusa","rosyjski / rosjanka"
"Países y Nacionalidades","Kraje i narodowości","Canadá","Kanada"
"Países y Nacionalidades","Kraje i narodowości","canadiense","kanadyjski / kanadyjka"
"Países y Nacionalidades","Kraje i narodowości","Australia","Australia"
"Países y Nacionalidades","Kraje i narodowości","australiano / australiana","australijski / australijka"
"Países y Nacionalidades","Kraje i narodowości","Egipto","Egipt"
"Países y Nacionalidades","Kraje i narodowości","egipcio / egipcia","egipski / egipcjanka"
"Países y Nacionalidades","Kraje i narodowości","India","Indie"
"Países y Nacionalidades","Kraje i narodowości","indio / india","indyjski / indyjka"
"Países y Nacionalidades","Kraje i narodowości","Grecia","Grecja"
"Países y Nacionalidades","Kraje i narodowości","griego / griega","grecki / greczynka"
"Países y Nacionalidades","Kraje i narodowości","Turquía","Turcja"
"Países y Nacionalidades","Kraje i narodowości","turco / turca","turecki / turczynka"
"Países y Nacionalidades","Kraje i narodowości","Portugal","Portugalia"
"Países y Nacionalidades","Kraje i narodowości","portugués / portuguesa","portugalski / portugalka"
"Países y Nacionalidades","Kraje i narodowości","Suecia","Szwecja"
"Países y Nacionalidades","Kraje i narodowości","sueco / sueca","szwedzki / szwedka"
"Países y Nacionalidades","Kraje i narodowości","Suiza","Szwajcaria"
"Países y Nacionalidades","Kraje i narodowości","suizo / suiza","szwajcarski / szwajcarka"
"Idiomas","Języki","el idioma","język"
"Idiomas","Języki","la lengua","język (mowa)"
"Idiomas","Języki","el español / el castellano","język hiszpanśki"
"Idiomas","Języki","el polaco","język polski"
"Idiomas","Języki","el inglés","język angielski"
"Idiomas","Języki","el francés","język francuski"
"Idiomas","Języki","el alemán","język niemiecki"
"Idiomas","Języki","el italiano","język włoski"
"Idiomas","Języki","el portugués","język portugalski"
"Idiomas","Języki","el ruso","język rosyjski"
"Idiomas","Języki","el chino","język chiński"
"Idiomas","Języki","el japonés","język japoński"
"Idiomas","Języki","el árabe","język arabski"
"Idiomas","Języki","el hindi","język hindi"
"Idiomas","Języki","el latín","łacina"
"Idiomas","Języki","el griego","grecki"
"Idiomas","Języki","la lengua materna","język ojczysty"
"Idiomas","Języki","el idioma extranjero","język obcy"
"Idiomas","Języki","bilingüe","dwujęzyczny"
"Idiomas","Języki","multilingüe","wielojęzyczny"
"Idiomas","Języki","la gramática","gramatyka"
"Idiomas","Języki","el vocabulario","słownictwo"
"Idiomas","Języki","la pronunciación","wymowa"
"Idiomas","Języki","la ortografía","ortografia"
"Idiomas","Języki","el acento","akcent"
"Idiomas","Języki","el dialecto","dialekt"
"Idiomas","Języki","la jerga","żargon / slang"
"Idiomas","Języki","la traducción","tłumaczenie"
"Idiomas","Języki","traducir","tłumaczyć"
"Idiomas","Języki","el traductor","tłumacz"
"Idiomas","Języki","el intérprete","tłumacz ustny"
"Idiomas","Języki","aprender","uczyć się"
"Idiomas","Języki","enseñar","uczyć / uczyć innych"
"Idiomas","Języki","hablar","mówić"
"Idiomas","Języki","entender","rozumieć"
"Idiomas","Języki","escribir","pisać"
"Idiomas","Języki","leer","czytać"
"Idiomas","Języki","escuchar","słuchać"
"Idiomas","Języki","la fluidez","płynność"
"Idiomas","Języki","fluido","płynny"
"Idiomas","Języki","el nivel","poziom"
"Idiomas","Języki","el curso","kurs"
"Idiomas","Języki","la academia","akademia / szkoła językowa"
"Idiomas","Języki","el intercambio","wymiana (językowa)"
"Idiomas","Języki","la competencia","kompetencja"
"Idiomas","Języki","la comunicación","komunikacja"
"Idiomas","Języki","expresarse","wyrażać się"
"Idiomas","Języki","la palabra","słowo"
"Idiomas","Języki","la frase","zdanie"
"Idiomas","Języki","el significado","znaczenie"
"Continentes y Océanos","Kontynenty i oceany","el continente","kontynent"
"Continentes y Océanos","Kontynenty i oceany","el océano","ocean"
"Continentes y Océanos","Kontynenty i oceany","Europa","Europa"
"Continentes y Océanos","Kontynenty i oceany","Asia","Azja"
"Continentes y Océanos","Kontynenty i oceany","África","Afryka"
"Continentes y Océanos","Kontynenty i oceany","América del Norte","Ameryka Północna"
"Continentes y Océanos","Kontynenty i oceany","América del Sur","Ameryka Południowa"
"Continentes y Océanos","Kontynenty i oceany","Oceanía","Oceania"
"Continentes y Océanos","Kontynenty i oceany","la Antártida","Antarktyda"
"Continentes y Océanos","Kontynenty i oceany","el Océano Pacífico","Ocean Spokojny / Pacyfik"
"Continentes y Océanos","Kontynenty i oceany","el Océano Atlántico","Ocean Atlantycki"
"Continentes y Océanos","Kontynenty i oceany","el Océano Índico","Ocean Indyjski"
"Continentes y Océanos","Kontynenty i oceany","el Océano Ártico","Ocean Arktyczny"
"Continentes y Océanos","Kontynenty i oceany","el Océano Antártico","Ocean Południowy"
"Continentes y Océanos","Kontynenty i oceany","el mar","morze"
"Continentes y Océanos","Kontynenty i oceany","la tierra","ziemia / ląd"
"Continentes y Océanos","Kontynenty i oceany","la isla","wyspa"
"Continentes y Océanos","Kontynenty i oceany","el archipiélago","archipelag"
"Continentes y Océanos","Kontynenty i oceany","la península","półwysep"
"Continentes y Océanos","Kontynenty i oceany","el istmo","przesmyk"
"Continentes y Océanos","Kontynenty i oceany","el cabo","przylądek"
"Continentes y Océanos","Kontynenty i oceany","el golfo","zatoka"
"Continentes y Océanos","Kontynenty i oceany","la bahía","zatoka (mała)"
"Continentes y Océanos","Kontynenty i oceany","el estrecho","cieśnina"
"Continentes y Océanos","Kontynenty i oceany","el ecuador","równik"
"Continentes y Océanos","Kontynenty i oceany","el meridiano","południk"
"Continentes y Océanos","Kontynenty i oceany","los trópicos","zwrotniki"
"Continentes y Océanos","Kontynenty i oceany","el polo norte","biegun północny"
"Continentes y Océanos","Kontynenty i oceany","el polo sur","biegun południowy"
"Continentes y Océanos","Kontynenty i oceany","la latitud","szerokość geograficzna"
"Continentes y Océanos","Kontynenty i oceany","la longitud","długość geograficzna"
"Continentes y Océanos","Kontynenty i oceany","el hemisferio norte","półkula północna"
"Continentes y Océanos","Kontynenty i oceany","el hemisferio sur","półkula południowa"
"Continentes y Océanos","Kontynenty i oceany","el mapa","mapa"
"Continentes y Océanos","Kontynenty i oceany","el globo terráqueo","globus"
"Continentes y Océanos","Kontynenty i oceany","la cartografía","kartografia"
"Continentes y Océanos","Kontynenty i oceany","el atlas","atlas"
"Continentes y Océanos","Kontynenty i oceany","la brújula","kompas"
"Continentes y Océanos","Kontynenty i oceany","el relieve","rzeźba terenu"
"Continentes y Océanos","Kontynenty i oceany","la llanura","równina"
"Continentes y Océanos","Kontynenty i oceany","la meseta","płaskowyż"
"Continentes y Océanos","Kontynenty i oceany","la cordillera","łańcuch górski"
"Continentes y Océanos","Kontynenty i oceany","el valle","dolina"
"Continentes y Océanos","Kontynenty i oceany","el desierto","pustynia"
"Continentes y Océanos","Kontynenty i oceany","la selva","dżungla"
"Continentes y Océanos","Kontynenty i oceany","el bosque","las"
"Continentes y Océanos","Kontynenty i oceany","la tundra","tundra"
"Continentes y Océanos","Kontynenty i oceany","la taiga","tajga"
"Continentes y Océanos","Kontynenty i oceany","la sabana","sawanna"
"Continentes y Océanos","Kontynenty i oceany","la costa","wybrzeże"
"Demografía","Demografia","la demografía","demografia"
"Demografía","Demografia","la población","populacja"
"Demografía","Demografia","el censo","spis powszechny"
"Demografía","Demografia","el habitante","mieszkaniec"
"Demografía","Demografia","el crecimiento demográfico","wzrost demograficzny"
"Demografía","Demografia","la tasa de natalidad","wskaźnik urodzeń"
"Demografía","Demografia","la tasa de mortalidad","wskaźnik śmiertelności"
"Demografía","Demografia","la tasa de fertilidad","wskaźnik dzietności"
"Demografía","Demografia","la esperanza de vida","średnia długość życia"
"Demografía","Demografia","la densidad de población","gęstość zaludnienia"
"Demografía","Demografia","el envejecimiento","starzenie się"
"Demografía","Demografia","la población activa","ludność aktywna zawodowo"
"Demografía","Demografia","la población inactiva","ludność nieaktywna zawodowo"
"Demografía","Demografia","el éxodo rural","migracja ze wsi do miast"
"Demografía","Demografia","la urbanización","urbanizacja"
"Demografía","Demografia","la metrópoli","metropolia"
"Demografía","Demografia","la ciudad","miasto"
"Demografía","Demografia","el pueblo","wieś / miasteczko"
"Demografía","Demografia","el suburbio","przedmieście"
"Demografía","Demografia","la tasa de crecimiento","stopa wzrostu"
"Demografía","Demografia","la pirámide de población","piramida wieku"
"Demografía","Demografia","la cohorte","kohorta"
"Demografía","Demografia","el baby boom","wyż demograficzny"
"Demografía","Demografia","la tasa de nupcialidad","wskaźnik małżeństw"
"Demografía","Demografia","la tasa de divorcio","wskaźnik rozwodów"
"Demografía","Demografia","el hogar","gospodarstwo domowe"
"Demografía","Demografia","la familia","rodzina"
"Demografía","Demografia","el soltero","kawaler / singiel"
"Demografía","Demografia","el casado","żonaty / zamężna"
"Demografía","Demografia","el divorciado","rozwiedziony"
"Demografía","Demografia","el viudo","wdowiec"
"Demografía","Demografia","la tasa de dependencia","wskaźnik obciążenia demograficznego"
"Demografía","Demografia","la superpoblación","przeludnienie"
"Demografía","Demografia","el control de la natalidad","kontrola urodzeń"
"Demografía","Demografia","la planificación familiar","planowanie rodziny"
"Demografía","Demografia","la migración","migracja"
"Demografía","Demografia","la inmigración","imigracja"
"Demografía","Demografia","la emigración","emigracja"
"Demografía","Demografia","el saldo migratorio","saldo migracji"
"Demografía","Demografia","el éxodo","eksodus / wędrówka ludów"
"Demografía","Demografia","el asentamiento","osadnictwo"
"Demografía","Demografia","la comunidad","wspólnota / społeczność"
"Demografía","Demografia","la minoría","mniejszość"
"Demografía","Demografia","la mayoría","większość"
"Demografía","Demografia","la tasa de mortalidad infantil","śmiertelność niemowląt"
"Demografía","Demografia","la esperanza de vida al nacer","oczekiwana długość życia przy urodzeniu"
"Demografía","Demografia","el demógrafo","demograf"
"Demografía","Demografia","la estadística","statystyka"
"Demografía","Demografia","el indicador","wskaźnik"
"Demografía","Demografia","la población total","ludność całkowita"
"Problemas Sociales","Problemy społeczne","el problema social","problem społeczny"
"Problemas Sociales","Problemy społeczne","la pobreza","ubóstwo"
"Problemas Sociales","Problemy społeczne","la desigualdad","nierówność"
"Problemas Sociales","Problemy społeczne","la discriminación","dyskryminacja"
"Problemas Sociales","Problemy społeczne","el desempleo","bezrobocie"
"Problemas Sociales","Problemy społeczne","la delincuencia","przestępczość"
"Problemas Sociales","Problemy społeczne","la violencia","przemoc"
"Problemas Sociales","Problemy społeczne","la violencia de género","przemoc ze względu na płeć"
"Problemas Sociales","Problemy społeczne","el racismo","rasizm"
"Problemas Sociales","Problemy społeczne","la xenofobia","ksenofobia"
"Problemas Sociales","Problemy społeczne","la homofobia","homofobia"
"Problemas Sociales","Problemy społeczne","la marginación","marginalizacja"
"Problemas Sociales","Problemy społeczne","la exclusión social","wykluczenie społeczne"
"Problemas Sociales","Problemy społeczne","la adicción","uzależnienie"
"Problemas Sociales","Problemy społeczne","el alcoholismo","alkoholizm"
"Problemas Sociales","Problemy społeczne","la drogadicción","narkomania"
"Problemas Sociales","Problemy społeczne","la ludopatía","uzależnienie od hazardu"
"Problemas Sociales","Problemy społeczne","la indigencia","bezdomność"
"Problemas Sociales","Problemy społeczne","el sintecho","bezdomny"
"Problemas Sociales","Problemy społeczne","la corrupción","korupcja"
"Problemas Sociales","Problemy społeczne","la delincuencia juvenil","przestępczość nieletnich"
"Problemas Sociales","Problemy społeczne","el acoso","nękanie"
"Problemas Sociales","Problemy społeczne","el acoso escolar","przemoc szkolna"
"Problemas Sociales","Problemy społeczne","el mobbing","mobbing / nękanie w pracy"
"Problemas Sociales","Problemy społeczne","la explotación infantil","wyzysk dzieci"
"Problemas Sociales","Problemy społeczne","el trabajo esclavo","praca niewolnicza"
"Problemas Sociales","Problemy społeczne","la trata de personas","handel ludźmi"
"Problemas Sociales","Problemy społeczne","la contaminación","zanieczyszczenie"
"Problemas Sociales","Problemy społeczne","el cambio climático","zmiana klimatu"
"Problemas Sociales","Problemy społeczne","la crisis económica","kryzys gospodarczy"
"Problemas Sociales","Problemy społeczne","la inflación","inflacja"
"Problemas Sociales","Problemy społeczne","la precariedad laboral","niestabilność zatrudnienia"
"Problemas Sociales","Problemy społeczne","la falta de vivienda","brak mieszkań"
"Problemas Sociales","Problemy społeczne","el analfabetismo","analfabetyzm"
"Problemas Sociales","Problemy społeczne","la desnutrición","niedożywienie"
"Problemas Sociales","Problemy społeczne","la hambruna","głód"
"Problemas Sociales","Problemy społeczne","el conflicto","konflikt"
"Problemas Sociales","Problemy społeczne","la guerra","wojna"
"Problemas Sociales","Problemy społeczne","la delincuencia organizada","zorganizowana przestępczość"
"Problemas Sociales","Problemy społeczne","la violencia doméstica","przemoc domowa"
"Problemas Sociales","Problemy społeczne","la discriminación laboral","dyskryminacja w pracy"
"Problemas Sociales","Problemy społeczne","la brecha salarial","różnica w płacach"
"Problemas Sociales","Problemy społeczne","la injusticia","niesprawiedliwość"
"Problemas Sociales","Problemy społeczne","la protesta","protest"
"Problemas Sociales","Problemy społeczne","la huelga","strajk"
"Problemas Sociales","Problemy społeczne","la manifestación","manifestacja"
"Problemas Sociales","Problemy społeczne","la solución","rozwiązanie"
"Problemas Sociales","Problemy społeczne","la prevención","profilaktyka"
"Problemas Sociales","Problemy społeczne","el apoyo","wsparcie"
"Problemas Sociales","Problemy społeczne","la solidaridad","solidarność"
"Pobreza y Riqueza","Bóstwo i bogactwo","la pobreza","ubóstwo"
"Pobreza y Riqueza","Bóstwo i bogactwo","la riqueza","bogactwo"
"Pobreza y Riqueza","Bóstwo i bogactwo","el pobre","biedny"
"Pobreza y Riqueza","Bóstwo i bogactwo","el rico","bogaty"
"Pobreza y Riqueza","Bóstwo i bogactwo","la indigencia","skrajna bieda"
"Pobreza y Riqueza","Bóstwo i bogactwo","la miseria","nędza"
"Pobreza y Riqueza","Bóstwo i bogactwo","el lujo","luksus"
"Pobreza y Riqueza","Bóstwo i bogactwo","la opulencia","przepych"
"Pobreza y Riqueza","Bóstwo i bogactwo","la abundancia","obfitość"
"Pobreza y Riqueza","Bóstwo i bogactwo","la escasez","niedostatek"
"Pobreza y Riqueza","Bóstwo i bogactwo","la desigualdad","nierówność"
"Pobreza y Riqueza","Bóstwo i bogactwo","la brecha social","przepaść społeczna"
"Pobreza y Riqueza","Bóstwo i bogactwo","el umbral de pobreza","próg ubóstwa"
"Pobreza y Riqueza","Bóstwo i bogactwo","la pobreza extrema","skrajne ubóstwo"
"Pobreza y Riqueza","Bóstwo i bogactwo","el hambre","głód"
"Pobreza y Riqueza","Bóstwo i bogactwo","la desnutrición","niedożywienie"
"Pobreza y Riqueza","Bóstwo i bogactwo","el sintecho","bezdomny"
"Pobreza y Riqueza","Bóstwo i bogactwo","la asistencia social","opieka społeczna"
"Pobreza y Riqueza","Bóstwo i bogactwo","la beneficencia","dobroczynność"
"Pobreza y Riqueza","Bóstwo i bogactwo","la caridad","miłosierdzie"
"Pobreza y Riqueza","Bóstwo i bogactwo","la ayuda humanitaria","pomoc humanitarna"
"Pobreza y Riqueza","Bóstwo i bogactwo","la subvención","dotacja / zapomoga"
"Pobreza y Riqueza","Bóstwo i bogactwo","el subsidio","zasiłek"
"Pobreza y Riqueza","Bóstwo i bogactwo","el subsidio de desempleo","zasiłek dla bezrobotnych"
"Pobreza y Riqueza","Bóstwo i bogactwo","el magnate","magnat"
"Pobreza y Riqueza","Bóstwo i bogactwo","el millonario","milioner"
"Pobreza y Riqueza","Bóstwo i bogactwo","el multimillonario","multimilioner"
"Pobreza y Riqueza","Bóstwo i bogactwo","la fortuna","majątek"
"Pobreza y Riqueza","Bóstwo i bogactwo","el patrimonio","aktywa / majątek"
"Pobreza y Riqueza","Bóstwo i bogactwo","la herencia","spadek"
"Pobreza y Riqueza","Bóstwo i bogactwo","la inversión","inwestycja"
"Pobreza y Riqueza","Bóstwo i bogactwo","el capital","kapitał"
"Pobreza y Riqueza","Bóstwo i bogactwo","los ingresos","dochody"
"Pobreza y Riqueza","Bóstwo i bogactwo","los gastos","wydatki"
"Pobreza y Riqueza","Bóstwo i bogactwo","la ganancia","zysk"
"Pobreza y Riqueza","Bóstwo i bogactwo","la pérdida","strata"
"Pobreza y Riqueza","Bóstwo i bogactwo","la quiebra","bankructwo"
"Pobreza y Riqueza","Bóstwo i bogactwo","la bancarrota","bancructwo / niewypłacalność"
"Pobreza y Riqueza","Bóstwo i bogactwo","mendigar","żebrać"
"Pobreza y Riqueza","Bóstwo i bogactwo","el mendigo","żebrak"
"Pobreza y Riqueza","Bóstwo i bogactwo","la limosna","jałmużna"
"Pobreza y Riqueza","Bóstwo i bogactwo","derrochar","roztrwaniać"
"Pobreza y Riqueza","Bóstwo i bogactwo","malbaratar","marnotrawić"
"Pobreza y Riqueza","Bóstwo i bogactwo","ahorrar","oszczędzać"
"Pobreza y Riqueza","Bóstwo i bogactwo","la austeridad","austeryczność"
"Pobreza y Riqueza","Bóstwo i bogactwo","la generosidad","hojność"
"Pobreza y Riqueza","Bóstwo i bogactwo","la avaricia","chciwość"
"Pobreza y Riqueza","Bóstwo i bogactwo","avaro","chciwy"
"Pobreza y Riqueza","Bóstwo i bogactwo","próspero","pomyślny"
"Pobreza y Riqueza","Bóstwo i bogactwo","acomodado","zamożny"
"Migración","Migracja","la migración","migracja"
"Migración","Migracja","el migrante","migrant"
"Migración","Migracja","el inmigrante","imigrant"
"Migración","Migracja","el emigrante","emigrant"
"Migración","Migracja","emigrar","emigrować"
"Migración","Migracja","inmigrar","imigrować"
"Migración","Migracja","el refugiado","uchodźca"
"Migración","Migracja","el asilado","azylant"
"Migración","Migracja","el solicitante de asilo","osoba ubiegająca się o azyl"
"Migración","Migracja","el exiliado","wygnaniec"
"Migración","Migracja","el exilio","wygnanie / emigracja polityczna"
"Migración","Migracja","la diáspora","diaspora"
"Migración","Migracja","la frontera","granica"
"Migración","Migracja","el control fronterizo","kontrola graniczna"
"Migración","Migracja","el visado","wiza"
"Migración","Migracja","el pasaporte","paszport"
"Migración","Migracja","el permiso de residencia","zezwolenie na pobyt"
"Migración","Migracja","el permiso de trabajo","zezwolenie na pracę"
"Migración","Migracja","la residencia","pobyt / rezydentura"
"Migración","Migracja","la deportación","deportacja"
"Migración","Migracja","deportar","deportować"
"Migración","Migracja","la expulsión","wydalenie"
"Migración","Migracja","expulsar","wydalać"
"Migración","Migracja","la integración","integracja"
"Migración","Migracja","integrar","integrować"
"Migración","Migracja","la asimilación","asymilacja"
"Migración","Migracja","la asimilación cultural","asymilacja kulturowa"
"Migración","Migracja","la multiculturalidad","multikulturalizm"
"Migración","Migracja","la xenofobia","ksenofobia"
"Migración","Migracja","el racismo","rasizm"
"Migración","Migracja","la discriminación","dyskryminacja"
"Migración","Migracja","el traficante de personas","przemytnik ludzi"
"Migración","Migracja","la patera","łódź pontonowa (imigrantów)"
"Migración","Migracja","el cayuco","łódź rybacka (migrancka)"
"Migración","Migracja","el naufragio","katastrofa morska"
"Migración","Migracja","la ruta migratoria","szlak migracyjny"
"Migración","Migracja","la acogida","przyjęcie / gościnność"
"Migración","Migracja","acoger","przyjmować"
"Migración","Migracja","el centro de acogida","ośrodek dla uchodźców"
"Migración","Migracja","la repatriación","repatriacja"
"Migración","Migracja","repatriar","repatriować"
"Migración","Migracja","la crisis migratoria","kryzys migracyjny"
"Migración","Migracja","la llegada","przybycie"
"Migración","Migracja","la salida","wyjazd"
"Migración","Migracja","el flujo migratorio","przepływ migracyjny"
"Migración","Migracja","la remesa","przekaz pieniężny"
"Migración","Migracja","la mano de obra","siła robocza"
"Migración","Migracja","la clandestinidad","nielegalność"
"Migración","Migracja","clandestino","nielegalny"
"Migración","Migracja","la barrera","bariera"
"Educación Infantil","Edukacja wczesnoszkolna","la educación infantil","edukacja przedszkolna"
"Educación Infantil","Edukacja wczesnoszkolna","la guardería","żłobek"
"Educación Infantil","Edukacja wczesnoszkolna","el jardín de infancia","przedszkole"
"Educación Infantil","Edukacja wczesnoszkolna","la escuela infantil","szkoła przedszkolna"
"Educación Infantil","Edukacja wczesnoszkolna","el parvulario","oddział przedszkolny"
"Educación Infantil","Edukacja wczesnoszkolna","el niño","dziecko"
"Educación Infantil","Edukacja wczesnoszkolna","la niña","dziewczynka"
"Educación Infantil","Edukacja wczesnoszkolna","el infante","niemowlę / małe dziecko"
"Educación Infantil","Edukacja wczesnoszkolna","el párvulo","przedszkolak"
"Educación Infantil","Edukacja wczesnoszkolna","el educador","wychowawca"
"Educación Infantil","Edukacja wczesnoszkolna","la educadora","wychowawczyni"
"Educación Infantil","Edukacja wczesnoszkolna","el maestro de infantil","nauczyciel przedszkola"
"Educación Infantil","Edukacja wczesnoszkolna","la maestra","nauczycielka"
"Educación Infantil","Edukacja wczesnoszkolna","la ludoteca","świetlica / sala zabaw"
"Educación Infantil","Edukacja wczesnoszkolna","el juego","zabawa"
"Educación Infantil","Edukacja wczesnoszkolna","jugar","bawić się"
"Educación Infantil","Edukacja wczesnoszkolna","el juguete","zabawka"
"Educación Infantil","Edukacja wczesnoszkolna","el dibujo","rysunek"
"Educación Infantil","Edukacja wczesnoszkolna","pintar","rysować / malować"
"Educación Infantil","Edukacja wczesnoszkolna","colorear","kolorować"
"Educación Infantil","Edukacja wczesnoszkolna","la plastelina","plastelina"
"Educación Infantil","Edukacja wczesnoszkolna","el cuento","bajka"
"Educación Infantil","Edukacja wczesnoszkolna","contantar un cuento","opowiadać bajkę"
"Educación Infantil","Edukacja wczesnoszkolna","la canción","piosenka"
"Educación Infantil","Edukacja wczesnoszkolna","cantar","śpiewać"
"Educación Infantil","Edukacja wczesnoszkolna","bailar","tańczyć"
"Educación Infantil","Edukacja wczesnoszkolna","el aprendizaje","nauka"
"Educación Infantil","Edukacja wczesnoszkolna","aprender","uczyć się"
"Educación Infantil","Edukacja wczesnoszkolna","la socialización","socjalizacja"
"Educación Infantil","Edukacja wczesnoszkolna","compartir","dzielić się"
"Educación Infantil","Edukacja wczesnoszkolna","el compañerismo","koleżeństwo"
"Educación Infantil","Edukacja wczesnoszkolna","el patio","plac zabaw"
"Educación Infantil","Edukacja wczesnoszkolna","el tobogán","zjeżdżalnia"
"Educación Infantil","Edukacja wczesnoszkolna","el columpio","huśtawka"
"Educación Infantil","Edukacja wczesnoszkolna","el arenero","piaskownica"
"Educación Infantil","Edukacja wczesnoszkolna","la siesta","drzemka"
"Educación Infantil","Edukacja wczesnoszkolna","dormir","spać"
"Educación Infantil","Edukacja wczesnoszkolna","comer","jeść"
"Educación Infantil","Edukacja wczesnoszkolna","el almuerzo","drugie śniadanie"
"Educación Infantil","Edukacja wczesnoszkolna","la merienda","podwieczorek"
"Educación Infantil","Edukacja wczesnoszkolna","el pañal","pielucha"
"Educación Infantil","Edukacja wczesnoszkolna","el orinal","nocnik"
"Educación Infantil","Edukacja wczesnoszkolna","el biberón","butelka dla dziecka"
"Educación Infantil","Edukacja wczesnoszkolna","el desarrollo","rozwój"
"Educación Infantil","Edukacja wczesnoszkolna","la motricidad","motoryka"
"Educación Infantil","Edukacja wczesnoszkolna","la creatividad","kreatywność"
"Educación Infantil","Edukacja wczesnoszkolna","la imaginación","wyobraźnia"
"Educación Infantil","Edukacja wczesnoszkolna","el abecedario","alfabet"
"Educación Infantil","Edukacja wczesnoszkolna","los números","liczby"
"Educación Infantil","Edukacja wczesnoszkolna","los colores","kolory"
"Educación Secundaria","Edukacja średnia","la educación secundaria","edukacja średnia / gimnazjum i liceum"
"Educación Secundaria","Edukacja średnia","el instituto","liceum / szkoła średnia"
"Educación Secundaria","Edukacja średnia","el colegio","szkoła"
"Educación Secundaria","Edukacja średnia","el alumno / la alumna","uczeń / uczennica"
"Educación Secundaria","Edukacja średnia","el estudiante","student / uczeń"
"Educación Secundaria","Edukacja średnia","el profesor / la profesora","nauczyciel / profesor"
"Educación Secundaria","Edukacja średnia","el docente","nauczyciel / wykładowca"
"Educación Secundaria","Edukacja średnia","el director","dyrektor szkoły"
"Educación Secundaria","Edukacja średnia","el tutor","wychowawca / mentor"
"Educación Secundaria","Edukacja średnia","la clase","klasa / lekcja"
"Educación Secundaria","Edukacja średnia","el aula","sala lekcyjna"
"Educación Secundaria","Edukacja średnia","el horario","plan lekcji"
"Educación Secundaria","Edukacja średnia","la asignatura","przedmiot szkolny"
"Educación Secundaria","Edukacja średnia","la materia","przedmiot / materia"
"Educación Secundaria","Edukacja średnia","el examen","egzamin"
"Educación Secundaria","Edukacja średnia","la prueba","sprawdzian / test"
"Educación Secundaria","Edukacja średnia","la nota","ocena"
"Educación Secundaria","Edukacja średnia","la calificación","ocena / kwalifikacja"
"Educación Secundaria","Edukacja średnia","aprobar","zdać"
"Educación Secundaria","Edukacja średnia","suspender","zjeść pałę / nie zdać"
"Educación Secundaria","Edukacja średnia","el boletín de notas","świadectwo / karta ocen"
"Educación Secundaria","Edukacja średnia","el trimestre","trymestr"
"Educación Secundaria","Edukacja średnia","el curso escolar","rok szkolny"
"Educación Secundaria","Edukacja średnia","el recreo","przerwa (międzylekcyjna)"
"Educación Secundaria","Edukacja średnia","la tarea","zadanie domowe"
"Educación Secundaria","Edukacja średnia","los deberes","praca domowa"
"Educación Secundaria","Edukacja średnia","el cuaderno","zeszyt"
"Educación Secundaria","Edukacja średnia","el libro de texto","podręcznik"
"Educación Secundaria","Edukacja średnia","el bolígrafo","długopis"
"Educación Secundaria","Edukacja średnia","el lápiz","ołówek"
"Educación Secundaria","Edukacja średnia","la goma","gumka do ścierania"
"Educación Secundaria","Edukacja średnia","la regla","linijka"
"Educación Secundaria","Edukacja średnia","la mochila","plecak"
"Educación Secundaria","Edukacja średnia","el estuche","piórnik"
"Educación Secundaria","Edukacja średnia","la pizarra","tablica"
"Educación Secundaria","Edukacja średnia","la tiza","kreda"
"Educación Secundaria","Edukacja średnia","el marcador","marker"
"Educación Secundaria","Edukacja średnia","el borrador","gąbka do tablicy"
"Educación Secundaria","Edukacja średnia","el instituto de educación secundaria (IES)","liceum ogólnokształcące"
"Educación Secundaria","Edukacja średnia","la selectividad / la EBAU","matura (egzamin wstępny na studia)"
"Educación Secundaria","Edukacja średnia","el bachillerato","liceum (ostatnie lata) / matura"
"Educación Secundaria","Edukacja średnia","la formación profesional (FP)","szkolenie zawodowe"
"Educación Secundaria","Edukacja średnia","el título","dyplom / tytuł"
"Educación Secundaria","Edukacja średnia","el graduado","absolwent"
"Educación Secundaria","Edukacja średnia","la graduación","ukończenie szkoły / ceremonia absolwencka"
"Educación Secundaria","Edukacja średnia","el acoso escolar","nękanie / przemoc szkolna"
"Educación Secundaria","Edukacja średnia","el compañero de clase","kolega z klasy"
"Educación Secundaria","Edukacja średnia","el delegado de clase","gospodarz klasy"
"Educación Secundaria","Edukacja średnia","la excursión","wycieczka szkolna"
"Educación Secundaria","Edukacja średnia","la biblioteca","biblioteka szkolna"
"Universidad","Uniwersytet","la universidad","uniwersytet"
"Universidad","Uniwersytet","el campus","kampus uniwersytecki"
"Universidad","Uniwersytet","el rector","rektor"
"Universidad","Uniwersytet","el decano","dziekan"
"Universidad","Uniwersytet","el profesor / la profesora","profesor / wykładowca"
"Universidad","Uniwersytet","el catedrático","profesor zwyczajny / kierownik katedry"
"Universidad","Uniwersytet","el investigador","badacza / naukowiec"
"Universidad","Uniwersytet","el estudiante / el universitario","student"
"Universidad","Uniwersytet","el alumno","student / uczeń"
"Universidad","Uniwersytet","la carrera","kierunek studiów"
"Universidad","Uniwersytet","la licenciatura","licencjat"
"Universidad","Uniwersytet","el grado","studia licencjackie / stopień"
"Universidad","Uniwersytet","el máster","studia magisterskie / magister"
"Universidad","Uniwersytet","el doctorado","doktorat"
"Universidad","Uniwersytet","el doctor","doktor"
"Universidad","Uniwersytet","la tesis","praca dyplomowa / rozprawa"
"Universidad","Uniwersytet","la tesis doctoral","rozprawa doktorska"
"Universidad","Uniwersytet","la facultad","wydział"
"Universidad","Uniwersytet","el departamento","katedra / wydział"
"Universidad","Uniwersytet","el seminarium","seminarium"
"Universidad","Uniwersytet","la clase magistral","wykład"
"Universidad","Uniwersytet","el auditorio","aula wykładowa"
"Universidad","Uniwersytet","el crédito","punkt ECTS / kredyt"
"Universidad","Uniwersytet","la matrícula","wpis na studia / czesne"
"Universidad","Uniwersytet","matricularse","zapisać się na studia"
"Universidad","Uniwersytet","la beca","stypendium"
"Universidad","Uniwersytet","el becario","stypendysta / stażysta"
"Universidad","Uniwersytet","la residencia de estudiantes","akademik / dom studencki"
"Universidad","Uniwersytet","el rectorado","rektorat"
"Universidad","Uniwersytet","el decanato","dziekanat"
"Universidad","Uniwersytet","la secretaría","sekretariat uczelni"
"Universidad","Uniwersytet","el expediente académico","indeks / przebieg studiów"
"Universidad","Uniwersytet","el examen final","egzamin końcowy"
"Universidad","Uniwersytet","la convocatoria","termin egzaminu"
"Universidad","Uniwersytet","suspender","oblać egzamin"
"Universidad","Uniwersytet","aprobar","zdać"
"Universidad","Uniwersytet","el título universitario","dyplom uniwersytecki"
"Universidad","Uniwersytet","el graduado","absolwent"
"Universidad","Uniwersytet","la ceremonia de graduación","ceremonia rozdania dyplomów"
"Universidad","Uniwersytet","el intercambio","wymiana studencka (np. Erasmus)"
"Universidad","Uniwersytet","la investigación","badania naukowe"
"Universidad","Uniwersytet","publicar","publikować"
"Universidad","Uniwersytet","el artículo científico","artykuł naukowy"
"Universidad","Uniwersytet","la conferencia","konferencja"
"Universidad","Uniwersytet","el laboratorio","laboratorium"
"Universidad","Uniwersytet","la biblioteca universitaria","biblioteka uniwersytecka"
"Universidad","Uniwersytet","el rector","rektor"
"Universidad","Uniwersytet","el campus virtual","wirtualny kampus"
"Universidad","Uniwersytet","la asignatura optativa","przedmiot do wyboru"
"Universidad","Uniwersytet","la asignatura obligatoria","przedmiot obowiązkowy"
"Asignaturas Escolares","Przedmioty szkolne","la asignatura","przedmiot szkolny"
"Asignaturas Escolares","Przedmioty szkolne","las matemáticas","matematyka"
"Asignaturas Escolares","Przedmioty szkolne","la lengua española","język hiszpański"
"Asignaturas Escolares","Przedmioty szkolne","la literatura","literatura"
"Asignaturas Escolares","Przedmioty szkolne","la historia","historia"
"Asignaturas Escolares","Przedmioty szkolne","la geografía","geografia"
"Asignaturas Escolares","Przedmioty szkolne","la física","fizyka"
"Asignaturas Escolares","Przedmioty szkolne","la química","chemia"
"Asignaturas Escolares","Przedmioty szkolne","la biología","biologia"
"Asignaturas Escolares","Przedmioty szkolne","la geología","geologia"
"Asignaturas Escolares","Przedmioty szkolne","el idioma extranjero","język obcy"
"Asignaturas Escolares","Przedmioty szkolne","el inglés","język angielski"
"Asignaturas Escolares","Przedmioty szkolne","el francés","język francuski"
"Asignaturas Escolares","Przedmioty szkolne","el alemán","język niemiecki"
"Asignaturas Escolares","Przedmioty szkolne","el latín","łacina"
"Asignaturas Escolares","Przedmioty szkolne","el griego antiguo","greka klasyczna"
"Asignaturas Escolares","Przedmioty szkolne","la informática","informatyka"
"Asignaturas Escolares","Przedmioty szkolne","la tecnología","technologia / technika"
"Asignaturas Escolares","Przedmioty szkolne","la educación física","wychowanie fizyczne (WF)"
"Asignaturas Escolares","Przedmioty szkolne","la música","muzyka"
"Asignaturas Escolares","Przedmioty szkolne","el arte","sztuka"
"Asignaturas Escolares","Przedmioty szkolne","la educación plástica y visual","plastyka"
"Asignaturas Escolares","Przedmioty szkolne","la filosofía","filozofia"
"Asignaturas Escolares","Przedmioty szkolne","la economía","ekonomia"
"Asignaturas Escolares","Przedmioty szkolne","el dibujo técnico","rysunek techniczny"
"Asignaturas Escolares","Przedmioty szkolne","la religión","religios"
"Asignaturas Escolares","Przedmioty szkolne","la ética","etyka"
"Asignaturas Escolares","Przedmioty szkolne","la educación cívica","wos / wiedza o społeczeństwie"
"Asignaturas Escolares","Przedmioty szkolne","las ciencias sociales","nauki społeczne"
"Asignaturas Escolares","Przedmioty szkolne","las ciencias naturales","przyroda / nauki przyrodnicze"
"Asignaturas Escolares","Przedmioty szkolne","el taller","warsztat"
"Asignaturas Escolares","Przedmioty szkolne","el laboratorio","laboratorium"
"Asignaturas Escolares","Przedmioty szkolne","el deporte","sport"
"Asignaturas Escolares","Przedmioty szkolne","el teatro","teatr"
"Asignaturas Escolares","Przedmioty szkolne","el coro","chór"
"Asignaturas Escolares","Przedmioty szkolne","la oratoria","retoryka"
"Asignaturas Escolares","Przedmioty szkolne","la programación","programowanie"
"Asignaturas Escolares","Przedmioty szkolne","la robótica","robotyka"
"Asignaturas Escolares","Przedmioty szkolne","la contabilidad","rachunkowość"
"Asignaturas Escolares","Przedmioty szkolne","la sociología","socjologia"
"Asignaturas Escolares","Przedmioty szkolne","la psicología","psychologia"
"Asignaturas Escolares","Przedmioty szkolne","la ecología","ekologia"
"Asignaturas Escolares","Przedmioty szkolne","la astronomía","astronomia"
"Asignaturas Escolares","Przedmioty szkolne","la estadística","statystyka"
"Asignaturas Escolares","Przedmioty szkolne","la asignatura obligatoria","przedmiot obowiązkowy"
"Asignaturas Escolares","Przedmioty szkolne","la asignatura optativa","przedmiot do wyboru"
"Asignaturas Escolares","Przedmioty szkolne","el currículo","program nauczania"
"Asignaturas Escolares","Przedmioty szkolne","el temario","zakres materiału"
"Asignaturas Escolares","Przedmioty szkolne","la optativa","przedmiot fakultatywny"
"Asignaturas Escolares","Przedmioty szkolne","la troncal","przedmiot główny / kluczowy"
"Material Escolar","Przybory szkolne","el material escolar","przybory szkolne"
"Material Escolar","Przybory szkolne","el bolígrafo","długopis"
"Material Escolar","Przybory szkolne","el lápiz","ołówek"
"Material Escolar","Przybory szkolne","el portaminas","ołówek automatyczny"
"Material Escolar","Przybory szkolne","la goma de borrar","gumka do ścierania"
"Material Escolar","Przybory szkolne","el sacapuntas","tempérka / temperówka"
"Material Escolar","Przybory szkolne","la regla","linijka"
"Material Escolar","Przybory szkolne","la escuadra","ekierka"
"Material Escolar","Przybory szkolne","el cartabón","ekierka (trójkątna)"
"Material Escolar","Przybory szkolne","el transportador de ángulos","kątomierz"
"Material Escolar","Przybory szkolne","el compás","cyrkiel"
"Material Escolar","Przybory szkolne","el cuaderno","zeszyt"
"Material Escolar","Przybory szkolne","la libreta","notatnik / zeszyt"
"Material Escolar","Przybory szkolne","el bloc de notas","blok rysunkowy / notatnik"
"Material Escolar","Przybory szkolne","el papel","papier"
"Material Escolar","Przybory szkolne","la carpeta","teczka"
"Material Escolar","Przybory szkolne","el archivador","segregator"
"Material Escolar","Przybory szkolne","los folios","kartki papieru (A4)"
"Material Escolar","Przybory szkolne","el libro de texto","podręcznik"
"Material Escolar","Przybory szkolne","el diccionario","słownik"
"Material Escolar","Przybory szkolne","la mochila","plecak"
"Material Escolar","Przybory szkolne","el estuche","piórnik"
"Material Escolar","Przybory szkolne","las tijeras","nożyczki"
"Material Escolar","Przybory szkolne","el pegamento","klej"
"Material Escolar","Przybory szkolne","la barra de glue","klej w sztyfcie"
"Material Escolar","Przybory szkolne","la cinta adhesiva","taśma klejąca"
"Material Escolar","Przybory szkolne","las ceras","kredki świecowe"
"Material Escolar","Przybory szkolne","los lápices de colores","kredki ołówkowe"
"Material Escolar","Przybory szkolne","los rotuladores","mazaki / pisaki"
"Material Escolar","Przybory szkolne","las acuarelas","farby akwarelowe"
"Material Escolar","Przybory szkolne","la témpera","farby plakatowe / tempery"
"Material Escolar","Przybory szkolne","el pincel","pędzel"
"Material Escolar","Przybory szkolne","la paleta","paleta do farb"
"Material Escolar","Przybory szkolne","el lienzo","płótno"
"Material Escolar","Przybory szkolne","la plastelina","plastelina"
"Material Escolar","Przybory szkolne","el corrector líquido","korektor w płynie"
"Material Escolar","Przybory szkolne","la grapadora","zszywacze"
"Material Escolar","Przybory szkolne","las grapas","zszywki"
"Material Escolar","Przybory szkolne","el clip","spinacz biurowy"
"Material Escolar","Przybory szkolne","la perforadora","dziurkacz"
"Material Escolar","Przybory szkolne","la calculadora","kalkulator"
"Material Escolar","Przybory szkolne","el ordenador portátil","laptop szkolny"
"Material Escolar","Przybory szkolne","la tableta","tablet"
"Material Escolar","Przybory szkolne","los auriculares","słuchawki"
"Material Escolar","Przybory szkolne","la pizarra blanca","mała tablica suchościeralna"
"Material Escolar","Przybory szkolne","el rotulador de pizarra","marker do tablic"
"Material Escolar","Przybory szkolne","la agenda escolar","dzienniczek / planner szkolny"
"Material Escolar","Przybory szkolne","el marcapáginas","zakładka do książki"
"Material Escolar","Przybory szkolne","la cinta correctora","korektor w taśmie"
"Material Escolar","Przybory szkolne","el portafolios","teczka na dokumenty"
"Exámenes y Notas","Egzaminy i oceny","el examen","egzamin"
"Exámenes y Notas","Egzaminy i oceny","la prueba","test / sprawdzian"
"Exámenes y Notas","Egzaminy i oceny","el control","kartkówka / test kontrolny"
"Exámenes y Notas","Egzaminy i oceny","el examen parcial","kolokwium / egzamin cząstkowy"
"Exámenes y Notas","Egzaminy i oceny","el examen final","egzamin końcowy"
"Exámenes y Notas","Egzaminy i oceny","la nota","ocena"
"Exámenes y Notas","Egzaminy i oceny","la calificación","ocena / stopień"
"Exámenes y Notas","Egzaminy i oceny","el sobresaliente","celujący (szóstka)"
"Exámenes y Notas","Egzaminy i oceny","el notable","bardzo dobry / dobry (czwórka/piątka)"
"Exámenes y Notas","Egzaminy i oceny","el bien","dostateczny (trójka)"
"Exámenes y Notas","Egzaminy i oceny","el aprobado","dostateczny / zdany (trójka)"
"Exámenes y Notas","Egzaminy i oceny","el suspenso","niedostateczny / oblany (jedynka/dwójka)"
"Exámenes y Notas","Egzaminy i oceny","aprobar","zdać (egzamin)"
"Exámenes y Notas","Egzaminy i oceny","suspender","oblać / nie zdać"
"Exámenes y Notas","Egzaminy i oceny","sacar buena nota","dostać dobrą ocenę"
"Exámenes y Notas","Egzaminy i oceny","sacar mala nota","dostać złą ocenę"
"Exámenes y Notas","Egzaminy i oceny","el boletín de notas","świadectwo / karta ocen"
"Exámenes y Notas","Egzaminy i oceny","el suspensso","niedostateczny"
"Exámenes y Notas","Egzaminy i oceny","copiar","ściągać (na egzaminie)"
"Exámenes y Notas","Egzaminy i oceny","la chuleta","ściągawka"
"Exámenes y Notas","Egzaminy i oceny","suspender por copia","zostać przyłapanym na ściąganiu"
"Exámenes y Notas","Egzaminy i oceny","el profesor","egzaminator / nauczyciel"
"Exámenes y Notas","Egzaminy i oceny","el tribunal","komisja egzaminacyjna"
"Exámenes y Notas","Egzaminy i oceny","la convocatoria","termin egzaminu"
"Exámenes y Notas","Egzaminy i oceny","la nota media","średnia ocen"
"Exámenes y Notas","Egzaminy i oceny","el suspenso","poprawka (warunek)"
"Exámenes y Notas","Egzaminy i oceny","el examen de recuperación","egzamin poprawkowy"
"Exámenes y Notas","Egzaminy i oceny","recuperar","poprawić ocenę"
"Exámenes y Notas","Egzaminy i oceny","estudiar","uczyć się"
"Exámenes y Notas","Egzaminy i oceny","repasar","powtarzać materiał"
"Exámenes y Notas","Egzaminy i oceny","el repaso","powtórka"
"Exámenes y Notas","Egzaminy i oceny","el temario","zakres materiału"
"Exámenes y Notas","Egzaminy i oceny","memorizar","zapamiętywać / uczyć się na pamięć"
"Exámenes y Notas","Egzaminy i oceny","entregar el examen","oddać egzamin"
"Exámenes y Notas","Egzaminy i oceny","terminar el examen","skończyć egzamin"
"Exámenes y Notas","Egzaminy i oceny","el tiempo","czas (na egzaminie)"
"Exámenes y Notas","Egzaminy i oceny","la pregunta","pytanie"
"Exámenes y Notas","Egzaminy i oceny","la respuesta","odpowiedź"
"Exámenes y Notas","Egzaminy i oceny","responder","odpowiadać"
"Exámenes y Notas","Egzaminy i oceny","acertar","trafić / odpowiedzieć poprawnie"
"Exámenes y Notas","Egzaminy i oceny","fallar","pomylić się / popełnić błąd"
"Exámenes y Notas","Egzaminy i oceny","el error","błąd"
"Exámenes y Notas","Egzaminy i oceny","la corrección","poprawianie / korekta"
"Exámenes y Notas","Egzaminy i oceny","la nota numérica","ocena cyfrowa"
"Exámenes y Notas","Egzaminy i oceny","la evaluación","ocena / ewaluación"
"Exámenes y Notas","Egzaminy i oceny","el test psicotécnico","test psychotechniczny"
"Exámenes y Notas","Egzaminy i oceny","la prueba de acceso","egzamin wstępny"
"Exámenes y Notas","Egzaminy i oceny","el resultado","wynik"
"Exámenes y Notas","Egzaminy i oceny","el certificado","certyfikat / zaświadczenie"
"Exámenes y Notas","Egzaminy i oceny","el éxito","sukces"
"Aficiones","Zainteresowania","la afición","zainteresowanie / hobby"
"Aficiones","Zainteresowania","el pasatiempo","hobby / czas wolny"
"Aficiones","Zainteresowania","el hobby","hobby"
"Aficiones","Zainteresowania","disfrutar","cieszyć się"
"Aficiones","Zainteresowania","entretenerse","zabawiać się / spędzać czas"
"Aficiones","Zainteresowania","el oceno","czas wolny"
"Aficiones","Zainteresowania","leer","czytać"
"Aficiones","Zainteresowania","escribir","pisać"
"Aficiones","Zainteresowania","fotografiar","fotografować"
"Aficiones","Zainteresowania","pintar","malować"
"Aficiones","Zainteresowania","dibujar","rysować"
"Aficiones","Zainteresowania","tocar un instrumento","grać na instrumencie"
"Aficiones","Zainteresowania","cantar","śpiewać"
"Aficiones","Zainteresowania","bailar","tańczyć"
"Aficiones","Zainteresowania","cocinar","gotować"
"Aficiones","Zainteresowania","hornear","piec (np. ciasta)"
"Aficiones","Zainteresowania","viajar","podróżować"
"Aficiones","Zainteresowania","acampar","kempingować"
"Aficiones","Zainteresowania","senderismo","turystyka piesza / trekking"
"Aficiones","Zainteresowania","la jardinería","ogrodnictwo"
"Aficiones","Zainteresowania","el bricolaje","majsterkowanie"
"Aficiones","Zainteresowania","la costura","szycie"
"Aficiones","Zainteresowania","tejer","robić na drutach"
"Aficiones","Zainteresowania","coleccionar","kolekcjonować"
"Aficiones","Zainteresowania","los videojuegos","gry wideo"
"Aficiones","Zainteresowania","el ajedrez","szachy"
"Aficiones","Zainteresowania","los rompecabezas","puzzle / łamigłówki"
"Aficiones","Zainteresowania","las manualidades","prace ręczne / handmade"
"Aficiones","Zainteresowania","pescar","łowić ryby"
"Aficiones","Zainteresowania","cazar","polować"
"Aficiones","Zainteresowania","patinar","jeździć na łyżwach / rolkach"
"Aficiones","Zainteresowania","montar en bicicleta","jeździć na rowerze"
"Aficiones","Zainteresowania","nadar","pływać"
"Aficiones","Zainteresowania","correr","biegać"
"Aficiones","Zainteresowania","hacer yoga","uprawiać jogę"
"Aficiones","Zainteresowania","meditar","medytować"
"Aficiones","Zainteresowania","el cine","kino (oglądanie filmów)"
"Aficiones","Zainteresowania","el teatro","teatr"
"Aficiones","Zainteresowania","los conciertos","koncerty"
"Aficiones","Zainteresowania","los museos","muzea"
"Aficiones","Zainteresowania","el voluntariado","wolontariat"
"Aficiones","Zainteresowania","aprender idiomas","uczyć się języków"
"Aficiones","Zainteresowania","la astronomia","astronomia (jako hobby)"
"Aficiones","Zainteresowania","observar aves","obserwowanie ptaków"
"Aficiones","Zainteresowania","la cerámica","ceramika"
"Aficiones","Zainteresowania","la carpintería","stolarstwo"
"Aficiones","Zainteresowania","el diseño","projektowanie"
"Aficiones","Zainteresowania","la cata de vinos","degustacja wina"
"Aficiones","Zainteresowania","apasionante","pasjonujący"
"Aficiones","Zainteresowania","divertido","zabawny / przyjemny"
"Manualidades","Rękodzieło","las manualidades","rękodzieło / prace ręczne"
"Manualidades","Rękodzieło","el arte","sztuka"
"Manualidades","Rękodzieło","la artesanía","rzemiosło"
"Manualidades","Rękodzieło","crear","tworzyć"
"Manualidades","Rękodzieło","hacer a mano","robić ręcznie"
"Manualidades","Rękodzieło","el DIY (hazlo tú mismo)","zrób to sam (DIY)"
"Manualidades","Rękodzieło","el papel","papier"
"Manualidades","Rękodzieło","la cartulina","karton / brystol"
"Manualidades","Rękodzieło","las tijeras","nożyczki"
"Manualidades","Rękodzieło","el pegamento","klej"
"Manualidades","Rękodzieło","la pistola de pegamento caliente","pistolet do kleju na gorąco"
"Manualidades","Rękodzieło","la cinta adhesiva","taśma klejąca"
"Manualidades","Rękodzieło","el hilo","nić"
"Manualidades","Rękodzieło","la aguja","igła"
"Manualidades","Rękodzieło","coser","szyć"
"Manualidades","Rękodzieło","tejer","robić na drutach / szydełkować"
"Manualidades","Rękodzieło","el ganchillo","szydełkowanie"
"Manualidades","Rękodzieło","la lana","włóczka / wełna"
"Manualidades","Rękodzieło","la tela","tkanina / materiał"
"Manualidades","Rękodzieło","el fieltro","filc"
"Manualidades","Rękodzieło","la arcilla","glina"
"Manualidades","Rękodzieło","la porcelana fría","porcelana plastyczna / zimna"
"Manualidades","Rękodzieło","la plastelina","plastelina"
"Manualidades","Rękodzieło","pintar","malować"
"Manualidades","Rękodzieło","el pincel","pędzel"
"Manualidades","Rękodzieło","las pinturas","farby"
"Manualidades","Rękodzieło","el abalorio","koralik"
"Manualidades","Rękodzieło","la bisutería","biżuteria artystyczna"
"Manualidades","Rękodzieło","el collar","naszyjnik"
"Manualidades","Rękodzieło","la pulsera","bransoletka"
"Manualidades","Rękodzieło","el papel de regalo","papier do pakowania prezentów"
"Manualidades","Rękodzieło","la caja","pudełko"
"Manualidades","Rękodzieło","decorar","dekorować"
"Manualidades","Rękodzieło","la decoración","dekoracja"
"Manualidades","Rękodzieło","reciclar","recyklingować (materiały do prac)"
"Manualidades","Rękodzieło","el cartón","tektura"
"Manualidades","Rękodzieło","la madera","drewno"
"Manualidades","Rękodzieło","tallar","rzeźbić"
"Manualidades","Rękodzieło","el pegamento de contacto","klej montażowy"
"Manualidades","Rękodzieło","el patrón","wzór / szablon"
"Manualidades","Rękodzieło","la aguja de coser","igła do szycia"
"Manualidades","Rękodzieło","el dedal","naparstek"
"Manualidades","Rękodzieło","el botón","guzik"
"Manualidades","Rękodzieło","la cremallera","zamek błyskawiczny"
"Manualidades","Rękodzieło","la lana de vidrio","wata szklana"
"Manualidades","Rękodzieło","barnizar","lakierować"
"Manualidades","Rękodzieło","lijar","szlifować"
"Manualidades","Rękodzieło","el molde","forma / odlew"
"Manualidades","Rękodzieło","original","oryginalny"
"Manualidades","Rękodzieło","creativo","kreatywny"
"Coleccionismo","Kolekcjonerstwo","el coleccionismo","kolekcjonerstwo"
"Coleccionismo","Kolekcjonerstwo","el coleccionista","kolekcjoner"
"Coleccionismo","Kolekcjonerstwo","la colección","kolekcja"
"Coleccionismo","Kolekcjonerstwo","coleccionar","kolekcjonować"
"Coleccionismo","Kolekcjonerstwo","el sello","znaczek pocztorski"
"Coleccionismo","Kolekcjonerstwo","la filatelia","filatelistika"
"Coleccionismo","Kolekcjonerstwo","la moneda","moneta"
"Coleccionismo","Kolekcjonerstwo","la numismática","numizmatyka"
"Coleccionismo","Kolekcjonerstwo","el billete","banknot"
"Coleccionismo","Kolekcjonerstwo","la tarjeta postal","pocztówka"
"Coleccionismo","Kolekcjonerstwo","el cromo","kolekcjonerska karta / naklejka"
"Coleccionismo","Kolekcjonerstwo","el tebeo / el cómic","komiks"
"Coleccionismo","Kolekcjonerstwo","el libro antiguo","stara książka / biały kruk"
"Coleccionismo","Kolekcjonerstwo","el vinylo","płyta winylowa"
"Coleccionismo","Kolekcjonerstwo","el CD","płyta CD"
"Coleccionismo","Kolekcjonerstwo","el casete","kaseta magnetofonowa"
"Coleccionismo","Kolekcjonerstwo","el juguete antiguo","stara zabawka"
"Coleccionismo","Kolekcjonerstwo","la miniatura","miniatura"
"Coleccionismo","Kolekcjonerstwo","el modelo a escala","model w skali"
"Coleccionismo","Kolekcjonerstwo","la maqueta","makieta"
"Coleccionismo","Kolekcjonerstwo","el coche de juguete","samochodzik"
"Coleccionismo","Kolekcjonerstwo","el tren eléctrico","kolejka elektryczna"
"Coleccionismo","Kolekcjonerstwo","la figura de acción","figurka akcji"
"Coleccionismo","Kolekcjonerstwo","la piedra preciosa","kamień szlachetny"
"Coleccionismo","Kolekcjonerstwo","el mineral","minerał"
"Coleccionismo","Kolekcjonerstwo","el fósil","skamieniałość"
"Coleccionismo","Kolekcjonerstwo","la concha","muszla"
"Coleccionismo","Kolekcjonerstwo","la antigüedades","antyki"
"Coleccionismo","Kolekcjonerstwo","el anticuario","antykwariusz / sklep z antykami"
"Coleccionismo","Kolekcjonerstwo","el mercadillo","pchli targ"
"Coleccionismo","Kolekcjonerstwo","la subasta","aukcja"
"Coleccionismo","Kolekcjonerstwo","pujar","licytować"
"Coleccionismo","Kolekcjonerstwo","el valor","wartość"
"Coleccionismo","Kolekcjonerstwo","la rareza","rzadkość"
"Coleccionismo","Kolekcjonerstwo","único","jedyny w swoim rodzaju / unikalny"
"Coleccionismo","Kolekcjonerstwo","en perfecto estado","w idealnym stanie"
"Coleccionismo","Kolekcjonerstwo","el catálogo","katalog"
"Coleccionismo","Kolekcjonerstwo","exhibir","wystawiać / pokazywać"
"Coleccionismo","Kolekcjonerstwo","la exposición","wystawa"
"Coleccionismo","Kolekcjonerstwo","el museo","muzeum"
"Coleccionismo","Kolekcjonerstwo","el tesoro","skarb"
"Coleccionismo","Kolekcjonerstwo","encontrar","znaleźć"
"Coleccionismo","Kolekcjonerstwo","descubrir","odkryć"
"Coleccionismo","Kolekcjonerstwo","conservar","konserwować / zachować"
"Coleccionismo","Kolekcjonerstwo","restaurar","odrestaurować"
"Coleccionismo","Kolekcjonerstwo","la vitrina","gablota / witryna"
"Coleccionismo","Kolekcjonerstwo","el estuche","etui / pudełko kolekcjonerskie"
"Coleccionismo","Kolekcjonerstwo","la serie limitada","seria limitowana"
"Coleccionismo","Kolekcjonerstwo","la reliquia","relikwia / pamiątka przeszłości"
"Coleccionismo","Kolekcjonerstwo","apasionante","pasjonujący"
"Bricolaje","Majsterkowanie","el bricolaje","majsterkowanie"
"Bricolaje","Majsterkowanie","la herramienta","narzędzie"
"Bricolaje","Majsterkowanie","el martillo","młotek"
"Bricolaje","Majsterkowanie","el clavo","gwoźdź"
"Bricolaje","Majsterkowanie","el tornillo","śruba / wkręt"
"Bricolaje","Majsterkowanie","el destornillador","śrubokręt"
"Bricolaje","Majsterkowanie","el taladro","wiertarka"
"Bricolaje","Majsterkowanie","la broca","wiertło"
"Bricolaje","Majsterkowanie","la sierra","piła"
"Bricolaje","Majsterkowanie","el alicates","kleszcze / szczypce"
"Bricolaje","Majsterkowanie","la llave inglesa","klucz nastawny"
"Bricolaje","Majsterkowanie","el metro","miarka / taśma miernicza"
"Bricolaje","Majsterkowanie","el nivel","poziomnica"
"Bricolaje","Majsterkowanie","la lija","papier ścierny"
"Bricolaje","Majsterkowanie","lijar","szlifować"
"Bricolaje","Majsterkowanie","pintar","malować"
"Bricolaje","Majsterkowanie","la brocha","pędzel malarski"
"Bricolaje","Majsterkowanie","el rodillo","wałek malarski"
"Bricolaje","Majsterkowanie","la pintura","farba"
"Bricolaje","Majsterkowanie","el barniz","lakier"
"Bricolaje","Majsterkowanie","barnizar","lakierować"
"Bricolaje","Majsterkowanie","la madera","drewno"
"Bricolaje","Majsterkowanie","el tablero","płyta / deska"
"Bricolaje","Majsterkowanie","cortar","ciąć"
"Bricolaje","Majsterkowanie","pegar","kleić"
"Bricolaje","Majsterkowanie","el pegamento","klej"
"Bricolaje","Majsterkowanie","la escalera","drabina"
"Bricolaje","Majsterkowanie","la linterna","latarka"
"Bricolaje","Majsterkowanie","el enchufe","gniazdko elektryczne"
"Bricolaje","Majsterkowanie","el interruptor","włącznik światła"
"Bricolaje","Majsterkowanie","el cable","kabel"
"Bricolaje","Majsterkowanie","la bombilla","żarówka"
"Bricolaje","Majsterkowanie","el grifo","kran"
"Bricolaje","Majsterkowanie","la tubería","rura / instalacja wodna"
"Bricolaje","Majsterkowanie","la fuga","wyciek"
"Bricolaje","Majsterkowanie","reparar","naprawiać"
"Bricolaje","Majsterkowanie","arreglar","naprawiać / porządkować"
"Bricolaje","Majsterkowanie","instalar","instalować"
"Bricolaje","Majsterkowanie","montar","składać / montować"
"Bricolaje","Majsterkowanie","desmontar","demontować"
"Bricolaje","Majsterkowanie","el taller","warsztat"
"Bricolaje","Majsterkowanie","el banco de trabajo","warsztatowy stół roboczy"
"Bricolaje","Majsterkowanie","el casco","kask ochronny"
"Bricolaje","Majsterkowanie","las gafas de protección","okulary ochronne"
"Bricolaje","Majsterkowanie","los guantes","rękawice ochronne"
"Bricolaje","Majsterkowanie","el desván","poddasze"
"Bricolaje","Majsterkowanie","el garaje","garaż"
"Bricolaje","Majsterkowanie","la reforma","remont"
"Bricolaje","Majsterkowanie","reformar","remontować"
"Bricolaje","Majsterkowanie","el manitas","złota rączka / majsterkowicz"
"Jardinería","Ogrodnictwo","la jardinería","ogrodnictwo"
"Jardinería","Ogrodnictwo","el jardín","ogród"
"Jardinería","Ogrodnictwo","el jardinero","ogrodnik"
"Jardinería","Ogrodnictwo","la planta","roślina"
"Jardinería","Ogrodnictwo","la flor","kwiat"
"Jardinería","Ogrodnictwo","el árbol","drzewo"
"Jardinería","Ogrodnictwo","el arbusto","krzew"
"Jardinería","Ogrodnictwo","el césped","trawnik"
"Jardinería","Ogrodnictwo","cortar el césped","kosić trawnik"
"Jardinería","Ogrodnictwo","el cortacésped","kosiarka"
"Jardinería","Ogrodnictwo","la tierra","ziemia / gleba"
"Jardinería","Ogrodnictwo","el abono","nawóz"
"Jardinería","Ogrodnictwo","abonar","nawozić"
"Jardinería","Ogrodnictwo","regar","podlewać"
"Jardinería","Ogrodnictwo","la regadera","konewka"
"Jardinería","Ogrodnictwo","la manguera","wąż ogrodowy"
"Jardinería","Ogrodnictwo","la maceta","doniczka"
"Jardinería","Ogrodnictwo","el tiesto","doniczka / donica"
"Jardinería","Ogrodnictwo","la semilla","nasiono"
"Jardinería","Ogrodnictwo","sembrar","siać"
"Jardinería","Ogrodnictwo","plantar","sadzić"
"Jardinería","Ogrodnictwo","el bulbo","cebulka kwiatowa"
"Jardinería","Ogrodnictwo","la azada","motyka"
"Jardinería","Ogrodnictwo","la pala","łopata"
"Jardinería","Ogrodnictwo","el rastrillo","grabie"
"Jardinería","Ogrodnictwo","la carretilla","taczka"
"Jardinería","Ogrodnictwo","las tijeras de podar","sekator"
"Jardinería","Ogrodnictwo","podar","przycinać / podcinać"
"Jardinería","Ogrodnictwo","las malas hierbas","chwisty"
"Jardinería","Ogrodnictwo","quitar las malas hierbas","pielić"
"Jardinería","Ogrodnictwo","la plaga","szkodnik / plaga"
"Jardinería","Ogrodnictwo","el insecticida","insektycyd / środek owadobójczy"
"Jardinería","Ogrodnictwo","el invernadero","szklarnia"
"Jardinería","Ogrodnictwo","la pérgola","pergola"
"Jardinería","Ogrodnictwo","el est】.co","oczko wodne"
"Jardinería","Ogrodnictwo","la fuente","fontanna"
"Jardinería","Ogrodnictwo","florecer","kwitnąć"
"Jardinería","Ogrodnictwo","la floración","kwitnienie"
"Jardinería","Ogrodnictwo","marchitarse","więdnąć"
"Jardinería","Ogrodnictwo","las hojas","liście"
"Jardinería","Ogrodnictwo","la raíz","korzeń"
"Jardinería","Ogrodnictwo","el tallo","łodyga"
"Jardinería","Ogrodnictwo","el abono orgánico","kompost / nawóz organiczny"
"Jardinería","Ogrodnictwo","el mantillo","ściółka"
"Jardinería","Ogrodnictwo","el paisajismo","architektura krajobrazu"
"Jardinería","Ogrodnictwo","el diseño de jardines","projektowanie ogrodów"
"Jardinería","Ogrodnictwo","la terraza","taras"
"Jardinería","Ogrodnictwo","el balcón","balkon"
"Jardinería","Ogrodnictwo","exótico","egzotyczny"
"Jardinería","Ogrodnictwo","perenne","wiecznie zielony / wieloletni"
